NVTX Range,Style,PID,TID,NVTX Inst,Kern Inst,Total Time (ns),Avg (ns),Med (ns),Min (ns),Max (ns),StdDev (ns),Kernel Name
None,None,78959,78959,0,20,9227713,461385.7,380736.5,378928,1281195,230927.1,"void gemv2T_kernel_val<int, int, __half, __half, __half, float, (int)128, (int)16, (int)2, (int)4, (bool)0, (bool)1, cublasGemvParams<cublasGemvTensorStridedBatched<const __half>, cublasGemvTensorStridedBatched<const __half>, cublasGemvTensorStridedBatched<__half>, float>>(T13, T6, T6)"
None,None,78959,78959,0,290,6422349,22146.0,5520.0,2400,152249,37927.7,"void at::native::unrolled_elementwise_kernel<at::native::direct_copy_kernel_cuda(at::TensorIteratorBase &)::[lambda() (instance 3)]::operator ()() const::[lambda() (instance 7)]::operator ()() const::[lambda(float) (instance 1)], std::array<char *, (unsigned long)2>, (int)4, TrivialOffsetCalculator<(int)1, unsigned int>, TrivialOffsetCalculator<(int)1, unsigned int>, at::native::memory::LoadWithCast<(int)1>, at::native::memory::StoreWithCast<(int)1>>(int, T1, T2, T4, T5, T6, T7)"
None,None,78959,78959,0,80,5686321,71079.0,68221.0,65085,82781,6097.7,"void at::native::mbtopk::radixFindKthValues<float, unsigned int, unsigned int, (int)2>(at::cuda::detail::TensorInfo<const T1, T2>, unsigned int, unsigned int *, unsigned int, T2, int, int, unsigned int, T3, T3 *, short *)"
None,None,78959,78959,0,20,4440488,222024.4,216551.0,212599,334194,26462.1,"void at::native::mbtopk::gatherTopK<float, unsigned int, (int)2>(at::cuda::detail::TensorInfo<const T1, T2>, T2, T2, bool, unsigned int, T2, at::cuda::detail::TensorInfo<T1, T2>, T2, at::cuda::detail::TensorInfo<long, T2>, T2, unsigned int, unsigned int, T1 *, unsigned int *, unsigned int *, unsigned int)"
None,None,78959,78959,0,30,2740240,91341.3,84668.5,2368,975544,173584.4,"void at::native::vectorized_elementwise_kernel<(int)4, at::native::BUnaryFunctor<float, float, float, at::native::binary_internal::MulFunctor<float>>, std::array<char *, (unsigned long)2>>(int, T2, T3)"
None,None,78959,78959,0,26,1983439,76286.1,10176.0,3264,1551776,301797.8,"void at::native::<unnamed>::distribution_elementwise_grid_stride_kernel<float, (int)4, void at::native::templates::cuda::normal_and_transform<c10::Half, float, at::CUDAGeneratorImpl *, void at::native::templates::cuda::normal_kernel<at::CUDAGeneratorImpl *>(const at::TensorBase &, double, double, T1)::[lambda() (instance 1)]::operator ()() const::[lambda() (instance 3)]::operator ()() const::[lambda(float) (instance 1)]>(at::TensorIteratorBase &, T3, T4)::[lambda(curandStatePhilox4_32_10 *) (instance 2)], void at::native::<unnamed>::distribution_nullary_kernel<c10::Half, float, float4, at::CUDAGeneratorImpl *, void at::native::templates::cuda::normal_and_transform<c10::Half, float, at::CUDAGeneratorImpl *, void at::native::templates::cuda::normal_kernel<at::CUDAGeneratorImpl *>(const at::TensorBase &, double, double, T1)::[lambda() (instance 1)]::operator ()() const::[lambda() (instance 3)]::operator ()() const::[lambda(float) (instance 1)]>(at::TensorIteratorBase &, T3, T4)::[lambda(curandStatePhilox4_32_10 *) (instance 2)], void at::native::templates::cuda::normal_kernel<at::CUDAGeneratorImpl *>(const at::TensorBase &, double, double, T1)::[lambda() (instance 1)]::operator ()() const::[lambda() (instance 3)]::operator ()() const::[lambda(float) (instance 1)]>(at::TensorIteratorBase &, T4, const T5 &, T6)::[lambda(int, float) (instance 1)]>(long, at::PhiloxCudaState, T3, T4)"
None,None,78959,78959,0,170,1436869,8452.2,8128.0,2944,14400,4227.3,"void at::native::elementwise_kernel<(int)128, (int)2, void at::native::gpu_kernel_impl_nocast<at::native::BinaryFunctor<float, float, float, at::native::binary_internal::MulFunctor<float>>>(at::TensorIteratorBase &, const T1 &)::[lambda(int) (instance 1)]>(int, T3)"
None,None,78959,78959,0,10,1221965,122196.5,122203.0,121755,122459,209.5,"void <unnamed>::rope_qk_norm_kernel<c10::Half>(const T1 *, const T1 *, const T1 *, const T1 *, const T1 *, const T1 *, T1 *, T1 *, long, long, long, long, float)"
None,None,78959,78959,0,80,762752,9534.4,9487.5,9183,10079,222.4,"void at::native::mbtopk::computeBlockwiseWithinKCounts<unsigned int, float>(T1 *, short *, unsigned int *, unsigned int, int, bool, unsigned int *, T2 *, unsigned int *, T1 *, unsigned int)"
None,None,78959,78959,0,20,679203,33960.2,33918.5,33599,34526,222.6,"void at::native::elementwise_kernel<(int)128, (int)2, void at::native::gpu_kernel_impl_nocast<at::native::CUDAFunctor_add<float>>(at::TensorIteratorBase &, const T1 &)::[lambda(int) (instance 1)]>(int, T3)"
None,None,78959,78959,0,112,626506,5593.8,3952.0,1856,23263,5813.7,"void at::native::vectorized_elementwise_kernel<(int)4, at::native::float16_copy_kernel_cuda(at::TensorIteratorBase &)::[lambda(float) (instance 1)], std::array<char *, (unsigned long)2>>(int, T2, T3)"
None,None,78959,78959,0,50,530184,10603.7,11951.5,4864,15679,3809.5,"void at::native::reduce_kernel<(int)512, (int)1, at::native::ReduceOp<float, at::native::MeanOps<float, float, float, float>, unsigned int, float, (int)4, (int)4>>(T3)"
None,None,78959,78959,0,20,513034,25651.7,25887.0,3231,48254,22881.5,"void <unnamed>::bias_swiglu_kernel<c10::Half>(const T1 *, const T1 *, const T1 *, const T1 *, T1 *, long, long)"
None,None,78959,78959,0,30,502474,16749.1,2576.0,2304,46046,20444.4,"void at::native::vectorized_elementwise_kernel<(int)4, at::native::BinaryFunctor<float, float, float, at::native::binary_internal::MulFunctor<float>>, std::array<char *, (unsigned long)3>>(int, T2, T3)"
None,None,78959,78959,0,100,408210,4082.1,3392.0,2239,13823,3072.3,"void at::native::vectorized_elementwise_kernel<(int)4, at::native::CUDAFunctor_add<float>, std::array<char *, (unsigned long)3>>(int, T2, T3)"
None,None,78959,78959,0,20,406962,20348.1,20624.0,19039,20735,506.6,"void at::native::radixSortKVInPlace<(int)2, (int)-1, (int)32, (int)4, float, long, unsigned int>(at::cuda::detail::TensorInfo<T5, T7>, T7, T7, T7, at::cuda::detail::TensorInfo<T6, T7>, T7, bool)"
None,None,78959,78959,0,20,336145,16807.3,18303.0,10783,22079,5071.2,"void <unnamed>::residual_rms_norm_kernel<c10::Half>(const T1 *, const T1 *, const T1 *, T1 *, T1 *, long, float)"
None,None,78959,78959,0,20,333585,16679.3,16895.5,3263,31134,13625.3,"void at::native::vectorized_elementwise_kernel<(int)4, at::native::<unnamed>::silu_kernel(at::TensorIteratorBase &)::[lambda() (instance 1)]::operator ()() const::[lambda() (instance 2)]::operator ()() const::[lambda(float) (instance 1)], std::array<char *, (unsigned long)2>>(int, T2, T3)"
None,None,78959,78959,0,10,307600,30760.0,14799.0,13919,174360,50458.3,"void at::native::unrolled_elementwise_kernel<at::native::direct_copy_kernel_cuda(at::TensorIteratorBase &)::[lambda() (instance 3)]::operator ()() const::[lambda() (instance 2)]::operator ()() const::[lambda(signed char) (instance 1)], std::array<char *, (unsigned long)2>, (int)4, TrivialOffsetCalculator<(int)1, unsigned int>, TrivialOffsetCalculator<(int)1, unsigned int>, at::native::memory::LoadWithCast<(int)1>, at::native::memory::StoreWithCast<(int)1>>(int, T1, T2, T4, T5, T6, T7)"
None,None,78959,78959,0,20,294931,14746.6,14687.5,8480,21247,6217.1,"void at::native::<unnamed>::CatArrayBatchedCopy_aligned16_contig<at::native::<unnamed>::OpaqueType<(unsigned int)4>, unsigned int, (int)4, (int)128, (int)1>(T1 *, at::native::<unnamed>::CatArrInputTensorMetadata<T1, T2, T4, T5>, at::native::<unnamed>::TensorSizeStride<T2, (unsigned int)4>, int, T2)"
None,None,78959,78959,0,40,267224,6680.6,5231.5,4192,9632,2501.3,"void at_cuda_detail::cub::DeviceScanByKeyKernel<at_cuda_detail::cub::DeviceScanByKeyPolicy<at_cuda_detail::cub::TransformInputIterator<unsigned int, at::native::mbtopk::BlockIdxToKey, at_cuda_detail::cub::CountingInputIterator<unsigned int, unsigned int>, long>, unsigned int *, at_cuda_detail::cub::NullType>::Policy520, at_cuda_detail::cub::TransformInputIterator<unsigned int, at::native::mbtopk::BlockIdxToKey, at_cuda_detail::cub::CountingInputIterator<unsigned int, unsigned int>, long>, unsigned int *, unsigned int *, at_cuda_detail::cub::ReduceByKeyScanTileState<unsigned int, int, (bool)1>, at_cuda_detail::cub::Equality, at_cuda_detail::cub::Sum, at_cuda_detail::cub::NullType, int>(T2, T3, T4, T5, int, T6, T7, T8, T9)"
None,None,78959,78959,0,30,263703,8790.1,5200.0,5120,20320,5247.7,"void at::native::elementwise_kernel<(int)128, (int)2, void at::native::gpu_kernel_impl_nocast<at::native::BinaryFunctor<float, float, float, at::native::binary_internal::DivFunctor<float>>>(at::TensorIteratorBase &, const T1 &)::[lambda(int) (instance 1)]>(int, T3)"
None,None,78959,78959,0,10,229239,22923.9,22719.0,22367,24063,505.7,"void <unnamed>::rms_norm_quantize_kernel<c10::Half>(const T1 *, const T1 *, signed char *, float *, long, float)"
None,None,78959,78959,0,50,224915,4498.3,5391.5,2272,6528,1478.0,"void at::native::vectorized_elementwise_kernel<(int)4, void at::native::<unnamed>::pow_tensor_scalar_kernel_impl<float, float>(at::TensorIteratorBase &, T2)::[lambda(float) (instance 1)], std::array<char *, (unsigned long)2>>(int, T2, T3)"
None,None,78959,78959,0,40,196185,4904.6,5024.0,4160,5727,672.6,"void at::native::elementwise_kernel<(int)128, (int)4, void at::native::gpu_kernel_impl_nocast<at::native::<unnamed>::CompareFunctor<float>>(at::TensorIteratorBase &, const T1 &)::[lambda(int) (instance 1)]>(int, T3)"
None,None,78959,78959,0,40,187133,4678.3,4976.0,4128,5472,511.3,"void at::native::tensor_kernel_scan_innermost_dim<float, std::plus<float>>(T1 *, const T1 *, unsigned int, unsigned int, unsigned int, T1, T2)"
None,None,78959,78959,0,40,180506,4512.7,3919.5,3360,6784,1103.1,"void at::native::vectorized_elementwise_kernel<(int)4, at::native::<unnamed>::launch_clamp_scalar(at::TensorIteratorBase &, c10::Scalar, c10::Scalar, at::native::detail::ClampLimits)::[lambda() (instance 1)]::operator ()() const::[lambda() (instance 7)]::operator ()() const::[lambda(float) (instance 1)], std::array<char *, (unsigned long)2>>(int, T2, T3)"
None,None,78959,78959,0,50,174141,3482.8,3552.0,2527,4448,650.3,"void at::native::vectorized_elementwise_kernel<(int)4, at::native::rsqrt_kernel_cuda(at::TensorIteratorBase &)::[lambda() (instance 2)]::operator ()() const::[lambda() (instance 2)]::operator ()() const::[lambda(float) (instance 1)], std::array<char *, (unsigned long)2>>(int, T2, T3)"
None,None,78959,78959,0,20,166938,8346.9,8096.0,7935,11871,889.1,"void at::native::index_elementwise_kernel<(int)128, (int)4, void at::native::gpu_index_kernel<void at::native::index_kernel_impl<at::native::OpaqueType<(int)2>>(at::TensorIteratorBase &, c10::ArrayRef<long>, c10::ArrayRef<long>)::[lambda(char *, const char *, long) (instance 1)]>(at::TensorIteratorBase &, c10::ArrayRef<long>, c10::ArrayRef<long>, const T1 &)::[lambda(int) (instance 1)]>(long, T3)"
None,None,78959,78959,0,20,158811,7940.6,8032.0,6016,8160,457.1,"void at::native::reduce_kernel<(int)512, (int)1, at::native::ReduceOp<long, at::native::func_wrapper_t<long, at::native::sum_functor<long, long, long>::operator ()(at::TensorIterator &)::[lambda(long, long) (instance 1)]>, unsigned int, long, (int)4, (int)4>>(T3)"
None,None,78959,78959,0,20,157268,7863.4,7967.0,6047,8352,451.1,"void at::native::reduce_kernel<(int)512, (int)1, at::native::ReduceOp<float, at::native::func_wrapper_t<float, at::native::sum_functor<float, float, float>::operator ()(at::TensorIterator &)::[lambda(float, float) (instance 1)]>, unsigned int, float, (int)4, (int)4>>(T3)"
None,None,78959,78959,0,20,154967,7748.4,7807.5,5984,8064,436.0,"void at::native::unrolled_elementwise_kernel<at::native::direct_copy_kernel_cuda(at::TensorIteratorBase &)::[lambda() (instance 3)]::operator ()() const::[lambda() (instance 4)]::operator ()() const::[lambda(long) (instance 1)], std::array<char *, (unsigned long)2>, (int)4, TrivialOffsetCalculator<(int)1, unsigned int>, TrivialOffsetCalculator<(int)1, unsigned int>, at::native::memory::LoadWithCast<(int)1>, at::native::memory::StoreWithCast<(int)1>>(int, T1, T2, T4, T5, T6, T7)"
None,None,78959,78959,0,10,138235,13823.5,13903.5,12735,14239,415.7,"void at::native::reduce_kernel<(int)512, (int)1, at::native::ReduceOp<float, at::native::func_wrapper_t<float, at::native::MaxNanFunctor<float>>, unsigned int, float, (int)4, (int)4>>(T3)"
None,None,78959,78959,0,20,132889,6644.5,6559.5,6367,8448,443.2,"void at::native::index_elementwise_kernel<(int)128, (int)4, void at::native::index_copy_kernel_impl<at::native::OpaqueType<(int)2>>(at::TensorIterator &, long, long, long)::[lambda(int) (instance 1)]>(long, T3)"
None,None,78959,78959,0,50,132124,2642.5,2607.5,2144,3104,270.3,"void at::native::vectorized_elementwise_kernel<(int)4, at::native::CUDAFunctorOnSelf_add<float>, std::array<char *, (unsigned long)2>>(int, T2, T3)"
None,None,78959,78959,0,30,93051,3101.7,3072.0,2720,4416,411.9,"void at_cuda_detail::cub::DeviceSelectSweepKernel<at_cuda_detail::cub::DispatchSelectIf<at_cuda_detail::cub::CountingInputIterator<long, long>, at_cuda_detail::cub::TransformInputIterator<bool, at::native::<unnamed>::NonZeroOp<bool>, const bool *, long>, long *, int *, at_cuda_detail::cub::NullType, at_cuda_detail::cub::NullType, int, (bool)0>::PtxSelectIfPolicyT, at_cuda_detail::cub::CountingInputIterator<long, long>, at_cuda_detail::cub::TransformInputIterator<bool, at::native::<unnamed>::NonZeroOp<bool>, const bool *, long>, long *, int *, at_cuda_detail::cub::ScanTileState<int, (bool)1>, at_cuda_detail::cub::NullType, at_cuda_detail::cub::NullType, int, (bool)0>(T2, T3, T4, T5, T6, T7, T8, T9, int)"
None,None,78959,78959,0,20,91482,4574.1,4607.5,3840,4704,176.0,"void <unnamed>::softmax_warp_forward<float, float, float, (int)6, (bool)0, (bool)0>(T2 *, const T1 *, int, int, int, const bool *, int, bool)"
None,None,78959,78959,0,20,91387,4569.4,4608.0,3456,4832,271.0,"void at::native::_scatter_gather_elementwise_kernel<(int)128, (int)8, void at::native::_cuda_scatter_gather_internal_kernel<(bool)0, at::native::OpaqueType<(int)8>>::operator ()<at::native::TensorAssign>(at::TensorIterator &, long, long, long, const T1 &)::[lambda(int) (instance 1)]>(int, T3)"
None,None,78959,78959,0,30,89245,2974.8,2880.0,2527,4640,503.6,"void at_cuda_detail::cub::DeviceReduceSingleTileKernel<at_cuda_detail::cub::DeviceReducePolicy<bool, int, int, at_cuda_detail::cub::Sum>::Policy600, at_cuda_detail::cub::TransformInputIterator<bool, at::native::<unnamed>::NonZeroOp<bool>, const bool *, long>, int *, int, at_cuda_detail::cub::Sum, int>(T2, T3, T4, T5, T6)"
None,None,78959,78959,0,40,82266,2056.7,2032.0,1920,2496,129.4,"void at_cuda_detail::cub::DeviceScanInitKernel<at_cuda_detail::cub::ReduceByKeyScanTileState<unsigned int, int, (bool)1>>(T1, int)"
None,None,78959,78959,0,20,78301,3915.1,3872.0,3807,4320,134.0,"void at::native::vectorized_elementwise_kernel<(int)4, at::native::<unnamed>::where_kernel_impl(at::TensorIterator &)::[lambda() (instance 1)]::operator ()() const::[lambda() (instance 11)]::operator ()() const::[lambda(bool, float, float) (instance 1)], std::array<char *, (unsigned long)4>>(int, T2, T3)"
None,None,78959,78959,0,20,76800,3840.0,3776.0,3744,4448,162.5,"void at::native::vectorized_elementwise_kernel<(int)4, at::native::<unnamed>::masked_fill_kernel(at::TensorIterator &, const c10::Scalar &)::[lambda() (instance 1)]::operator ()() const::[lambda() (instance 7)]::operator ()() const::[lambda(float, bool) (instance 1)], std::array<char *, (unsigned long)3>>(int, T2, T3)"
None,None,78959,78959,0,20,74623,3731.2,3792.0,3072,3904,176.3,"void at::native::vectorized_elementwise_kernel<(int)4, void at::native::compare_scalar_kernel<float>(at::TensorIteratorBase &, at::native::<unnamed>::OpType, T1)::[lambda(float) (instance 1)], std::array<char *, (unsigned long)2>>(int, T2, T3)"
None,None,78959,78959,0,10,73659,7365.9,7231.5,7168,8255,346.5,"void <unnamed>::kv_cache_append_kernel<c10::Half>(T1 *, T1 *, const long *, const T1 *, const T1 *, long, long, long)"
None,None,78959,78959,0,20,69375,3468.8,3488.0,2848,3552,149.5,"void at::native::vectorized_elementwise_kernel<(int)2, at::native::<unnamed>::launch_clamp_scalar(at::TensorIteratorBase &, c10::Scalar, c10::Scalar, at::native::detail::ClampLimits)::[lambda() (instance 1)]::operator ()() const::[lambda() (instance 4)]::operator ()() const::[lambda(long) (instance 1)], std::array<char *, (unsigned long)2>>(int, T2, T3)"
None,None,78959,78959,0,20,62080,3104.0,2528.0,2336,13728,2503.1,"void at::native::mbtopk::fill<unsigned int, unsigned int>(T1 *, T1, T2)"
None,None,78959,78959,0,30,61792,2059.7,2016.0,1888,2528,164.8,"void at_cuda_detail::cub::DeviceCompactInitKernel<at_cuda_detail::cub::ScanTileState<int, (bool)1>, int *>(T1, int, T2)"
None,None,78959,78959,0,10,60125,6012.5,6111.5,5408,6400,335.8,"void at::native::vectorized_elementwise_kernel<(int)4, at::native::round_kernel_cuda(at::TensorIteratorBase &)::[lambda() (instance 1)]::operator ()() const::[lambda() (instance 2)]::operator ()() const::[lambda(float) (instance 1)], std::array<char *, (unsigned long)2>>(int, T2, T3)"
None,None,78959,78959,0,20,60092,3004.6,2976.0,2944,3104,51.7,"void at::native::mbtopk::computeBlockwiseKthCounts<unsigned int>(T1 *, short *, unsigned int, unsigned int, unsigned int *)"
None,None,78959,78959,0,20,59549,2977.5,2944.0,2816,3168,80.8,"void at::native::elementwise_kernel<(int)128, (int)2, void at::native::gpu_kernel_impl_nocast<at::native::AUnaryFunctor<float, float, float, at::native::binary_internal::MulFunctor<float>>>(at::TensorIteratorBase &, const T1 &)::[lambda(int) (instance 1)]>(int, T3)"
None,None,78959,78959,0,10,56060,5606.0,5600.0,5280,6016,262.5,"void at::native::vectorized_elementwise_kernel<(int)4, at::native::AbsFunctor<float>, std::array<char *, (unsigned long)2>>(int, T2, T3)"
None,None,78959,78959,0,20,52607,2630.4,2608.0,2560,2784,58.3,"void at::native::vectorized_elementwise_kernel<(int)4, at::native::FillFunctor<float>, std::array<char *, (unsigned long)1>>(int, T2, T3)"
None,None,78959,78959,0,20,52126,2606.3,2671.5,2271,3584,344.9,"void at::native::vectorized_elementwise_kernel<(int)4, void at::native::compare_scalar_kernel<long>(at::TensorIteratorBase &, at::native::<unnamed>::OpType, T1)::[lambda(long) (instance 1)], std::array<char *, (unsigned long)2>>(int, T2, T3)"
None,None,78959,78959,0,10,37982,3798.2,3663.5,3648,4352,292.2,"void at::native::index_elementwise_kernel<(int)128, (int)4, void at::native::gpu_index_kernel<void at::native::index_kernel_impl<at::native::OpaqueType<(int)8>>(at::TensorIteratorBase &, c10::ArrayRef<long>, c10::ArrayRef<long>)::[lambda(char *, const char *, long) (instance 1)]>(at::TensorIteratorBase &, c10::ArrayRef<long>, c10::ArrayRef<long>, const T1 &)::[lambda(int) (instance 1)]>(long, T3)"
None,None,78959,78959,0,10,26557,2655.7,2543.5,2527,3168,245.9,"void at::native::vectorized_elementwise_kernel<(int)4, at::native::BinaryFunctor<bool, bool, bool, at::native::BitwiseAndFunctor<bool>>, std::array<char *, (unsigned long)3>>(int, T2, T3)"
None,None,78959,78959,0,1,6112,6112.0,6112.0,6112,6112,0.0,"void at::native::<unnamed>::distribution_elementwise_grid_stride_kernel<float, (int)4, void at::native::templates::cuda::normal_and_transform<float, float, at::CUDAGeneratorImpl *, void at::native::templates::cuda::normal_kernel<at::CUDAGeneratorImpl *>(const at::TensorBase &, double, double, T1)::[lambda() (instance 1)]::operator ()() const::[lambda() (instance 2)]::operator ()() const::[lambda(float) (instance 1)]>(at::TensorIteratorBase &, T3, T4)::[lambda(curandStatePhilox4_32_10 *) (instance 2)], void at::native::<unnamed>::distribution_nullary_kernel<float, float, float4, at::CUDAGeneratorImpl *, void at::native::templates::cuda::normal_and_transform<float, float, at::CUDAGeneratorImpl *, void at::native::templates::cuda::normal_kernel<at::CUDAGeneratorImpl *>(const at::TensorBase &, double, double, T1)::[lambda() (instance 1)]::operator ()() const::[lambda() (instance 2)]::operator ()() const::[lambda(float) (instance 1)]>(at::TensorIteratorBase &, T3, T4)::[lambda(curandStatePhilox4_32_10 *) (instance 2)], void at::native::templates::cuda::normal_kernel<at::CUDAGeneratorImpl *>(const at::TensorBase &, double, double, T1)::[lambda() (instance 1)]::operator ()() const::[lambda() (instance 2)]::operator ()() const::[lambda(float) (instance 1)]>(at::TensorIteratorBase &, T4, const T5 &, T6)::[lambda(int, float) (instance 1)]>(long, at::PhiloxCudaState, T3, T4)"
None,None,78959,78959,0,1,5600,5600.0,5600.0,5600,5600,0.0,"void at::native::<unnamed>::distribution_elementwise_grid_stride_kernel<float, (int)4, void at::native::templates::cuda::uniform_and_transform<float, float, at::CUDAGeneratorImpl *, void at::native::templates::cuda::uniform_kernel<at::CUDAGeneratorImpl *>(at::TensorIteratorBase &, double, double, T1)::[lambda() (instance 1)]::operator ()() const::[lambda() (instance 2)]::operator ()() const::[lambda(float) (instance 1)]>(at::TensorIteratorBase &, T3, T4)::[lambda(curandStatePhilox4_32_10 *) (instance 2)], void at::native::<unnamed>::distribution_nullary_kernel<float, float, float4, at::CUDAGeneratorImpl *, void at::native::templates::cuda::uniform_and_transform<float, float, at::CUDAGeneratorImpl *, void at::native::templates::cuda::uniform_kernel<at::CUDAGeneratorImpl *>(at::TensorIteratorBase &, double, double, T1)::[lambda() (instance 1)]::operator ()() const::[lambda() (instance 2)]::operator ()() const::[lambda(float) (instance 1)]>(at::TensorIteratorBase &, T3, T4)::[lambda(curandStatePhilox4_32_10 *) (instance 2)], void at::native::templates::cuda::uniform_kernel<at::CUDAGeneratorImpl *>(at::TensorIteratorBase &, double, double, T1)::[lambda() (instance 1)]::operator ()() const::[lambda() (instance 2)]::operator ()() const::[lambda(float) (instance 1)]>(at::TensorIteratorBase &, T4, const T5 &, T6)::[lambda(int, float) (instance 1)]>(long, at::PhiloxCudaState, T3, T4)"
None,None,78959,78959,0,1,4320,4320.0,4320.0,4320,4320,0.0,"void at::native::vectorized_elementwise_kernel<(int)4, at::native::sin_kernel_cuda(at::TensorIteratorBase &)::[lambda() (instance 2)]::operator ()() const::[lambda() (instance 2)]::operator ()() const::[lambda(float) (instance 1)], std::array<char *, (unsigned long)2>>(int, T2, T3)"
None,None,78959,78959,0,1,4096,4096.0,4096.0,4096,4096,0.0,"void at::native::vectorized_elementwise_kernel<(int)4, at::native::cos_kernel_cuda(at::TensorIteratorBase &)::[lambda() (instance 2)]::operator ()() const::[lambda() (instance 2)]::operator ()() const::[lambda(float) (instance 1)], std::array<char *, (unsigned long)2>>(int, T2, T3)"
None,None,78959,78959,0,1,2177,2177.0,2177.0,2177,2177,0.0,"void <unnamed>::elementwise_kernel_with_index<int, at::native::arange_cuda_out(const c10::Scalar &, const c10::Scalar &, const c10::Scalar &, at::Tensor &)::[lambda() (instance 1)]::operator ()() const::[lambda() (instance 4)]::operator ()() const::[lambda(long) (instance 1)]>(T1, T2, function_traits<T2>::result_type *)"
custom::kv_append_decode_b32,PushPop,78959,78959,1,12,87101,7258.4,7184.0,7103,8256,316.6,"void <unnamed>::kv_cache_append_kernel<c10::Half>(T1 *, T1 *, const long *, const T1 *, const T1 *, long, long, long)"
custom::residual_rms_decode_b1,PushPop,78959,78959,1,12,137465,11455.4,10687.5,10560,15584,1841.6,"void <unnamed>::residual_rms_norm_kernel<c10::Half>(const T1 *, const T1 *, const T1 *, T1 *, T1 *, long, float)"
custom::residual_rms_decode_b32,PushPop,78959,78959,1,12,216086,18007.2,17951.0,17344,19583,562.5,"void <unnamed>::residual_rms_norm_kernel<c10::Half>(const T1 *, const T1 *, const T1 *, T1 *, T1 *, long, float)"
custom::rms_quant_decode_b32,PushPop,78959,78959,1,12,226999,18916.6,18479.0,18015,24288,1698.7,"void <unnamed>::rms_norm_quantize_kernel<c10::Half>(const T1 *, const T1 *, signed char *, float *, long, float)"
custom::rope_gqa_decode_b32,PushPop,78959,78959,1,12,1444930,120410.8,120219.0,120091,122394,632.3,"void <unnamed>::rope_qk_norm_kernel<c10::Half>(const T1 *, const T1 *, const T1 *, const T1 *, const T1 *, const T1 *, T1 *, T1 *, long, long, long, long, float)"
custom::sampling_decode_b32,PushPop,78959,78959,1,48,3427278,71401.6,68685.5,65533,83773,6166.0,"void at::native::mbtopk::radixFindKthValues<float, unsigned int, unsigned int, (int)2>(at::cuda::detail::TensorInfo<const T1, T2>, unsigned int, unsigned int *, unsigned int, T2, int, int, unsigned int, T3, T3 *, short *)"
custom::sampling_decode_b32,PushPop,78959,78959,1,12,2592181,216015.1,216263.0,213303,218967,2097.3,"void at::native::mbtopk::gatherTopK<float, unsigned int, (int)2>(at::cuda::detail::TensorInfo<const T1, T2>, T2, T2, bool, unsigned int, T2, at::cuda::detail::TensorInfo<T1, T2>, T2, at::cuda::detail::TensorInfo<long, T2>, T2, unsigned int, unsigned int, T1 *, unsigned int *, unsigned int *, unsigned int)"
custom::sampling_decode_b32,PushPop,78959,78959,1,12,1812756,151063.0,150986.0,150361,151865,552.7,"void at::native::unrolled_elementwise_kernel<at::native::direct_copy_kernel_cuda(at::TensorIteratorBase &)::[lambda() (instance 3)]::operator ()() const::[lambda() (instance 7)]::operator ()() const::[lambda(float) (instance 1)], std::array<char *, (unsigned long)2>, (int)4, TrivialOffsetCalculator<(int)1, unsigned int>, TrivialOffsetCalculator<(int)1, unsigned int>, at::native::memory::LoadWithCast<(int)1>, at::native::memory::StoreWithCast<(int)1>>(int, T1, T2, T4, T5, T6, T7)"
custom::sampling_decode_b32,PushPop,78959,78959,1,12,1245485,103790.4,85356.0,84861,303380,62860.8,"void at::native::vectorized_elementwise_kernel<(int)4, at::native::BUnaryFunctor<float, float, float, at::native::binary_internal::MulFunctor<float>>, std::array<char *, (unsigned long)2>>(int, T2, T3)"
custom::sampling_decode_b32,PushPop,78959,78959,1,48,459598,9575.0,9472.0,9279,10592,296.8,"void at::native::mbtopk::computeBlockwiseWithinKCounts<unsigned int, float>(T1 *, short *, unsigned int *, unsigned int, int, bool, unsigned int *, T2 *, unsigned int *, T1 *, unsigned int)"
custom::sampling_decode_b32,PushPop,78959,78959,1,12,242871,20239.3,20575.0,19616,20735,513.9,"void at::native::radixSortKVInPlace<(int)2, (int)-1, (int)32, (int)4, float, long, unsigned int>(at::cuda::detail::TensorInfo<T5, T7>, T7, T7, T7, at::cuda::detail::TensorInfo<T6, T7>, T7, bool)"
custom::sampling_decode_b32,PushPop,78959,78959,1,24,161721,6738.4,6751.5,4224,9312,2523.2,"void at_cuda_detail::cub::DeviceScanByKeyKernel<at_cuda_detail::cub::DeviceScanByKeyPolicy<at_cuda_detail::cub::TransformInputIterator<unsigned int, at::native::mbtopk::BlockIdxToKey, at_cuda_detail::cub::CountingInputIterator<unsigned int, unsigned int>, long>, unsigned int *, at_cuda_detail::cub::NullType>::Policy520, at_cuda_detail::cub::TransformInputIterator<unsigned int, at::native::mbtopk::BlockIdxToKey, at_cuda_detail::cub::CountingInputIterator<unsigned int, unsigned int>, long>, unsigned int *, unsigned int *, at_cuda_detail::cub::ReduceByKeyScanTileState<unsigned int, int, (bool)1>, at_cuda_detail::cub::Equality, at_cuda_detail::cub::Sum, at_cuda_detail::cub::NullType, int>(T2, T3, T4, T5, int, T6, T7, T8, T9)"
custom::sampling_decode_b32,PushPop,78959,78959,1,24,116862,4869.3,4800.0,4160,5728,681.7,"void at::native::elementwise_kernel<(int)128, (int)4, void at::native::gpu_kernel_impl_nocast<at::native::<unnamed>::CompareFunctor<float>>(at::TensorIteratorBase &, const T1 &)::[lambda(int) (instance 1)]>(int, T3)"
custom::sampling_decode_b32,PushPop,78959,78959,1,24,111993,4666.4,4640.0,4064,5344,537.1,"void at::native::tensor_kernel_scan_innermost_dim<float, std::plus<float>>(T1 *, const T1 *, unsigned int, unsigned int, unsigned int, T1, T2)"
custom::sampling_decode_b32,PushPop,78959,78959,1,12,96797,8066.4,8063.5,7935,8287,111.1,"void at::native::reduce_kernel<(int)512, (int)1, at::native::ReduceOp<long, at::native::func_wrapper_t<long, at::native::sum_functor<long, long, long>::operator ()(at::TensorIterator &)::[lambda(long, long) (instance 1)]>, unsigned int, long, (int)4, (int)4>>(T3)"
custom::sampling_decode_b32,PushPop,78959,78959,1,12,96059,8004.9,7951.5,7808,8256,133.0,"void at::native::reduce_kernel<(int)512, (int)1, at::native::ReduceOp<float, at::native::func_wrapper_t<float, at::native::sum_functor<float, float, float>::operator ()(at::TensorIterator &)::[lambda(float, float) (instance 1)]>, unsigned int, float, (int)4, (int)4>>(T3)"
custom::sampling_decode_b32,PushPop,78959,78959,1,12,93402,7783.5,7791.0,7520,8032,158.7,"void at::native::unrolled_elementwise_kernel<at::native::direct_copy_kernel_cuda(at::TensorIteratorBase &)::[lambda() (instance 3)]::operator ()() const::[lambda() (instance 4)]::operator ()() const::[lambda(long) (instance 1)], std::array<char *, (unsigned long)2>, (int)4, TrivialOffsetCalculator<(int)1, unsigned int>, TrivialOffsetCalculator<(int)1, unsigned int>, at::native::memory::LoadWithCast<(int)1>, at::native::memory::StoreWithCast<(int)1>>(int, T1, T2, T4, T5, T6, T7)"
custom::sampling_decode_b32,PushPop,78959,78959,1,12,62046,5170.5,5152.0,5119,5248,53.6,"void at::native::elementwise_kernel<(int)128, (int)2, void at::native::gpu_kernel_impl_nocast<at::native::BinaryFunctor<float, float, float, at::native::binary_internal::DivFunctor<float>>>(at::TensorIteratorBase &, const T1 &)::[lambda(int) (instance 1)]>(int, T3)"
custom::sampling_decode_b32,PushPop,78959,78959,1,12,55709,4642.4,4624.0,4575,4832,73.0,"void at::native::_scatter_gather_elementwise_kernel<(int)128, (int)8, void at::native::_cuda_scatter_gather_internal_kernel<(bool)0, at::native::OpaqueType<(int)8>>::operator ()<at::native::TensorAssign>(at::TensorIterator &, long, long, long, const T1 &)::[lambda(int) (instance 1)]>(int, T3)"
custom::sampling_decode_b32,PushPop,78959,78959,1,12,55644,4637.0,4623.5,4575,4736,64.7,"void <unnamed>::softmax_warp_forward<float, float, float, (int)6, (bool)0, (bool)0>(T2 *, const T1 *, int, int, int, const bool *, int, bool)"
custom::sampling_decode_b32,PushPop,78959,78959,1,24,49117,2046.5,2032.0,1920,2208,114.9,"void at_cuda_detail::cub::DeviceScanInitKernel<at_cuda_detail::cub::ReduceByKeyScanTileState<unsigned int, int, (bool)1>>(T1, int)"
custom::sampling_decode_b32,PushPop,78959,78959,1,12,47102,3925.2,3903.5,3840,4128,80.0,"void at::native::vectorized_elementwise_kernel<(int)4, at::native::<unnamed>::launch_clamp_scalar(at::TensorIteratorBase &, c10::Scalar, c10::Scalar, at::native::detail::ClampLimits)::[lambda() (instance 1)]::operator ()() const::[lambda() (instance 7)]::operator ()() const::[lambda(float) (instance 1)], std::array<char *, (unsigned long)2>>(int, T2, T3)"
custom::sampling_decode_b32,PushPop,78959,78959,1,12,46525,3877.1,3856.0,3839,3968,47.2,"void at::native::vectorized_elementwise_kernel<(int)4, at::native::<unnamed>::where_kernel_impl(at::TensorIterator &)::[lambda() (instance 1)]::operator ()() const::[lambda() (instance 11)]::operator ()() const::[lambda(bool, float, float) (instance 1)], std::array<char *, (unsigned long)4>>(int, T2, T3)"
custom::sampling_decode_b32,PushPop,78959,78959,1,12,45502,3791.8,3776.0,3743,3904,57.2,"void at::native::vectorized_elementwise_kernel<(int)4, at::native::<unnamed>::masked_fill_kernel(at::TensorIterator &, const c10::Scalar &)::[lambda() (instance 1)]::operator ()() const::[lambda() (instance 7)]::operator ()() const::[lambda(float, bool) (instance 1)], std::array<char *, (unsigned long)3>>(int, T2, T3)"
custom::sampling_decode_b32,PushPop,78959,78959,1,12,44575,3714.6,3728.0,3584,3872,109.4,"void at::native::vectorized_elementwise_kernel<(int)4, void at::native::compare_scalar_kernel<float>(at::TensorIteratorBase &, at::native::<unnamed>::OpType, T1)::[lambda(float) (instance 1)], std::array<char *, (unsigned long)2>>(int, T2, T3)"
custom::sampling_decode_b32,PushPop,78959,78959,1,12,42079,3506.6,3488.0,3455,3648,60.3,"void at::native::vectorized_elementwise_kernel<(int)2, at::native::<unnamed>::launch_clamp_scalar(at::TensorIteratorBase &, c10::Scalar, c10::Scalar, at::native::detail::ClampLimits)::[lambda() (instance 1)]::operator ()() const::[lambda() (instance 4)]::operator ()() const::[lambda(long) (instance 1)], std::array<char *, (unsigned long)2>>(int, T2, T3)"
custom::sampling_decode_b32,PushPop,78959,78959,1,12,41278,3439.8,3424.5,3391,3487,28.7,"void at::native::vectorized_elementwise_kernel<(int)4, at::native::CUDAFunctor_add<float>, std::array<char *, (unsigned long)3>>(int, T2, T3)"
custom::sampling_decode_b32,PushPop,78959,78959,1,12,40127,3343.9,2496.0,2495,12480,2877.3,"void at::native::mbtopk::fill<unsigned int, unsigned int>(T1 *, T1, T2)"
custom::sampling_decode_b32,PushPop,78959,78959,1,12,35967,2997.3,2976.0,2944,3072,41.7,"void at::native::mbtopk::computeBlockwiseKthCounts<unsigned int>(T1 *, short *, unsigned int, unsigned int, unsigned int *)"
custom::sampling_decode_b32,PushPop,78959,78959,1,12,35325,2943.8,2944.0,2912,2975,13.4,"void at::native::elementwise_kernel<(int)128, (int)2, void at::native::gpu_kernel_impl_nocast<at::native::AUnaryFunctor<float, float, float, at::native::binary_internal::MulFunctor<float>>>(at::TensorIteratorBase &, const T1 &)::[lambda(int) (instance 1)]>(int, T3)"
custom::sampling_decode_b32,PushPop,78959,78959,1,12,31710,2642.5,2624.0,2592,2720,44.1,"void at::native::vectorized_elementwise_kernel<(int)4, at::native::FillFunctor<float>, std::array<char *, (unsigned long)1>>(int, T2, T3)"
custom::small_n_linear_b1,PushPop,78959,78959,1,12,4575491,381290.9,381361.0,378193,385584,2456.2,"void gemv2T_kernel_val<int, int, __half, __half, __half, float, (int)128, (int)16, (int)2, (int)4, (bool)0, (bool)1, cublasGemvParams<cublasGemvTensorStridedBatched<const __half>, cublasGemvTensorStridedBatched<const __half>, cublasGemvTensorStridedBatched<__half>, float>>(T13, T6, T6)"
custom::swiglu_decode_b1,PushPop,78959,78959,1,12,39581,3298.4,3263.0,3232,3808,161.2,"void <unnamed>::bias_swiglu_kernel<c10::Half>(const T1 *, const T1 *, const T1 *, const T1 *, T1 *, long, long)"
custom::swiglu_decode_b32,PushPop,78959,78959,1,12,662180,55181.7,46974.0,46846,143834,27920.6,"void <unnamed>::bias_swiglu_kernel<c10::Half>(const T1 *, const T1 *, const T1 *, const T1 *, T1 *, long, long)"
custom_iteration::kv_append_decode_b32::0,PushPop,78959,78959,1,1,8256,8256.0,8256.0,8256,8256,0.0,"void <unnamed>::kv_cache_append_kernel<c10::Half>(T1 *, T1 *, const long *, const T1 *, const T1 *, long, long, long)"
custom_iteration::kv_append_decode_b32::1,PushPop,78959,78959,1,1,7200,7200.0,7200.0,7200,7200,0.0,"void <unnamed>::kv_cache_append_kernel<c10::Half>(T1 *, T1 *, const long *, const T1 *, const T1 *, long, long, long)"
custom_iteration::kv_append_decode_b32::10,PushPop,78959,78959,1,1,7232,7232.0,7232.0,7232,7232,0.0,"void <unnamed>::kv_cache_append_kernel<c10::Half>(T1 *, T1 *, const long *, const T1 *, const T1 *, long, long, long)"
custom_iteration::kv_append_decode_b32::11,PushPop,78959,78959,1,1,7200,7200.0,7200.0,7200,7200,0.0,"void <unnamed>::kv_cache_append_kernel<c10::Half>(T1 *, T1 *, const long *, const T1 *, const T1 *, long, long, long)"
custom_iteration::kv_append_decode_b32::2,PushPop,78959,78959,1,1,7200,7200.0,7200.0,7200,7200,0.0,"void <unnamed>::kv_cache_append_kernel<c10::Half>(T1 *, T1 *, const long *, const T1 *, const T1 *, long, long, long)"
custom_iteration::kv_append_decode_b32::3,PushPop,78959,78959,1,1,7136,7136.0,7136.0,7136,7136,0.0,"void <unnamed>::kv_cache_append_kernel<c10::Half>(T1 *, T1 *, const long *, const T1 *, const T1 *, long, long, long)"
custom_iteration::kv_append_decode_b32::4,PushPop,78959,78959,1,1,7136,7136.0,7136.0,7136,7136,0.0,"void <unnamed>::kv_cache_append_kernel<c10::Half>(T1 *, T1 *, const long *, const T1 *, const T1 *, long, long, long)"
custom_iteration::kv_append_decode_b32::5,PushPop,78959,78959,1,1,7135,7135.0,7135.0,7135,7135,0.0,"void <unnamed>::kv_cache_append_kernel<c10::Half>(T1 *, T1 *, const long *, const T1 *, const T1 *, long, long, long)"
custom_iteration::kv_append_decode_b32::6,PushPop,78959,78959,1,1,7103,7103.0,7103.0,7103,7103,0.0,"void <unnamed>::kv_cache_append_kernel<c10::Half>(T1 *, T1 *, const long *, const T1 *, const T1 *, long, long, long)"
custom_iteration::kv_append_decode_b32::7,PushPop,78959,78959,1,1,7200,7200.0,7200.0,7200,7200,0.0,"void <unnamed>::kv_cache_append_kernel<c10::Half>(T1 *, T1 *, const long *, const T1 *, const T1 *, long, long, long)"
custom_iteration::kv_append_decode_b32::8,PushPop,78959,78959,1,1,7168,7168.0,7168.0,7168,7168,0.0,"void <unnamed>::kv_cache_append_kernel<c10::Half>(T1 *, T1 *, const long *, const T1 *, const T1 *, long, long, long)"
custom_iteration::kv_append_decode_b32::9,PushPop,78959,78959,1,1,7135,7135.0,7135.0,7135,7135,0.0,"void <unnamed>::kv_cache_append_kernel<c10::Half>(T1 *, T1 *, const long *, const T1 *, const T1 *, long, long, long)"
custom_iteration::residual_rms_decode_b1::0,PushPop,78959,78959,1,1,15199,15199.0,15199.0,15199,15199,0.0,"void <unnamed>::residual_rms_norm_kernel<c10::Half>(const T1 *, const T1 *, const T1 *, T1 *, T1 *, long, float)"
custom_iteration::residual_rms_decode_b1::1,PushPop,78959,78959,1,1,10783,10783.0,10783.0,10783,10783,0.0,"void <unnamed>::residual_rms_norm_kernel<c10::Half>(const T1 *, const T1 *, const T1 *, T1 *, T1 *, long, float)"
custom_iteration::residual_rms_decode_b1::10,PushPop,78959,78959,1,1,10591,10591.0,10591.0,10591,10591,0.0,"void <unnamed>::residual_rms_norm_kernel<c10::Half>(const T1 *, const T1 *, const T1 *, T1 *, T1 *, long, float)"
custom_iteration::residual_rms_decode_b1::11,PushPop,78959,78959,1,1,10688,10688.0,10688.0,10688,10688,0.0,"void <unnamed>::residual_rms_norm_kernel<c10::Half>(const T1 *, const T1 *, const T1 *, T1 *, T1 *, long, float)"
custom_iteration::residual_rms_decode_b1::2,PushPop,78959,78959,1,1,15584,15584.0,15584.0,15584,15584,0.0,"void <unnamed>::residual_rms_norm_kernel<c10::Half>(const T1 *, const T1 *, const T1 *, T1 *, T1 *, long, float)"
custom_iteration::residual_rms_decode_b1::3,PushPop,78959,78959,1,1,10560,10560.0,10560.0,10560,10560,0.0,"void <unnamed>::residual_rms_norm_kernel<c10::Half>(const T1 *, const T1 *, const T1 *, T1 *, T1 *, long, float)"
custom_iteration::residual_rms_decode_b1::4,PushPop,78959,78959,1,1,10720,10720.0,10720.0,10720,10720,0.0,"void <unnamed>::residual_rms_norm_kernel<c10::Half>(const T1 *, const T1 *, const T1 *, T1 *, T1 *, long, float)"
custom_iteration::residual_rms_decode_b1::5,PushPop,78959,78959,1,1,10719,10719.0,10719.0,10719,10719,0.0,"void <unnamed>::residual_rms_norm_kernel<c10::Half>(const T1 *, const T1 *, const T1 *, T1 *, T1 *, long, float)"
custom_iteration::residual_rms_decode_b1::6,PushPop,78959,78959,1,1,10560,10560.0,10560.0,10560,10560,0.0,"void <unnamed>::residual_rms_norm_kernel<c10::Half>(const T1 *, const T1 *, const T1 *, T1 *, T1 *, long, float)"
custom_iteration::residual_rms_decode_b1::7,PushPop,78959,78959,1,1,10687,10687.0,10687.0,10687,10687,0.0,"void <unnamed>::residual_rms_norm_kernel<c10::Half>(const T1 *, const T1 *, const T1 *, T1 *, T1 *, long, float)"
custom_iteration::residual_rms_decode_b1::8,PushPop,78959,78959,1,1,10687,10687.0,10687.0,10687,10687,0.0,"void <unnamed>::residual_rms_norm_kernel<c10::Half>(const T1 *, const T1 *, const T1 *, T1 *, T1 *, long, float)"
custom_iteration::residual_rms_decode_b1::9,PushPop,78959,78959,1,1,10687,10687.0,10687.0,10687,10687,0.0,"void <unnamed>::residual_rms_norm_kernel<c10::Half>(const T1 *, const T1 *, const T1 *, T1 *, T1 *, long, float)"
custom_iteration::residual_rms_decode_b32::0,PushPop,78959,78959,1,1,19583,19583.0,19583.0,19583,19583,0.0,"void <unnamed>::residual_rms_norm_kernel<c10::Half>(const T1 *, const T1 *, const T1 *, T1 *, T1 *, long, float)"
custom_iteration::residual_rms_decode_b32::1,PushPop,78959,78959,1,1,18112,18112.0,18112.0,18112,18112,0.0,"void <unnamed>::residual_rms_norm_kernel<c10::Half>(const T1 *, const T1 *, const T1 *, T1 *, T1 *, long, float)"
custom_iteration::residual_rms_decode_b32::10,PushPop,78959,78959,1,1,17855,17855.0,17855.0,17855,17855,0.0,"void <unnamed>::residual_rms_norm_kernel<c10::Half>(const T1 *, const T1 *, const T1 *, T1 *, T1 *, long, float)"
custom_iteration::residual_rms_decode_b32::11,PushPop,78959,78959,1,1,18111,18111.0,18111.0,18111,18111,0.0,"void <unnamed>::residual_rms_norm_kernel<c10::Half>(const T1 *, const T1 *, const T1 *, T1 *, T1 *, long, float)"
custom_iteration::residual_rms_decode_b32::2,PushPop,78959,78959,1,1,17344,17344.0,17344.0,17344,17344,0.0,"void <unnamed>::residual_rms_norm_kernel<c10::Half>(const T1 *, const T1 *, const T1 *, T1 *, T1 *, long, float)"
custom_iteration::residual_rms_decode_b32::3,PushPop,78959,78959,1,1,17983,17983.0,17983.0,17983,17983,0.0,"void <unnamed>::residual_rms_norm_kernel<c10::Half>(const T1 *, const T1 *, const T1 *, T1 *, T1 *, long, float)"
custom_iteration::residual_rms_decode_b32::4,PushPop,78959,78959,1,1,17855,17855.0,17855.0,17855,17855,0.0,"void <unnamed>::residual_rms_norm_kernel<c10::Half>(const T1 *, const T1 *, const T1 *, T1 *, T1 *, long, float)"
custom_iteration::residual_rms_decode_b32::5,PushPop,78959,78959,1,1,17759,17759.0,17759.0,17759,17759,0.0,"void <unnamed>::residual_rms_norm_kernel<c10::Half>(const T1 *, const T1 *, const T1 *, T1 *, T1 *, long, float)"
custom_iteration::residual_rms_decode_b32::6,PushPop,78959,78959,1,1,17375,17375.0,17375.0,17375,17375,0.0,"void <unnamed>::residual_rms_norm_kernel<c10::Half>(const T1 *, const T1 *, const T1 *, T1 *, T1 *, long, float)"
custom_iteration::residual_rms_decode_b32::7,PushPop,78959,78959,1,1,17919,17919.0,17919.0,17919,17919,0.0,"void <unnamed>::residual_rms_norm_kernel<c10::Half>(const T1 *, const T1 *, const T1 *, T1 *, T1 *, long, float)"
custom_iteration::residual_rms_decode_b32::8,PushPop,78959,78959,1,1,18143,18143.0,18143.0,18143,18143,0.0,"void <unnamed>::residual_rms_norm_kernel<c10::Half>(const T1 *, const T1 *, const T1 *, T1 *, T1 *, long, float)"
custom_iteration::residual_rms_decode_b32::9,PushPop,78959,78959,1,1,18047,18047.0,18047.0,18047,18047,0.0,"void <unnamed>::residual_rms_norm_kernel<c10::Half>(const T1 *, const T1 *, const T1 *, T1 *, T1 *, long, float)"
custom_iteration::rms_quant_decode_b32::0,PushPop,78959,78959,1,1,24288,24288.0,24288.0,24288,24288,0.0,"void <unnamed>::rms_norm_quantize_kernel<c10::Half>(const T1 *, const T1 *, signed char *, float *, long, float)"
custom_iteration::rms_quant_decode_b32::1,PushPop,78959,78959,1,1,18624,18624.0,18624.0,18624,18624,0.0,"void <unnamed>::rms_norm_quantize_kernel<c10::Half>(const T1 *, const T1 *, signed char *, float *, long, float)"
custom_iteration::rms_quant_decode_b32::10,PushPop,78959,78959,1,1,18463,18463.0,18463.0,18463,18463,0.0,"void <unnamed>::rms_norm_quantize_kernel<c10::Half>(const T1 *, const T1 *, signed char *, float *, long, float)"
custom_iteration::rms_quant_decode_b32::11,PushPop,78959,78959,1,1,18527,18527.0,18527.0,18527,18527,0.0,"void <unnamed>::rms_norm_quantize_kernel<c10::Half>(const T1 *, const T1 *, signed char *, float *, long, float)"
custom_iteration::rms_quant_decode_b32::2,PushPop,78959,78959,1,1,18495,18495.0,18495.0,18495,18495,0.0,"void <unnamed>::rms_norm_quantize_kernel<c10::Half>(const T1 *, const T1 *, signed char *, float *, long, float)"
custom_iteration::rms_quant_decode_b32::3,PushPop,78959,78959,1,1,18463,18463.0,18463.0,18463,18463,0.0,"void <unnamed>::rms_norm_quantize_kernel<c10::Half>(const T1 *, const T1 *, signed char *, float *, long, float)"
custom_iteration::rms_quant_decode_b32::4,PushPop,78959,78959,1,1,18015,18015.0,18015.0,18015,18015,0.0,"void <unnamed>::rms_norm_quantize_kernel<c10::Half>(const T1 *, const T1 *, signed char *, float *, long, float)"
custom_iteration::rms_quant_decode_b32::5,PushPop,78959,78959,1,1,18367,18367.0,18367.0,18367,18367,0.0,"void <unnamed>::rms_norm_quantize_kernel<c10::Half>(const T1 *, const T1 *, signed char *, float *, long, float)"
custom_iteration::rms_quant_decode_b32::6,PushPop,78959,78959,1,1,18303,18303.0,18303.0,18303,18303,0.0,"void <unnamed>::rms_norm_quantize_kernel<c10::Half>(const T1 *, const T1 *, signed char *, float *, long, float)"
custom_iteration::rms_quant_decode_b32::7,PushPop,78959,78959,1,1,18527,18527.0,18527.0,18527,18527,0.0,"void <unnamed>::rms_norm_quantize_kernel<c10::Half>(const T1 *, const T1 *, signed char *, float *, long, float)"
custom_iteration::rms_quant_decode_b32::8,PushPop,78959,78959,1,1,18527,18527.0,18527.0,18527,18527,0.0,"void <unnamed>::rms_norm_quantize_kernel<c10::Half>(const T1 *, const T1 *, signed char *, float *, long, float)"
custom_iteration::rms_quant_decode_b32::9,PushPop,78959,78959,1,1,18400,18400.0,18400.0,18400,18400,0.0,"void <unnamed>::rms_norm_quantize_kernel<c10::Half>(const T1 *, const T1 *, signed char *, float *, long, float)"
custom_iteration::rope_gqa_decode_b32::0,PushPop,78959,78959,1,1,122394,122394.0,122394.0,122394,122394,0.0,"void <unnamed>::rope_qk_norm_kernel<c10::Half>(const T1 *, const T1 *, const T1 *, const T1 *, const T1 *, const T1 *, T1 *, T1 *, long, long, long, long, float)"
custom_iteration::rope_gqa_decode_b32::1,PushPop,78959,78959,1,1,120156,120156.0,120156.0,120156,120156,0.0,"void <unnamed>::rope_qk_norm_kernel<c10::Half>(const T1 *, const T1 *, const T1 *, const T1 *, const T1 *, const T1 *, T1 *, T1 *, long, long, long, long, float)"
custom_iteration::rope_gqa_decode_b32::10,PushPop,78959,78959,1,1,120379,120379.0,120379.0,120379,120379,0.0,"void <unnamed>::rope_qk_norm_kernel<c10::Half>(const T1 *, const T1 *, const T1 *, const T1 *, const T1 *, const T1 *, T1 *, T1 *, long, long, long, long, float)"
custom_iteration::rope_gqa_decode_b32::11,PushPop,78959,78959,1,1,120123,120123.0,120123.0,120123,120123,0.0,"void <unnamed>::rope_qk_norm_kernel<c10::Half>(const T1 *, const T1 *, const T1 *, const T1 *, const T1 *, const T1 *, T1 *, T1 *, long, long, long, long, float)"
custom_iteration::rope_gqa_decode_b32::2,PushPop,78959,78959,1,1,120251,120251.0,120251.0,120251,120251,0.0,"void <unnamed>::rope_qk_norm_kernel<c10::Half>(const T1 *, const T1 *, const T1 *, const T1 *, const T1 *, const T1 *, T1 *, T1 *, long, long, long, long, float)"
custom_iteration::rope_gqa_decode_b32::3,PushPop,78959,78959,1,1,120186,120186.0,120186.0,120186,120186,0.0,"void <unnamed>::rope_qk_norm_kernel<c10::Half>(const T1 *, const T1 *, const T1 *, const T1 *, const T1 *, const T1 *, T1 *, T1 *, long, long, long, long, float)"
custom_iteration::rope_gqa_decode_b32::4,PushPop,78959,78959,1,1,120219,120219.0,120219.0,120219,120219,0.0,"void <unnamed>::rope_qk_norm_kernel<c10::Half>(const T1 *, const T1 *, const T1 *, const T1 *, const T1 *, const T1 *, T1 *, T1 *, long, long, long, long, float)"
custom_iteration::rope_gqa_decode_b32::5,PushPop,78959,78959,1,1,120219,120219.0,120219.0,120219,120219,0.0,"void <unnamed>::rope_qk_norm_kernel<c10::Half>(const T1 *, const T1 *, const T1 *, const T1 *, const T1 *, const T1 *, T1 *, T1 *, long, long, long, long, float)"
custom_iteration::rope_gqa_decode_b32::6,PushPop,78959,78959,1,1,120091,120091.0,120091.0,120091,120091,0.0,"void <unnamed>::rope_qk_norm_kernel<c10::Half>(const T1 *, const T1 *, const T1 *, const T1 *, const T1 *, const T1 *, T1 *, T1 *, long, long, long, long, float)"
custom_iteration::rope_gqa_decode_b32::7,PushPop,78959,78959,1,1,120443,120443.0,120443.0,120443,120443,0.0,"void <unnamed>::rope_qk_norm_kernel<c10::Half>(const T1 *, const T1 *, const T1 *, const T1 *, const T1 *, const T1 *, T1 *, T1 *, long, long, long, long, float)"
custom_iteration::rope_gqa_decode_b32::8,PushPop,78959,78959,1,1,120218,120218.0,120218.0,120218,120218,0.0,"void <unnamed>::rope_qk_norm_kernel<c10::Half>(const T1 *, const T1 *, const T1 *, const T1 *, const T1 *, const T1 *, T1 *, T1 *, long, long, long, long, float)"
custom_iteration::rope_gqa_decode_b32::9,PushPop,78959,78959,1,1,120251,120251.0,120251.0,120251,120251,0.0,"void <unnamed>::rope_qk_norm_kernel<c10::Half>(const T1 *, const T1 *, const T1 *, const T1 *, const T1 *, const T1 *, T1 *, T1 *, long, long, long, long, float)"
custom_iteration::sampling_decode_b32::0,PushPop,78959,78959,1,4,288148,72037.0,69597.0,67006,81948,6835.3,"void at::native::mbtopk::radixFindKthValues<float, unsigned int, unsigned int, (int)2>(at::cuda::detail::TensorInfo<const T1, T2>, unsigned int, unsigned int *, unsigned int, T2, int, int, unsigned int, T3, T3 *, short *)"
custom_iteration::sampling_decode_b32::0,PushPop,78959,78959,1,1,213911,213911.0,213911.0,213911,213911,0.0,"void at::native::mbtopk::gatherTopK<float, unsigned int, (int)2>(at::cuda::detail::TensorInfo<const T1, T2>, T2, T2, bool, unsigned int, T2, at::cuda::detail::TensorInfo<T1, T2>, T2, at::cuda::detail::TensorInfo<long, T2>, T2, unsigned int, unsigned int, T1 *, unsigned int *, unsigned int *, unsigned int)"
custom_iteration::sampling_decode_b32::0,PushPop,78959,78959,1,1,150938,150938.0,150938.0,150938,150938,0.0,"void at::native::unrolled_elementwise_kernel<at::native::direct_copy_kernel_cuda(at::TensorIteratorBase &)::[lambda() (instance 3)]::operator ()() const::[lambda() (instance 7)]::operator ()() const::[lambda(float) (instance 1)], std::array<char *, (unsigned long)2>, (int)4, TrivialOffsetCalculator<(int)1, unsigned int>, TrivialOffsetCalculator<(int)1, unsigned int>, at::native::memory::LoadWithCast<(int)1>, at::native::memory::StoreWithCast<(int)1>>(int, T1, T2, T4, T5, T6, T7)"
custom_iteration::sampling_decode_b32::0,PushPop,78959,78959,1,1,84861,84861.0,84861.0,84861,84861,0.0,"void at::native::vectorized_elementwise_kernel<(int)4, at::native::BUnaryFunctor<float, float, float, at::native::binary_internal::MulFunctor<float>>, std::array<char *, (unsigned long)2>>(int, T2, T3)"
custom_iteration::sampling_decode_b32::0,PushPop,78959,78959,1,4,38046,9511.5,9503.5,9279,9760,211.8,"void at::native::mbtopk::computeBlockwiseWithinKCounts<unsigned int, float>(T1 *, short *, unsigned int *, unsigned int, int, bool, unsigned int *, T2 *, unsigned int *, T1 *, unsigned int)"
custom_iteration::sampling_decode_b32::0,PushPop,78959,78959,1,1,19647,19647.0,19647.0,19647,19647,0.0,"void at::native::radixSortKVInPlace<(int)2, (int)-1, (int)32, (int)4, float, long, unsigned int>(at::cuda::detail::TensorInfo<T5, T7>, T7, T7, T7, at::cuda::detail::TensorInfo<T6, T7>, T7, bool)"
custom_iteration::sampling_decode_b32::0,PushPop,78959,78959,1,2,13535,6767.5,6767.5,4256,9279,3551.8,"void at_cuda_detail::cub::DeviceScanByKeyKernel<at_cuda_detail::cub::DeviceScanByKeyPolicy<at_cuda_detail::cub::TransformInputIterator<unsigned int, at::native::mbtopk::BlockIdxToKey, at_cuda_detail::cub::CountingInputIterator<unsigned int, unsigned int>, long>, unsigned int *, at_cuda_detail::cub::NullType>::Policy520, at_cuda_detail::cub::TransformInputIterator<unsigned int, at::native::mbtopk::BlockIdxToKey, at_cuda_detail::cub::CountingInputIterator<unsigned int, unsigned int>, long>, unsigned int *, unsigned int *, at_cuda_detail::cub::ReduceByKeyScanTileState<unsigned int, int, (bool)1>, at_cuda_detail::cub::Equality, at_cuda_detail::cub::Sum, at_cuda_detail::cub::NullType, int>(T2, T3, T4, T5, int, T6, T7, T8, T9)"
custom_iteration::sampling_decode_b32::0,PushPop,78959,78959,1,1,12480,12480.0,12480.0,12480,12480,0.0,"void at::native::mbtopk::fill<unsigned int, unsigned int>(T1 *, T1, T2)"
custom_iteration::sampling_decode_b32::0,PushPop,78959,78959,1,2,9824,4912.0,4912.0,4288,5536,882.5,"void at::native::elementwise_kernel<(int)128, (int)4, void at::native::gpu_kernel_impl_nocast<at::native::<unnamed>::CompareFunctor<float>>(at::TensorIteratorBase &, const T1 &)::[lambda(int) (instance 1)]>(int, T3)"
custom_iteration::sampling_decode_b32::0,PushPop,78959,78959,1,2,9536,4768.0,4768.0,4192,5344,814.6,"void at::native::tensor_kernel_scan_innermost_dim<float, std::plus<float>>(T1 *, const T1 *, unsigned int, unsigned int, unsigned int, T1, T2)"
custom_iteration::sampling_decode_b32::0,PushPop,78959,78959,1,1,8128,8128.0,8128.0,8128,8128,0.0,"void at::native::reduce_kernel<(int)512, (int)1, at::native::ReduceOp<float, at::native::func_wrapper_t<float, at::native::sum_functor<float, float, float>::operator ()(at::TensorIterator &)::[lambda(float, float) (instance 1)]>, unsigned int, float, (int)4, (int)4>>(T3)"
custom_iteration::sampling_decode_b32::0,PushPop,78959,78959,1,1,8095,8095.0,8095.0,8095,8095,0.0,"void at::native::reduce_kernel<(int)512, (int)1, at::native::ReduceOp<long, at::native::func_wrapper_t<long, at::native::sum_functor<long, long, long>::operator ()(at::TensorIterator &)::[lambda(long, long) (instance 1)]>, unsigned int, long, (int)4, (int)4>>(T3)"
custom_iteration::sampling_decode_b32::0,PushPop,78959,78959,1,1,7712,7712.0,7712.0,7712,7712,0.0,"void at::native::unrolled_elementwise_kernel<at::native::direct_copy_kernel_cuda(at::TensorIteratorBase &)::[lambda() (instance 3)]::operator ()() const::[lambda() (instance 4)]::operator ()() const::[lambda(long) (instance 1)], std::array<char *, (unsigned long)2>, (int)4, TrivialOffsetCalculator<(int)1, unsigned int>, TrivialOffsetCalculator<(int)1, unsigned int>, at::native::memory::LoadWithCast<(int)1>, at::native::memory::StoreWithCast<(int)1>>(int, T1, T2, T4, T5, T6, T7)"
custom_iteration::sampling_decode_b32::0,PushPop,78959,78959,1,1,5119,5119.0,5119.0,5119,5119,0.0,"void at::native::elementwise_kernel<(int)128, (int)2, void at::native::gpu_kernel_impl_nocast<at::native::BinaryFunctor<float, float, float, at::native::binary_internal::DivFunctor<float>>>(at::TensorIteratorBase &, const T1 &)::[lambda(int) (instance 1)]>(int, T3)"
custom_iteration::sampling_decode_b32::0,PushPop,78959,78959,1,1,4672,4672.0,4672.0,4672,4672,0.0,"void <unnamed>::softmax_warp_forward<float, float, float, (int)6, (bool)0, (bool)0>(T2 *, const T1 *, int, int, int, const bool *, int, bool)"
custom_iteration::sampling_decode_b32::0,PushPop,78959,78959,1,1,4640,4640.0,4640.0,4640,4640,0.0,"void at::native::_scatter_gather_elementwise_kernel<(int)128, (int)8, void at::native::_cuda_scatter_gather_internal_kernel<(bool)0, at::native::OpaqueType<(int)8>>::operator ()<at::native::TensorAssign>(at::TensorIterator &, long, long, long, const T1 &)::[lambda(int) (instance 1)]>(int, T3)"
custom_iteration::sampling_decode_b32::0,PushPop,78959,78959,1,2,4032,2016.0,2016.0,1920,2112,135.8,"void at_cuda_detail::cub::DeviceScanInitKernel<at_cuda_detail::cub::ReduceByKeyScanTileState<unsigned int, int, (bool)1>>(T1, int)"
custom_iteration::sampling_decode_b32::0,PushPop,78959,78959,1,1,4000,4000.0,4000.0,4000,4000,0.0,"void at::native::vectorized_elementwise_kernel<(int)4, at::native::<unnamed>::launch_clamp_scalar(at::TensorIteratorBase &, c10::Scalar, c10::Scalar, at::native::detail::ClampLimits)::[lambda() (instance 1)]::operator ()() const::[lambda() (instance 7)]::operator ()() const::[lambda(float) (instance 1)], std::array<char *, (unsigned long)2>>(int, T2, T3)"
custom_iteration::sampling_decode_b32::0,PushPop,78959,78959,1,1,3904,3904.0,3904.0,3904,3904,0.0,"void at::native::vectorized_elementwise_kernel<(int)4, at::native::<unnamed>::masked_fill_kernel(at::TensorIterator &, const c10::Scalar &)::[lambda() (instance 1)]::operator ()() const::[lambda() (instance 7)]::operator ()() const::[lambda(float, bool) (instance 1)], std::array<char *, (unsigned long)3>>(int, T2, T3)"
custom_iteration::sampling_decode_b32::0,PushPop,78959,78959,1,1,3840,3840.0,3840.0,3840,3840,0.0,"void at::native::vectorized_elementwise_kernel<(int)4, at::native::<unnamed>::where_kernel_impl(at::TensorIterator &)::[lambda() (instance 1)]::operator ()() const::[lambda() (instance 11)]::operator ()() const::[lambda(bool, float, float) (instance 1)], std::array<char *, (unsigned long)4>>(int, T2, T3)"
custom_iteration::sampling_decode_b32::0,PushPop,78959,78959,1,1,3776,3776.0,3776.0,3776,3776,0.0,"void at::native::vectorized_elementwise_kernel<(int)4, void at::native::compare_scalar_kernel<float>(at::TensorIteratorBase &, at::native::<unnamed>::OpType, T1)::[lambda(float) (instance 1)], std::array<char *, (unsigned long)2>>(int, T2, T3)"
custom_iteration::sampling_decode_b32::0,PushPop,78959,78959,1,1,3488,3488.0,3488.0,3488,3488,0.0,"void at::native::vectorized_elementwise_kernel<(int)2, at::native::<unnamed>::launch_clamp_scalar(at::TensorIteratorBase &, c10::Scalar, c10::Scalar, at::native::detail::ClampLimits)::[lambda() (instance 1)]::operator ()() const::[lambda() (instance 4)]::operator ()() const::[lambda(long) (instance 1)], std::array<char *, (unsigned long)2>>(int, T2, T3)"
custom_iteration::sampling_decode_b32::0,PushPop,78959,78959,1,1,3456,3456.0,3456.0,3456,3456,0.0,"void at::native::vectorized_elementwise_kernel<(int)4, at::native::CUDAFunctor_add<float>, std::array<char *, (unsigned long)3>>(int, T2, T3)"
custom_iteration::sampling_decode_b32::0,PushPop,78959,78959,1,1,2976,2976.0,2976.0,2976,2976,0.0,"void at::native::mbtopk::computeBlockwiseKthCounts<unsigned int>(T1 *, short *, unsigned int, unsigned int, unsigned int *)"
custom_iteration::sampling_decode_b32::0,PushPop,78959,78959,1,1,2944,2944.0,2944.0,2944,2944,0.0,"void at::native::elementwise_kernel<(int)128, (int)2, void at::native::gpu_kernel_impl_nocast<at::native::AUnaryFunctor<float, float, float, at::native::binary_internal::MulFunctor<float>>>(at::TensorIteratorBase &, const T1 &)::[lambda(int) (instance 1)]>(int, T3)"
custom_iteration::sampling_decode_b32::0,PushPop,78959,78959,1,1,2623,2623.0,2623.0,2623,2623,0.0,"void at::native::vectorized_elementwise_kernel<(int)4, at::native::FillFunctor<float>, std::array<char *, (unsigned long)1>>(int, T2, T3)"
custom_iteration::sampling_decode_b32::1,PushPop,78959,78959,1,4,286036,71509.0,68253.0,65757,83773,8305.1,"void at::native::mbtopk::radixFindKthValues<float, unsigned int, unsigned int, (int)2>(at::cuda::detail::TensorInfo<const T1, T2>, unsigned int, unsigned int *, unsigned int, T2, int, int, unsigned int, T3, T3 *, short *)"
custom_iteration::sampling_decode_b32::1,PushPop,78959,78959,1,1,216855,216855.0,216855.0,216855,216855,0.0,"void at::native::mbtopk::gatherTopK<float, unsigned int, (int)2>(at::cuda::detail::TensorInfo<const T1, T2>, T2, T2, bool, unsigned int, T2, at::cuda::detail::TensorInfo<T1, T2>, T2, at::cuda::detail::TensorInfo<long, T2>, T2, unsigned int, unsigned int, T1 *, unsigned int *, unsigned int *, unsigned int)"
custom_iteration::sampling_decode_b32::1,PushPop,78959,78959,1,1,151258,151258.0,151258.0,151258,151258,0.0,"void at::native::unrolled_elementwise_kernel<at::native::direct_copy_kernel_cuda(at::TensorIteratorBase &)::[lambda() (instance 3)]::operator ()() const::[lambda() (instance 7)]::operator ()() const::[lambda(float) (instance 1)], std::array<char *, (unsigned long)2>, (int)4, TrivialOffsetCalculator<(int)1, unsigned int>, TrivialOffsetCalculator<(int)1, unsigned int>, at::native::memory::LoadWithCast<(int)1>, at::native::memory::StoreWithCast<(int)1>>(int, T1, T2, T4, T5, T6, T7)"
custom_iteration::sampling_decode_b32::1,PushPop,78959,78959,1,1,86236,86236.0,86236.0,86236,86236,0.0,"void at::native::vectorized_elementwise_kernel<(int)4, at::native::BUnaryFunctor<float, float, float, at::native::binary_internal::MulFunctor<float>>, std::array<char *, (unsigned long)2>>(int, T2, T3)"
custom_iteration::sampling_decode_b32::1,PushPop,78959,78959,1,4,38495,9623.8,9408.0,9311,10368,498.3,"void at::native::mbtopk::computeBlockwiseWithinKCounts<unsigned int, float>(T1 *, short *, unsigned int *, unsigned int, int, bool, unsigned int *, T2 *, unsigned int *, T1 *, unsigned int)"
custom_iteration::sampling_decode_b32::1,PushPop,78959,78959,1,1,19616,19616.0,19616.0,19616,19616,0.0,"void at::native::radixSortKVInPlace<(int)2, (int)-1, (int)32, (int)4, float, long, unsigned int>(at::cuda::detail::TensorInfo<T5, T7>, T7, T7, T7, at::cuda::detail::TensorInfo<T6, T7>, T7, bool)"
custom_iteration::sampling_decode_b32::1,PushPop,78959,78959,1,2,13535,6767.5,6767.5,4255,9280,3553.2,"void at_cuda_detail::cub::DeviceScanByKeyKernel<at_cuda_detail::cub::DeviceScanByKeyPolicy<at_cuda_detail::cub::TransformInputIterator<unsigned int, at::native::mbtopk::BlockIdxToKey, at_cuda_detail::cub::CountingInputIterator<unsigned int, unsigned int>, long>, unsigned int *, at_cuda_detail::cub::NullType>::Policy520, at_cuda_detail::cub::TransformInputIterator<unsigned int, at::native::mbtopk::BlockIdxToKey, at_cuda_detail::cub::CountingInputIterator<unsigned int, unsigned int>, long>, unsigned int *, unsigned int *, at_cuda_detail::cub::ReduceByKeyScanTileState<unsigned int, int, (bool)1>, at_cuda_detail::cub::Equality, at_cuda_detail::cub::Sum, at_cuda_detail::cub::NullType, int>(T2, T3, T4, T5, int, T6, T7, T8, T9)"
custom_iteration::sampling_decode_b32::1,PushPop,78959,78959,1,2,9888,4944.0,4944.0,4192,5696,1063.5,"void at::native::elementwise_kernel<(int)128, (int)4, void at::native::gpu_kernel_impl_nocast<at::native::<unnamed>::CompareFunctor<float>>(at::TensorIteratorBase &, const T1 &)::[lambda(int) (instance 1)]>(int, T3)"
custom_iteration::sampling_decode_b32::1,PushPop,78959,78959,1,2,9311,4655.5,4655.5,4128,5183,746.0,"void at::native::tensor_kernel_scan_innermost_dim<float, std::plus<float>>(T1 *, const T1 *, unsigned int, unsigned int, unsigned int, T1, T2)"
custom_iteration::sampling_decode_b32::1,PushPop,78959,78959,1,1,8160,8160.0,8160.0,8160,8160,0.0,"void at::native::reduce_kernel<(int)512, (int)1, at::native::ReduceOp<long, at::native::func_wrapper_t<long, at::native::sum_functor<long, long, long>::operator ()(at::TensorIterator &)::[lambda(long, long) (instance 1)]>, unsigned int, long, (int)4, (int)4>>(T3)"
custom_iteration::sampling_decode_b32::1,PushPop,78959,78959,1,1,8127,8127.0,8127.0,8127,8127,0.0,"void at::native::reduce_kernel<(int)512, (int)1, at::native::ReduceOp<float, at::native::func_wrapper_t<float, at::native::sum_functor<float, float, float>::operator ()(at::TensorIterator &)::[lambda(float, float) (instance 1)]>, unsigned int, float, (int)4, (int)4>>(T3)"
custom_iteration::sampling_decode_b32::1,PushPop,78959,78959,1,1,7680,7680.0,7680.0,7680,7680,0.0,"void at::native::unrolled_elementwise_kernel<at::native::direct_copy_kernel_cuda(at::TensorIteratorBase &)::[lambda() (instance 3)]::operator ()() const::[lambda() (instance 4)]::operator ()() const::[lambda(long) (instance 1)], std::array<char *, (unsigned long)2>, (int)4, TrivialOffsetCalculator<(int)1, unsigned int>, TrivialOffsetCalculator<(int)1, unsigned int>, at::native::memory::LoadWithCast<(int)1>, at::native::memory::StoreWithCast<(int)1>>(int, T1, T2, T4, T5, T6, T7)"
custom_iteration::sampling_decode_b32::1,PushPop,78959,78959,1,1,5152,5152.0,5152.0,5152,5152,0.0,"void at::native::elementwise_kernel<(int)128, (int)2, void at::native::gpu_kernel_impl_nocast<at::native::BinaryFunctor<float, float, float, at::native::binary_internal::DivFunctor<float>>>(at::TensorIteratorBase &, const T1 &)::[lambda(int) (instance 1)]>(int, T3)"
custom_iteration::sampling_decode_b32::1,PushPop,78959,78959,1,1,4672,4672.0,4672.0,4672,4672,0.0,"void <unnamed>::softmax_warp_forward<float, float, float, (int)6, (bool)0, (bool)0>(T2 *, const T1 *, int, int, int, const bool *, int, bool)"
custom_iteration::sampling_decode_b32::1,PushPop,78959,78959,1,1,4575,4575.0,4575.0,4575,4575,0.0,"void at::native::_scatter_gather_elementwise_kernel<(int)128, (int)8, void at::native::_cuda_scatter_gather_internal_kernel<(bool)0, at::native::OpaqueType<(int)8>>::operator ()<at::native::TensorAssign>(at::TensorIterator &, long, long, long, const T1 &)::[lambda(int) (instance 1)]>(int, T3)"
custom_iteration::sampling_decode_b32::1,PushPop,78959,78959,1,2,4096,2048.0,2048.0,1920,2176,181.0,"void at_cuda_detail::cub::DeviceScanInitKernel<at_cuda_detail::cub::ReduceByKeyScanTileState<unsigned int, int, (bool)1>>(T1, int)"
custom_iteration::sampling_decode_b32::1,PushPop,78959,78959,1,1,3872,3872.0,3872.0,3872,3872,0.0,"void at::native::vectorized_elementwise_kernel<(int)4, at::native::<unnamed>::launch_clamp_scalar(at::TensorIteratorBase &, c10::Scalar, c10::Scalar, at::native::detail::ClampLimits)::[lambda() (instance 1)]::operator ()() const::[lambda() (instance 7)]::operator ()() const::[lambda(float) (instance 1)], std::array<char *, (unsigned long)2>>(int, T2, T3)"
custom_iteration::sampling_decode_b32::1,PushPop,78959,78959,1,1,3839,3839.0,3839.0,3839,3839,0.0,"void at::native::vectorized_elementwise_kernel<(int)4, at::native::<unnamed>::where_kernel_impl(at::TensorIterator &)::[lambda() (instance 1)]::operator ()() const::[lambda() (instance 11)]::operator ()() const::[lambda(bool, float, float) (instance 1)], std::array<char *, (unsigned long)4>>(int, T2, T3)"
custom_iteration::sampling_decode_b32::1,PushPop,78959,78959,1,1,3808,3808.0,3808.0,3808,3808,0.0,"void at::native::vectorized_elementwise_kernel<(int)4, void at::native::compare_scalar_kernel<float>(at::TensorIteratorBase &, at::native::<unnamed>::OpType, T1)::[lambda(float) (instance 1)], std::array<char *, (unsigned long)2>>(int, T2, T3)"
custom_iteration::sampling_decode_b32::1,PushPop,78959,78959,1,1,3776,3776.0,3776.0,3776,3776,0.0,"void at::native::vectorized_elementwise_kernel<(int)4, at::native::<unnamed>::masked_fill_kernel(at::TensorIterator &, const c10::Scalar &)::[lambda() (instance 1)]::operator ()() const::[lambda() (instance 7)]::operator ()() const::[lambda(float, bool) (instance 1)], std::array<char *, (unsigned long)3>>(int, T2, T3)"
custom_iteration::sampling_decode_b32::1,PushPop,78959,78959,1,1,3456,3456.0,3456.0,3456,3456,0.0,"void at::native::vectorized_elementwise_kernel<(int)2, at::native::<unnamed>::launch_clamp_scalar(at::TensorIteratorBase &, c10::Scalar, c10::Scalar, at::native::detail::ClampLimits)::[lambda() (instance 1)]::operator ()() const::[lambda() (instance 4)]::operator ()() const::[lambda(long) (instance 1)], std::array<char *, (unsigned long)2>>(int, T2, T3)"
custom_iteration::sampling_decode_b32::1,PushPop,78959,78959,1,1,3424,3424.0,3424.0,3424,3424,0.0,"void at::native::vectorized_elementwise_kernel<(int)4, at::native::CUDAFunctor_add<float>, std::array<char *, (unsigned long)3>>(int, T2, T3)"
custom_iteration::sampling_decode_b32::1,PushPop,78959,78959,1,1,3072,3072.0,3072.0,3072,3072,0.0,"void at::native::mbtopk::computeBlockwiseKthCounts<unsigned int>(T1 *, short *, unsigned int, unsigned int, unsigned int *)"
custom_iteration::sampling_decode_b32::1,PushPop,78959,78959,1,1,2944,2944.0,2944.0,2944,2944,0.0,"void at::native::elementwise_kernel<(int)128, (int)2, void at::native::gpu_kernel_impl_nocast<at::native::AUnaryFunctor<float, float, float, at::native::binary_internal::MulFunctor<float>>>(at::TensorIteratorBase &, const T1 &)::[lambda(int) (instance 1)]>(int, T3)"
custom_iteration::sampling_decode_b32::1,PushPop,78959,78959,1,1,2592,2592.0,2592.0,2592,2592,0.0,"void at::native::vectorized_elementwise_kernel<(int)4, at::native::FillFunctor<float>, std::array<char *, (unsigned long)1>>(int, T2, T3)"
custom_iteration::sampling_decode_b32::1,PushPop,78959,78959,1,1,2528,2528.0,2528.0,2528,2528,0.0,"void at::native::mbtopk::fill<unsigned int, unsigned int>(T1 *, T1, T2)"
custom_iteration::sampling_decode_b32::10,PushPop,78959,78959,1,4,284628,71157.0,68813.0,66461,80541,6360.6,"void at::native::mbtopk::radixFindKthValues<float, unsigned int, unsigned int, (int)2>(at::cuda::detail::TensorInfo<const T1, T2>, unsigned int, unsigned int *, unsigned int, T2, int, int, unsigned int, T3, T3 *, short *)"
custom_iteration::sampling_decode_b32::10,PushPop,78959,78959,1,1,213528,213528.0,213528.0,213528,213528,0.0,"void at::native::mbtopk::gatherTopK<float, unsigned int, (int)2>(at::cuda::detail::TensorInfo<const T1, T2>, T2, T2, bool, unsigned int, T2, at::cuda::detail::TensorInfo<T1, T2>, T2, at::cuda::detail::TensorInfo<long, T2>, T2, unsigned int, unsigned int, T1 *, unsigned int *, unsigned int *, unsigned int)"
custom_iteration::sampling_decode_b32::10,PushPop,78959,78959,1,1,150810,150810.0,150810.0,150810,150810,0.0,"void at::native::unrolled_elementwise_kernel<at::native::direct_copy_kernel_cuda(at::TensorIteratorBase &)::[lambda() (instance 3)]::operator ()() const::[lambda() (instance 7)]::operator ()() const::[lambda(float) (instance 1)], std::array<char *, (unsigned long)2>, (int)4, TrivialOffsetCalculator<(int)1, unsigned int>, TrivialOffsetCalculator<(int)1, unsigned int>, at::native::memory::LoadWithCast<(int)1>, at::native::memory::StoreWithCast<(int)1>>(int, T1, T2, T4, T5, T6, T7)"
custom_iteration::sampling_decode_b32::10,PushPop,78959,78959,1,1,86428,86428.0,86428.0,86428,86428,0.0,"void at::native::vectorized_elementwise_kernel<(int)4, at::native::BUnaryFunctor<float, float, float, at::native::binary_internal::MulFunctor<float>>, std::array<char *, (unsigned long)2>>(int, T2, T3)"
custom_iteration::sampling_decode_b32::10,PushPop,78959,78959,1,4,38110,9527.5,9471.5,9408,9759,157.2,"void at::native::mbtopk::computeBlockwiseWithinKCounts<unsigned int, float>(T1 *, short *, unsigned int *, unsigned int, int, bool, unsigned int *, T2 *, unsigned int *, T1 *, unsigned int)"
custom_iteration::sampling_decode_b32::10,PushPop,78959,78959,1,1,20543,20543.0,20543.0,20543,20543,0.0,"void at::native::radixSortKVInPlace<(int)2, (int)-1, (int)32, (int)4, float, long, unsigned int>(at::cuda::detail::TensorInfo<T5, T7>, T7, T7, T7, at::cuda::detail::TensorInfo<T6, T7>, T7, bool)"
custom_iteration::sampling_decode_b32::10,PushPop,78959,78959,1,2,13440,6720.0,6720.0,4256,9184,3484.6,"void at_cuda_detail::cub::DeviceScanByKeyKernel<at_cuda_detail::cub::DeviceScanByKeyPolicy<at_cuda_detail::cub::TransformInputIterator<unsigned int, at::native::mbtopk::BlockIdxToKey, at_cuda_detail::cub::CountingInputIterator<unsigned int, unsigned int>, long>, unsigned int *, at_cuda_detail::cub::NullType>::Policy520, at_cuda_detail::cub::TransformInputIterator<unsigned int, at::native::mbtopk::BlockIdxToKey, at_cuda_detail::cub::CountingInputIterator<unsigned int, unsigned int>, long>, unsigned int *, unsigned int *, at_cuda_detail::cub::ReduceByKeyScanTileState<unsigned int, int, (bool)1>, at_cuda_detail::cub::Equality, at_cuda_detail::cub::Sum, at_cuda_detail::cub::NullType, int>(T2, T3, T4, T5, int, T6, T7, T8, T9)"
custom_iteration::sampling_decode_b32::10,PushPop,78959,78959,1,2,9824,4912.0,4912.0,4160,5664,1063.5,"void at::native::elementwise_kernel<(int)128, (int)4, void at::native::gpu_kernel_impl_nocast<at::native::<unnamed>::CompareFunctor<float>>(at::TensorIteratorBase &, const T1 &)::[lambda(int) (instance 1)]>(int, T3)"
custom_iteration::sampling_decode_b32::10,PushPop,78959,78959,1,2,9440,4720.0,4720.0,4160,5280,792.0,"void at::native::tensor_kernel_scan_innermost_dim<float, std::plus<float>>(T1 *, const T1 *, unsigned int, unsigned int, unsigned int, T1, T2)"
custom_iteration::sampling_decode_b32::10,PushPop,78959,78959,1,1,8032,8032.0,8032.0,8032,8032,0.0,"void at::native::reduce_kernel<(int)512, (int)1, at::native::ReduceOp<long, at::native::func_wrapper_t<long, at::native::sum_functor<long, long, long>::operator ()(at::TensorIterator &)::[lambda(long, long) (instance 1)]>, unsigned int, long, (int)4, (int)4>>(T3)"
custom_iteration::sampling_decode_b32::10,PushPop,78959,78959,1,1,7903,7903.0,7903.0,7903,7903,0.0,"void at::native::reduce_kernel<(int)512, (int)1, at::native::ReduceOp<float, at::native::func_wrapper_t<float, at::native::sum_functor<float, float, float>::operator ()(at::TensorIterator &)::[lambda(float, float) (instance 1)]>, unsigned int, float, (int)4, (int)4>>(T3)"
custom_iteration::sampling_decode_b32::10,PushPop,78959,78959,1,1,7775,7775.0,7775.0,7775,7775,0.0,"void at::native::unrolled_elementwise_kernel<at::native::direct_copy_kernel_cuda(at::TensorIteratorBase &)::[lambda() (instance 3)]::operator ()() const::[lambda() (instance 4)]::operator ()() const::[lambda(long) (instance 1)], std::array<char *, (unsigned long)2>, (int)4, TrivialOffsetCalculator<(int)1, unsigned int>, TrivialOffsetCalculator<(int)1, unsigned int>, at::native::memory::LoadWithCast<(int)1>, at::native::memory::StoreWithCast<(int)1>>(int, T1, T2, T4, T5, T6, T7)"
custom_iteration::sampling_decode_b32::10,PushPop,78959,78959,1,1,5120,5120.0,5120.0,5120,5120,0.0,"void at::native::elementwise_kernel<(int)128, (int)2, void at::native::gpu_kernel_impl_nocast<at::native::BinaryFunctor<float, float, float, at::native::binary_internal::DivFunctor<float>>>(at::TensorIteratorBase &, const T1 &)::[lambda(int) (instance 1)]>(int, T3)"
custom_iteration::sampling_decode_b32::10,PushPop,78959,78959,1,1,4735,4735.0,4735.0,4735,4735,0.0,"void <unnamed>::softmax_warp_forward<float, float, float, (int)6, (bool)0, (bool)0>(T2 *, const T1 *, int, int, int, const bool *, int, bool)"
custom_iteration::sampling_decode_b32::10,PushPop,78959,78959,1,1,4575,4575.0,4575.0,4575,4575,0.0,"void at::native::_scatter_gather_elementwise_kernel<(int)128, (int)8, void at::native::_cuda_scatter_gather_internal_kernel<(bool)0, at::native::OpaqueType<(int)8>>::operator ()<at::native::TensorAssign>(at::TensorIterator &, long, long, long, const T1 &)::[lambda(int) (instance 1)]>(int, T3)"
custom_iteration::sampling_decode_b32::10,PushPop,78959,78959,1,2,4128,2064.0,2064.0,1920,2208,203.6,"void at_cuda_detail::cub::DeviceScanInitKernel<at_cuda_detail::cub::ReduceByKeyScanTileState<unsigned int, int, (bool)1>>(T1, int)"
custom_iteration::sampling_decode_b32::10,PushPop,78959,78959,1,1,3872,3872.0,3872.0,3872,3872,0.0,"void at::native::vectorized_elementwise_kernel<(int)4, at::native::<unnamed>::launch_clamp_scalar(at::TensorIteratorBase &, c10::Scalar, c10::Scalar, at::native::detail::ClampLimits)::[lambda() (instance 1)]::operator ()() const::[lambda() (instance 7)]::operator ()() const::[lambda(float) (instance 1)], std::array<char *, (unsigned long)2>>(int, T2, T3)"
custom_iteration::sampling_decode_b32::10,PushPop,78959,78959,1,1,3872,3872.0,3872.0,3872,3872,0.0,"void at::native::vectorized_elementwise_kernel<(int)4, void at::native::compare_scalar_kernel<float>(at::TensorIteratorBase &, at::native::<unnamed>::OpType, T1)::[lambda(float) (instance 1)], std::array<char *, (unsigned long)2>>(int, T2, T3)"
custom_iteration::sampling_decode_b32::10,PushPop,78959,78959,1,1,3840,3840.0,3840.0,3840,3840,0.0,"void at::native::vectorized_elementwise_kernel<(int)4, at::native::<unnamed>::masked_fill_kernel(at::TensorIterator &, const c10::Scalar &)::[lambda() (instance 1)]::operator ()() const::[lambda() (instance 7)]::operator ()() const::[lambda(float, bool) (instance 1)], std::array<char *, (unsigned long)3>>(int, T2, T3)"
custom_iteration::sampling_decode_b32::10,PushPop,78959,78959,1,1,3840,3840.0,3840.0,3840,3840,0.0,"void at::native::vectorized_elementwise_kernel<(int)4, at::native::<unnamed>::where_kernel_impl(at::TensorIterator &)::[lambda() (instance 1)]::operator ()() const::[lambda() (instance 11)]::operator ()() const::[lambda(bool, float, float) (instance 1)], std::array<char *, (unsigned long)4>>(int, T2, T3)"
custom_iteration::sampling_decode_b32::10,PushPop,78959,78959,1,1,3584,3584.0,3584.0,3584,3584,0.0,"void at::native::vectorized_elementwise_kernel<(int)2, at::native::<unnamed>::launch_clamp_scalar(at::TensorIteratorBase &, c10::Scalar, c10::Scalar, at::native::detail::ClampLimits)::[lambda() (instance 1)]::operator ()() const::[lambda() (instance 4)]::operator ()() const::[lambda(long) (instance 1)], std::array<char *, (unsigned long)2>>(int, T2, T3)"
custom_iteration::sampling_decode_b32::10,PushPop,78959,78959,1,1,3487,3487.0,3487.0,3487,3487,0.0,"void at::native::vectorized_elementwise_kernel<(int)4, at::native::CUDAFunctor_add<float>, std::array<char *, (unsigned long)3>>(int, T2, T3)"
custom_iteration::sampling_decode_b32::10,PushPop,78959,78959,1,1,2976,2976.0,2976.0,2976,2976,0.0,"void at::native::mbtopk::computeBlockwiseKthCounts<unsigned int>(T1 *, short *, unsigned int, unsigned int, unsigned int *)"
custom_iteration::sampling_decode_b32::10,PushPop,78959,78959,1,1,2943,2943.0,2943.0,2943,2943,0.0,"void at::native::elementwise_kernel<(int)128, (int)2, void at::native::gpu_kernel_impl_nocast<at::native::AUnaryFunctor<float, float, float, at::native::binary_internal::MulFunctor<float>>>(at::TensorIteratorBase &, const T1 &)::[lambda(int) (instance 1)]>(int, T3)"
custom_iteration::sampling_decode_b32::10,PushPop,78959,78959,1,1,2624,2624.0,2624.0,2624,2624,0.0,"void at::native::vectorized_elementwise_kernel<(int)4, at::native::FillFunctor<float>, std::array<char *, (unsigned long)1>>(int, T2, T3)"
custom_iteration::sampling_decode_b32::10,PushPop,78959,78959,1,1,2496,2496.0,2496.0,2496,2496,0.0,"void at::native::mbtopk::fill<unsigned int, unsigned int>(T1 *, T1, T2)"
custom_iteration::sampling_decode_b32::11,PushPop,78959,78959,1,4,287124,71781.0,68477.0,66749,83421,7807.0,"void at::native::mbtopk::radixFindKthValues<float, unsigned int, unsigned int, (int)2>(at::cuda::detail::TensorInfo<const T1, T2>, unsigned int, unsigned int *, unsigned int, T2, int, int, unsigned int, T3, T3 *, short *)"
custom_iteration::sampling_decode_b32::11,PushPop,78959,78959,1,1,216375,216375.0,216375.0,216375,216375,0.0,"void at::native::mbtopk::gatherTopK<float, unsigned int, (int)2>(at::cuda::detail::TensorInfo<const T1, T2>, T2, T2, bool, unsigned int, T2, at::cuda::detail::TensorInfo<T1, T2>, T2, at::cuda::detail::TensorInfo<long, T2>, T2, unsigned int, unsigned int, T1 *, unsigned int *, unsigned int *, unsigned int)"
custom_iteration::sampling_decode_b32::11,PushPop,78959,78959,1,1,151865,151865.0,151865.0,151865,151865,0.0,"void at::native::unrolled_elementwise_kernel<at::native::direct_copy_kernel_cuda(at::TensorIteratorBase &)::[lambda() (instance 3)]::operator ()() const::[lambda() (instance 7)]::operator ()() const::[lambda(float) (instance 1)], std::array<char *, (unsigned long)2>, (int)4, TrivialOffsetCalculator<(int)1, unsigned int>, TrivialOffsetCalculator<(int)1, unsigned int>, at::native::memory::LoadWithCast<(int)1>, at::native::memory::StoreWithCast<(int)1>>(int, T1, T2, T4, T5, T6, T7)"
custom_iteration::sampling_decode_b32::11,PushPop,78959,78959,1,1,84893,84893.0,84893.0,84893,84893,0.0,"void at::native::vectorized_elementwise_kernel<(int)4, at::native::BUnaryFunctor<float, float, float, at::native::binary_internal::MulFunctor<float>>, std::array<char *, (unsigned long)2>>(int, T2, T3)"
custom_iteration::sampling_decode_b32::11,PushPop,78959,78959,1,4,38623,9655.8,9600.0,9536,9887,159.2,"void at::native::mbtopk::computeBlockwiseWithinKCounts<unsigned int, float>(T1 *, short *, unsigned int *, unsigned int, int, bool, unsigned int *, T2 *, unsigned int *, T1 *, unsigned int)"
custom_iteration::sampling_decode_b32::11,PushPop,78959,78959,1,1,20703,20703.0,20703.0,20703,20703,0.0,"void at::native::radixSortKVInPlace<(int)2, (int)-1, (int)32, (int)4, float, long, unsigned int>(at::cuda::detail::TensorInfo<T5, T7>, T7, T7, T7, at::cuda::detail::TensorInfo<T6, T7>, T7, bool)"
custom_iteration::sampling_decode_b32::11,PushPop,78959,78959,1,2,13504,6752.0,6752.0,4384,9120,3348.9,"void at_cuda_detail::cub::DeviceScanByKeyKernel<at_cuda_detail::cub::DeviceScanByKeyPolicy<at_cuda_detail::cub::TransformInputIterator<unsigned int, at::native::mbtopk::BlockIdxToKey, at_cuda_detail::cub::CountingInputIterator<unsigned int, unsigned int>, long>, unsigned int *, at_cuda_detail::cub::NullType>::Policy520, at_cuda_detail::cub::TransformInputIterator<unsigned int, at::native::mbtopk::BlockIdxToKey, at_cuda_detail::cub::CountingInputIterator<unsigned int, unsigned int>, long>, unsigned int *, unsigned int *, at_cuda_detail::cub::ReduceByKeyScanTileState<unsigned int, int, (bool)1>, at_cuda_detail::cub::Equality, at_cuda_detail::cub::Sum, at_cuda_detail::cub::NullType, int>(T2, T3, T4, T5, int, T6, T7, T8, T9)"
custom_iteration::sampling_decode_b32::11,PushPop,78959,78959,1,2,9600,4800.0,4800.0,4192,5408,859.8,"void at::native::elementwise_kernel<(int)128, (int)4, void at::native::gpu_kernel_impl_nocast<at::native::<unnamed>::CompareFunctor<float>>(at::TensorIteratorBase &, const T1 &)::[lambda(int) (instance 1)]>(int, T3)"
custom_iteration::sampling_decode_b32::11,PushPop,78959,78959,1,2,9279,4639.5,4639.5,4160,5119,678.1,"void at::native::tensor_kernel_scan_innermost_dim<float, std::plus<float>>(T1 *, const T1 *, unsigned int, unsigned int, unsigned int, T1, T2)"
custom_iteration::sampling_decode_b32::11,PushPop,78959,78959,1,1,8000,8000.0,8000.0,8000,8000,0.0,"void at::native::reduce_kernel<(int)512, (int)1, at::native::ReduceOp<long, at::native::func_wrapper_t<long, at::native::sum_functor<long, long, long>::operator ()(at::TensorIterator &)::[lambda(long, long) (instance 1)]>, unsigned int, long, (int)4, (int)4>>(T3)"
custom_iteration::sampling_decode_b32::11,PushPop,78959,78959,1,1,7936,7936.0,7936.0,7936,7936,0.0,"void at::native::reduce_kernel<(int)512, (int)1, at::native::ReduceOp<float, at::native::func_wrapper_t<float, at::native::sum_functor<float, float, float>::operator ()(at::TensorIterator &)::[lambda(float, float) (instance 1)]>, unsigned int, float, (int)4, (int)4>>(T3)"
custom_iteration::sampling_decode_b32::11,PushPop,78959,78959,1,1,7935,7935.0,7935.0,7935,7935,0.0,"void at::native::unrolled_elementwise_kernel<at::native::direct_copy_kernel_cuda(at::TensorIteratorBase &)::[lambda() (instance 3)]::operator ()() const::[lambda() (instance 4)]::operator ()() const::[lambda(long) (instance 1)], std::array<char *, (unsigned long)2>, (int)4, TrivialOffsetCalculator<(int)1, unsigned int>, TrivialOffsetCalculator<(int)1, unsigned int>, at::native::memory::LoadWithCast<(int)1>, at::native::memory::StoreWithCast<(int)1>>(int, T1, T2, T4, T5, T6, T7)"
custom_iteration::sampling_decode_b32::11,PushPop,78959,78959,1,1,5248,5248.0,5248.0,5248,5248,0.0,"void at::native::elementwise_kernel<(int)128, (int)2, void at::native::gpu_kernel_impl_nocast<at::native::BinaryFunctor<float, float, float, at::native::binary_internal::DivFunctor<float>>>(at::TensorIteratorBase &, const T1 &)::[lambda(int) (instance 1)]>(int, T3)"
custom_iteration::sampling_decode_b32::11,PushPop,78959,78959,1,1,4704,4704.0,4704.0,4704,4704,0.0,"void at::native::_scatter_gather_elementwise_kernel<(int)128, (int)8, void at::native::_cuda_scatter_gather_internal_kernel<(bool)0, at::native::OpaqueType<(int)8>>::operator ()<at::native::TensorAssign>(at::TensorIterator &, long, long, long, const T1 &)::[lambda(int) (instance 1)]>(int, T3)"
custom_iteration::sampling_decode_b32::11,PushPop,78959,78959,1,1,4608,4608.0,4608.0,4608,4608,0.0,"void <unnamed>::softmax_warp_forward<float, float, float, (int)6, (bool)0, (bool)0>(T2 *, const T1 *, int, int, int, const bool *, int, bool)"
custom_iteration::sampling_decode_b32::11,PushPop,78959,78959,1,2,4063,2031.5,2031.5,1920,2143,157.7,"void at_cuda_detail::cub::DeviceScanInitKernel<at_cuda_detail::cub::ReduceByKeyScanTileState<unsigned int, int, (bool)1>>(T1, int)"
custom_iteration::sampling_decode_b32::11,PushPop,78959,78959,1,1,3872,3872.0,3872.0,3872,3872,0.0,"void at::native::vectorized_elementwise_kernel<(int)4, at::native::<unnamed>::where_kernel_impl(at::TensorIterator &)::[lambda() (instance 1)]::operator ()() const::[lambda() (instance 11)]::operator ()() const::[lambda(bool, float, float) (instance 1)], std::array<char *, (unsigned long)4>>(int, T2, T3)"
custom_iteration::sampling_decode_b32::11,PushPop,78959,78959,1,1,3871,3871.0,3871.0,3871,3871,0.0,"void at::native::vectorized_elementwise_kernel<(int)4, at::native::<unnamed>::launch_clamp_scalar(at::TensorIteratorBase &, c10::Scalar, c10::Scalar, at::native::detail::ClampLimits)::[lambda() (instance 1)]::operator ()() const::[lambda() (instance 7)]::operator ()() const::[lambda(float) (instance 1)], std::array<char *, (unsigned long)2>>(int, T2, T3)"
custom_iteration::sampling_decode_b32::11,PushPop,78959,78959,1,1,3744,3744.0,3744.0,3744,3744,0.0,"void at::native::vectorized_elementwise_kernel<(int)4, at::native::<unnamed>::masked_fill_kernel(at::TensorIterator &, const c10::Scalar &)::[lambda() (instance 1)]::operator ()() const::[lambda() (instance 7)]::operator ()() const::[lambda(float, bool) (instance 1)], std::array<char *, (unsigned long)3>>(int, T2, T3)"
custom_iteration::sampling_decode_b32::11,PushPop,78959,78959,1,1,3584,3584.0,3584.0,3584,3584,0.0,"void at::native::vectorized_elementwise_kernel<(int)4, void at::native::compare_scalar_kernel<float>(at::TensorIteratorBase &, at::native::<unnamed>::OpType, T1)::[lambda(float) (instance 1)], std::array<char *, (unsigned long)2>>(int, T2, T3)"
custom_iteration::sampling_decode_b32::11,PushPop,78959,78959,1,1,3456,3456.0,3456.0,3456,3456,0.0,"void at::native::vectorized_elementwise_kernel<(int)2, at::native::<unnamed>::launch_clamp_scalar(at::TensorIteratorBase &, c10::Scalar, c10::Scalar, at::native::detail::ClampLimits)::[lambda() (instance 1)]::operator ()() const::[lambda() (instance 4)]::operator ()() const::[lambda(long) (instance 1)], std::array<char *, (unsigned long)2>>(int, T2, T3)"
custom_iteration::sampling_decode_b32::11,PushPop,78959,78959,1,1,3391,3391.0,3391.0,3391,3391,0.0,"void at::native::vectorized_elementwise_kernel<(int)4, at::native::CUDAFunctor_add<float>, std::array<char *, (unsigned long)3>>(int, T2, T3)"
custom_iteration::sampling_decode_b32::11,PushPop,78959,78959,1,1,3040,3040.0,3040.0,3040,3040,0.0,"void at::native::mbtopk::computeBlockwiseKthCounts<unsigned int>(T1 *, short *, unsigned int, unsigned int, unsigned int *)"
custom_iteration::sampling_decode_b32::11,PushPop,78959,78959,1,1,2944,2944.0,2944.0,2944,2944,0.0,"void at::native::elementwise_kernel<(int)128, (int)2, void at::native::gpu_kernel_impl_nocast<at::native::AUnaryFunctor<float, float, float, at::native::binary_internal::MulFunctor<float>>>(at::TensorIteratorBase &, const T1 &)::[lambda(int) (instance 1)]>(int, T3)"
custom_iteration::sampling_decode_b32::11,PushPop,78959,78959,1,1,2656,2656.0,2656.0,2656,2656,0.0,"void at::native::vectorized_elementwise_kernel<(int)4, at::native::FillFunctor<float>, std::array<char *, (unsigned long)1>>(int, T2, T3)"
custom_iteration::sampling_decode_b32::11,PushPop,78959,78959,1,1,2528,2528.0,2528.0,2528,2528,0.0,"void at::native::mbtopk::fill<unsigned int, unsigned int>(T1 *, T1, T2)"
custom_iteration::sampling_decode_b32::2,PushPop,78959,78959,1,4,284724,71181.0,68477.0,66494,81276,6973.1,"void at::native::mbtopk::radixFindKthValues<float, unsigned int, unsigned int, (int)2>(at::cuda::detail::TensorInfo<const T1, T2>, unsigned int, unsigned int *, unsigned int, T2, int, int, unsigned int, T3, T3 *, short *)"
custom_iteration::sampling_decode_b32::2,PushPop,78959,78959,1,1,215351,215351.0,215351.0,215351,215351,0.0,"void at::native::mbtopk::gatherTopK<float, unsigned int, (int)2>(at::cuda::detail::TensorInfo<const T1, T2>, T2, T2, bool, unsigned int, T2, at::cuda::detail::TensorInfo<T1, T2>, T2, at::cuda::detail::TensorInfo<long, T2>, T2, unsigned int, unsigned int, T1 *, unsigned int *, unsigned int *, unsigned int)"
custom_iteration::sampling_decode_b32::2,PushPop,78959,78959,1,1,151770,151770.0,151770.0,151770,151770,0.0,"void at::native::unrolled_elementwise_kernel<at::native::direct_copy_kernel_cuda(at::TensorIteratorBase &)::[lambda() (instance 3)]::operator ()() const::[lambda() (instance 7)]::operator ()() const::[lambda(float) (instance 1)], std::array<char *, (unsigned long)2>, (int)4, TrivialOffsetCalculator<(int)1, unsigned int>, TrivialOffsetCalculator<(int)1, unsigned int>, at::native::memory::LoadWithCast<(int)1>, at::native::memory::StoreWithCast<(int)1>>(int, T1, T2, T4, T5, T6, T7)"
custom_iteration::sampling_decode_b32::2,PushPop,78959,78959,1,1,85533,85533.0,85533.0,85533,85533,0.0,"void at::native::vectorized_elementwise_kernel<(int)4, at::native::BUnaryFunctor<float, float, float, at::native::binary_internal::MulFunctor<float>>, std::array<char *, (unsigned long)2>>(int, T2, T3)"
custom_iteration::sampling_decode_b32::2,PushPop,78959,78959,1,4,37918,9479.5,9439.5,9279,9760,201.7,"void at::native::mbtopk::computeBlockwiseWithinKCounts<unsigned int, float>(T1 *, short *, unsigned int *, unsigned int, int, bool, unsigned int *, T2 *, unsigned int *, T1 *, unsigned int)"
custom_iteration::sampling_decode_b32::2,PushPop,78959,78959,1,1,20607,20607.0,20607.0,20607,20607,0.0,"void at::native::radixSortKVInPlace<(int)2, (int)-1, (int)32, (int)4, float, long, unsigned int>(at::cuda::detail::TensorInfo<T5, T7>, T7, T7, T7, at::cuda::detail::TensorInfo<T6, T7>, T7, bool)"
custom_iteration::sampling_decode_b32::2,PushPop,78959,78959,1,2,13568,6784.0,6784.0,4256,9312,3575.1,"void at_cuda_detail::cub::DeviceScanByKeyKernel<at_cuda_detail::cub::DeviceScanByKeyPolicy<at_cuda_detail::cub::TransformInputIterator<unsigned int, at::native::mbtopk::BlockIdxToKey, at_cuda_detail::cub::CountingInputIterator<unsigned int, unsigned int>, long>, unsigned int *, at_cuda_detail::cub::NullType>::Policy520, at_cuda_detail::cub::TransformInputIterator<unsigned int, at::native::mbtopk::BlockIdxToKey, at_cuda_detail::cub::CountingInputIterator<unsigned int, unsigned int>, long>, unsigned int *, unsigned int *, at_cuda_detail::cub::ReduceByKeyScanTileState<unsigned int, int, (bool)1>, at_cuda_detail::cub::Equality, at_cuda_detail::cub::Sum, at_cuda_detail::cub::NullType, int>(T2, T3, T4, T5, int, T6, T7, T8, T9)"
custom_iteration::sampling_decode_b32::2,PushPop,78959,78959,1,2,9888,4944.0,4944.0,4256,5632,973.0,"void at::native::elementwise_kernel<(int)128, (int)4, void at::native::gpu_kernel_impl_nocast<at::native::<unnamed>::CompareFunctor<float>>(at::TensorIteratorBase &, const T1 &)::[lambda(int) (instance 1)]>(int, T3)"
custom_iteration::sampling_decode_b32::2,PushPop,78959,78959,1,2,9471,4735.5,4735.5,4192,5279,768.6,"void at::native::tensor_kernel_scan_innermost_dim<float, std::plus<float>>(T1 *, const T1 *, unsigned int, unsigned int, unsigned int, T1, T2)"
custom_iteration::sampling_decode_b32::2,PushPop,78959,78959,1,1,8032,8032.0,8032.0,8032,8032,0.0,"void at::native::unrolled_elementwise_kernel<at::native::direct_copy_kernel_cuda(at::TensorIteratorBase &)::[lambda() (instance 3)]::operator ()() const::[lambda() (instance 4)]::operator ()() const::[lambda(long) (instance 1)], std::array<char *, (unsigned long)2>, (int)4, TrivialOffsetCalculator<(int)1, unsigned int>, TrivialOffsetCalculator<(int)1, unsigned int>, at::native::memory::LoadWithCast<(int)1>, at::native::memory::StoreWithCast<(int)1>>(int, T1, T2, T4, T5, T6, T7)"
custom_iteration::sampling_decode_b32::2,PushPop,78959,78959,1,1,7936,7936.0,7936.0,7936,7936,0.0,"void at::native::reduce_kernel<(int)512, (int)1, at::native::ReduceOp<long, at::native::func_wrapper_t<long, at::native::sum_functor<long, long, long>::operator ()(at::TensorIterator &)::[lambda(long, long) (instance 1)]>, unsigned int, long, (int)4, (int)4>>(T3)"
custom_iteration::sampling_decode_b32::2,PushPop,78959,78959,1,1,7872,7872.0,7872.0,7872,7872,0.0,"void at::native::reduce_kernel<(int)512, (int)1, at::native::ReduceOp<float, at::native::func_wrapper_t<float, at::native::sum_functor<float, float, float>::operator ()(at::TensorIterator &)::[lambda(float, float) (instance 1)]>, unsigned int, float, (int)4, (int)4>>(T3)"
custom_iteration::sampling_decode_b32::2,PushPop,78959,78959,1,1,5216,5216.0,5216.0,5216,5216,0.0,"void at::native::elementwise_kernel<(int)128, (int)2, void at::native::gpu_kernel_impl_nocast<at::native::BinaryFunctor<float, float, float, at::native::binary_internal::DivFunctor<float>>>(at::TensorIteratorBase &, const T1 &)::[lambda(int) (instance 1)]>(int, T3)"
custom_iteration::sampling_decode_b32::2,PushPop,78959,78959,1,1,4640,4640.0,4640.0,4640,4640,0.0,"void at::native::_scatter_gather_elementwise_kernel<(int)128, (int)8, void at::native::_cuda_scatter_gather_internal_kernel<(bool)0, at::native::OpaqueType<(int)8>>::operator ()<at::native::TensorAssign>(at::TensorIterator &, long, long, long, const T1 &)::[lambda(int) (instance 1)]>(int, T3)"
custom_iteration::sampling_decode_b32::2,PushPop,78959,78959,1,1,4576,4576.0,4576.0,4576,4576,0.0,"void <unnamed>::softmax_warp_forward<float, float, float, (int)6, (bool)0, (bool)0>(T2 *, const T1 *, int, int, int, const bool *, int, bool)"
custom_iteration::sampling_decode_b32::2,PushPop,78959,78959,1,2,4064,2032.0,2032.0,1920,2144,158.4,"void at_cuda_detail::cub::DeviceScanInitKernel<at_cuda_detail::cub::ReduceByKeyScanTileState<unsigned int, int, (bool)1>>(T1, int)"
custom_iteration::sampling_decode_b32::2,PushPop,78959,78959,1,1,3936,3936.0,3936.0,3936,3936,0.0,"void at::native::vectorized_elementwise_kernel<(int)4, at::native::<unnamed>::launch_clamp_scalar(at::TensorIteratorBase &, c10::Scalar, c10::Scalar, at::native::detail::ClampLimits)::[lambda() (instance 1)]::operator ()() const::[lambda() (instance 7)]::operator ()() const::[lambda(float) (instance 1)], std::array<char *, (unsigned long)2>>(int, T2, T3)"
custom_iteration::sampling_decode_b32::2,PushPop,78959,78959,1,1,3839,3839.0,3839.0,3839,3839,0.0,"void at::native::vectorized_elementwise_kernel<(int)4, at::native::<unnamed>::where_kernel_impl(at::TensorIterator &)::[lambda() (instance 1)]::operator ()() const::[lambda() (instance 11)]::operator ()() const::[lambda(bool, float, float) (instance 1)], std::array<char *, (unsigned long)4>>(int, T2, T3)"
custom_iteration::sampling_decode_b32::2,PushPop,78959,78959,1,1,3776,3776.0,3776.0,3776,3776,0.0,"void at::native::vectorized_elementwise_kernel<(int)4, void at::native::compare_scalar_kernel<float>(at::TensorIteratorBase &, at::native::<unnamed>::OpType, T1)::[lambda(float) (instance 1)], std::array<char *, (unsigned long)2>>(int, T2, T3)"
custom_iteration::sampling_decode_b32::2,PushPop,78959,78959,1,1,3743,3743.0,3743.0,3743,3743,0.0,"void at::native::vectorized_elementwise_kernel<(int)4, at::native::<unnamed>::masked_fill_kernel(at::TensorIterator &, const c10::Scalar &)::[lambda() (instance 1)]::operator ()() const::[lambda() (instance 7)]::operator ()() const::[lambda(float, bool) (instance 1)], std::array<char *, (unsigned long)3>>(int, T2, T3)"
custom_iteration::sampling_decode_b32::2,PushPop,78959,78959,1,1,3455,3455.0,3455.0,3455,3455,0.0,"void at::native::vectorized_elementwise_kernel<(int)2, at::native::<unnamed>::launch_clamp_scalar(at::TensorIteratorBase &, c10::Scalar, c10::Scalar, at::native::detail::ClampLimits)::[lambda() (instance 1)]::operator ()() const::[lambda() (instance 4)]::operator ()() const::[lambda(long) (instance 1)], std::array<char *, (unsigned long)2>>(int, T2, T3)"
custom_iteration::sampling_decode_b32::2,PushPop,78959,78959,1,1,3424,3424.0,3424.0,3424,3424,0.0,"void at::native::vectorized_elementwise_kernel<(int)4, at::native::CUDAFunctor_add<float>, std::array<char *, (unsigned long)3>>(int, T2, T3)"
custom_iteration::sampling_decode_b32::2,PushPop,78959,78959,1,1,3040,3040.0,3040.0,3040,3040,0.0,"void at::native::mbtopk::computeBlockwiseKthCounts<unsigned int>(T1 *, short *, unsigned int, unsigned int, unsigned int *)"
custom_iteration::sampling_decode_b32::2,PushPop,78959,78959,1,1,2944,2944.0,2944.0,2944,2944,0.0,"void at::native::elementwise_kernel<(int)128, (int)2, void at::native::gpu_kernel_impl_nocast<at::native::AUnaryFunctor<float, float, float, at::native::binary_internal::MulFunctor<float>>>(at::TensorIteratorBase &, const T1 &)::[lambda(int) (instance 1)]>(int, T3)"
custom_iteration::sampling_decode_b32::2,PushPop,78959,78959,1,1,2592,2592.0,2592.0,2592,2592,0.0,"void at::native::vectorized_elementwise_kernel<(int)4, at::native::FillFunctor<float>, std::array<char *, (unsigned long)1>>(int, T2, T3)"
custom_iteration::sampling_decode_b32::2,PushPop,78959,78959,1,1,2496,2496.0,2496.0,2496,2496,0.0,"void at::native::mbtopk::fill<unsigned int, unsigned int>(T1 *, T1, T2)"
custom_iteration::sampling_decode_b32::3,PushPop,78959,78959,1,4,286100,71525.0,68621.0,67326,81532,6734.9,"void at::native::mbtopk::radixFindKthValues<float, unsigned int, unsigned int, (int)2>(at::cuda::detail::TensorInfo<const T1, T2>, unsigned int, unsigned int *, unsigned int, T2, int, int, unsigned int, T3, T3 *, short *)"
custom_iteration::sampling_decode_b32::3,PushPop,78959,78959,1,1,216887,216887.0,216887.0,216887,216887,0.0,"void at::native::mbtopk::gatherTopK<float, unsigned int, (int)2>(at::cuda::detail::TensorInfo<const T1, T2>, T2, T2, bool, unsigned int, T2, at::cuda::detail::TensorInfo<T1, T2>, T2, at::cuda::detail::TensorInfo<long, T2>, T2, unsigned int, unsigned int, T1 *, unsigned int *, unsigned int *, unsigned int)"
custom_iteration::sampling_decode_b32::3,PushPop,78959,78959,1,1,150362,150362.0,150362.0,150362,150362,0.0,"void at::native::unrolled_elementwise_kernel<at::native::direct_copy_kernel_cuda(at::TensorIteratorBase &)::[lambda() (instance 3)]::operator ()() const::[lambda() (instance 7)]::operator ()() const::[lambda(float) (instance 1)], std::array<char *, (unsigned long)2>, (int)4, TrivialOffsetCalculator<(int)1, unsigned int>, TrivialOffsetCalculator<(int)1, unsigned int>, at::native::memory::LoadWithCast<(int)1>, at::native::memory::StoreWithCast<(int)1>>(int, T1, T2, T4, T5, T6, T7)"
custom_iteration::sampling_decode_b32::3,PushPop,78959,78959,1,1,85468,85468.0,85468.0,85468,85468,0.0,"void at::native::vectorized_elementwise_kernel<(int)4, at::native::BUnaryFunctor<float, float, float, at::native::binary_internal::MulFunctor<float>>, std::array<char *, (unsigned long)2>>(int, T2, T3)"
custom_iteration::sampling_decode_b32::3,PushPop,78959,78959,1,4,38367,9591.8,9503.5,9280,10080,342.1,"void at::native::mbtopk::computeBlockwiseWithinKCounts<unsigned int, float>(T1 *, short *, unsigned int *, unsigned int, int, bool, unsigned int *, T2 *, unsigned int *, T1 *, unsigned int)"
custom_iteration::sampling_decode_b32::3,PushPop,78959,78959,1,1,19679,19679.0,19679.0,19679,19679,0.0,"void at::native::radixSortKVInPlace<(int)2, (int)-1, (int)32, (int)4, float, long, unsigned int>(at::cuda::detail::TensorInfo<T5, T7>, T7, T7, T7, at::cuda::detail::TensorInfo<T6, T7>, T7, bool)"
custom_iteration::sampling_decode_b32::3,PushPop,78959,78959,1,2,13567,6783.5,6783.5,4288,9279,3529.2,"void at_cuda_detail::cub::DeviceScanByKeyKernel<at_cuda_detail::cub::DeviceScanByKeyPolicy<at_cuda_detail::cub::TransformInputIterator<unsigned int, at::native::mbtopk::BlockIdxToKey, at_cuda_detail::cub::CountingInputIterator<unsigned int, unsigned int>, long>, unsigned int *, at_cuda_detail::cub::NullType>::Policy520, at_cuda_detail::cub::TransformInputIterator<unsigned int, at::native::mbtopk::BlockIdxToKey, at_cuda_detail::cub::CountingInputIterator<unsigned int, unsigned int>, long>, unsigned int *, unsigned int *, at_cuda_detail::cub::ReduceByKeyScanTileState<unsigned int, int, (bool)1>, at_cuda_detail::cub::Equality, at_cuda_detail::cub::Sum, at_cuda_detail::cub::NullType, int>(T2, T3, T4, T5, int, T6, T7, T8, T9)"
custom_iteration::sampling_decode_b32::3,PushPop,78959,78959,1,2,9536,4768.0,4768.0,4192,5344,814.6,"void at::native::elementwise_kernel<(int)128, (int)4, void at::native::gpu_kernel_impl_nocast<at::native::<unnamed>::CompareFunctor<float>>(at::TensorIteratorBase &, const T1 &)::[lambda(int) (instance 1)]>(int, T3)"
custom_iteration::sampling_decode_b32::3,PushPop,78959,78959,1,2,9312,4656.0,4656.0,4160,5152,701.4,"void at::native::tensor_kernel_scan_innermost_dim<float, std::plus<float>>(T1 *, const T1 *, unsigned int, unsigned int, unsigned int, T1, T2)"
custom_iteration::sampling_decode_b32::3,PushPop,78959,78959,1,1,8128,8128.0,8128.0,8128,8128,0.0,"void at::native::reduce_kernel<(int)512, (int)1, at::native::ReduceOp<float, at::native::func_wrapper_t<float, at::native::sum_functor<float, float, float>::operator ()(at::TensorIterator &)::[lambda(float, float) (instance 1)]>, unsigned int, float, (int)4, (int)4>>(T3)"
custom_iteration::sampling_decode_b32::3,PushPop,78959,78959,1,1,7968,7968.0,7968.0,7968,7968,0.0,"void at::native::reduce_kernel<(int)512, (int)1, at::native::ReduceOp<long, at::native::func_wrapper_t<long, at::native::sum_functor<long, long, long>::operator ()(at::TensorIterator &)::[lambda(long, long) (instance 1)]>, unsigned int, long, (int)4, (int)4>>(T3)"
custom_iteration::sampling_decode_b32::3,PushPop,78959,78959,1,1,7520,7520.0,7520.0,7520,7520,0.0,"void at::native::unrolled_elementwise_kernel<at::native::direct_copy_kernel_cuda(at::TensorIteratorBase &)::[lambda() (instance 3)]::operator ()() const::[lambda() (instance 4)]::operator ()() const::[lambda(long) (instance 1)], std::array<char *, (unsigned long)2>, (int)4, TrivialOffsetCalculator<(int)1, unsigned int>, TrivialOffsetCalculator<(int)1, unsigned int>, at::native::memory::LoadWithCast<(int)1>, at::native::memory::StoreWithCast<(int)1>>(int, T1, T2, T4, T5, T6, T7)"
custom_iteration::sampling_decode_b32::3,PushPop,78959,78959,1,1,5152,5152.0,5152.0,5152,5152,0.0,"void at::native::elementwise_kernel<(int)128, (int)2, void at::native::gpu_kernel_impl_nocast<at::native::BinaryFunctor<float, float, float, at::native::binary_internal::DivFunctor<float>>>(at::TensorIteratorBase &, const T1 &)::[lambda(int) (instance 1)]>(int, T3)"
custom_iteration::sampling_decode_b32::3,PushPop,78959,78959,1,1,4832,4832.0,4832.0,4832,4832,0.0,"void at::native::_scatter_gather_elementwise_kernel<(int)128, (int)8, void at::native::_cuda_scatter_gather_internal_kernel<(bool)0, at::native::OpaqueType<(int)8>>::operator ()<at::native::TensorAssign>(at::TensorIterator &, long, long, long, const T1 &)::[lambda(int) (instance 1)]>(int, T3)"
custom_iteration::sampling_decode_b32::3,PushPop,78959,78959,1,1,4576,4576.0,4576.0,4576,4576,0.0,"void <unnamed>::softmax_warp_forward<float, float, float, (int)6, (bool)0, (bool)0>(T2 *, const T1 *, int, int, int, const bool *, int, bool)"
custom_iteration::sampling_decode_b32::3,PushPop,78959,78959,1,2,4128,2064.0,2064.0,1952,2176,158.4,"void at_cuda_detail::cub::DeviceScanInitKernel<at_cuda_detail::cub::ReduceByKeyScanTileState<unsigned int, int, (bool)1>>(T1, int)"
custom_iteration::sampling_decode_b32::3,PushPop,78959,78959,1,1,3936,3936.0,3936.0,3936,3936,0.0,"void at::native::vectorized_elementwise_kernel<(int)4, at::native::<unnamed>::launch_clamp_scalar(at::TensorIteratorBase &, c10::Scalar, c10::Scalar, at::native::detail::ClampLimits)::[lambda() (instance 1)]::operator ()() const::[lambda() (instance 7)]::operator ()() const::[lambda(float) (instance 1)], std::array<char *, (unsigned long)2>>(int, T2, T3)"
custom_iteration::sampling_decode_b32::3,PushPop,78959,78959,1,1,3839,3839.0,3839.0,3839,3839,0.0,"void at::native::vectorized_elementwise_kernel<(int)4, at::native::<unnamed>::where_kernel_impl(at::TensorIterator &)::[lambda() (instance 1)]::operator ()() const::[lambda() (instance 11)]::operator ()() const::[lambda(bool, float, float) (instance 1)], std::array<char *, (unsigned long)4>>(int, T2, T3)"
custom_iteration::sampling_decode_b32::3,PushPop,78959,78959,1,1,3808,3808.0,3808.0,3808,3808,0.0,"void at::native::vectorized_elementwise_kernel<(int)4, void at::native::compare_scalar_kernel<float>(at::TensorIteratorBase &, at::native::<unnamed>::OpType, T1)::[lambda(float) (instance 1)], std::array<char *, (unsigned long)2>>(int, T2, T3)"
custom_iteration::sampling_decode_b32::3,PushPop,78959,78959,1,1,3743,3743.0,3743.0,3743,3743,0.0,"void at::native::vectorized_elementwise_kernel<(int)4, at::native::<unnamed>::masked_fill_kernel(at::TensorIterator &, const c10::Scalar &)::[lambda() (instance 1)]::operator ()() const::[lambda() (instance 7)]::operator ()() const::[lambda(float, bool) (instance 1)], std::array<char *, (unsigned long)3>>(int, T2, T3)"
custom_iteration::sampling_decode_b32::3,PushPop,78959,78959,1,1,3520,3520.0,3520.0,3520,3520,0.0,"void at::native::vectorized_elementwise_kernel<(int)2, at::native::<unnamed>::launch_clamp_scalar(at::TensorIteratorBase &, c10::Scalar, c10::Scalar, at::native::detail::ClampLimits)::[lambda() (instance 1)]::operator ()() const::[lambda() (instance 4)]::operator ()() const::[lambda(long) (instance 1)], std::array<char *, (unsigned long)2>>(int, T2, T3)"
custom_iteration::sampling_decode_b32::3,PushPop,78959,78959,1,1,3456,3456.0,3456.0,3456,3456,0.0,"void at::native::vectorized_elementwise_kernel<(int)4, at::native::CUDAFunctor_add<float>, std::array<char *, (unsigned long)3>>(int, T2, T3)"
custom_iteration::sampling_decode_b32::3,PushPop,78959,78959,1,1,2976,2976.0,2976.0,2976,2976,0.0,"void at::native::mbtopk::computeBlockwiseKthCounts<unsigned int>(T1 *, short *, unsigned int, unsigned int, unsigned int *)"
custom_iteration::sampling_decode_b32::3,PushPop,78959,78959,1,1,2912,2912.0,2912.0,2912,2912,0.0,"void at::native::elementwise_kernel<(int)128, (int)2, void at::native::gpu_kernel_impl_nocast<at::native::AUnaryFunctor<float, float, float, at::native::binary_internal::MulFunctor<float>>>(at::TensorIteratorBase &, const T1 &)::[lambda(int) (instance 1)]>(int, T3)"
custom_iteration::sampling_decode_b32::3,PushPop,78959,78959,1,1,2624,2624.0,2624.0,2624,2624,0.0,"void at::native::vectorized_elementwise_kernel<(int)4, at::native::FillFunctor<float>, std::array<char *, (unsigned long)1>>(int, T2, T3)"
custom_iteration::sampling_decode_b32::3,PushPop,78959,78959,1,1,2496,2496.0,2496.0,2496,2496,0.0,"void at::native::mbtopk::fill<unsigned int, unsigned int>(T1 *, T1, T2)"
custom_iteration::sampling_decode_b32::4,PushPop,78959,78959,1,4,283795,70948.8,69053.0,66205,79484,5909.6,"void at::native::mbtopk::radixFindKthValues<float, unsigned int, unsigned int, (int)2>(at::cuda::detail::TensorInfo<const T1, T2>, unsigned int, unsigned int *, unsigned int, T2, int, int, unsigned int, T3, T3 *, short *)"
custom_iteration::sampling_decode_b32::4,PushPop,78959,78959,1,1,213591,213591.0,213591.0,213591,213591,0.0,"void at::native::mbtopk::gatherTopK<float, unsigned int, (int)2>(at::cuda::detail::TensorInfo<const T1, T2>, T2, T2, bool, unsigned int, T2, at::cuda::detail::TensorInfo<T1, T2>, T2, at::cuda::detail::TensorInfo<long, T2>, T2, unsigned int, unsigned int, T1 *, unsigned int *, unsigned int *, unsigned int)"
custom_iteration::sampling_decode_b32::4,PushPop,78959,78959,1,1,151034,151034.0,151034.0,151034,151034,0.0,"void at::native::unrolled_elementwise_kernel<at::native::direct_copy_kernel_cuda(at::TensorIteratorBase &)::[lambda() (instance 3)]::operator ()() const::[lambda() (instance 7)]::operator ()() const::[lambda(float) (instance 1)], std::array<char *, (unsigned long)2>, (int)4, TrivialOffsetCalculator<(int)1, unsigned int>, TrivialOffsetCalculator<(int)1, unsigned int>, at::native::memory::LoadWithCast<(int)1>, at::native::memory::StoreWithCast<(int)1>>(int, T1, T2, T4, T5, T6, T7)"
custom_iteration::sampling_decode_b32::4,PushPop,78959,78959,1,1,85244,85244.0,85244.0,85244,85244,0.0,"void at::native::vectorized_elementwise_kernel<(int)4, at::native::BUnaryFunctor<float, float, float, at::native::binary_internal::MulFunctor<float>>, std::array<char *, (unsigned long)2>>(int, T2, T3)"
custom_iteration::sampling_decode_b32::4,PushPop,78959,78959,1,4,37982,9495.5,9359.5,9311,9952,307.7,"void at::native::mbtopk::computeBlockwiseWithinKCounts<unsigned int, float>(T1 *, short *, unsigned int *, unsigned int, int, bool, unsigned int *, T2 *, unsigned int *, T1 *, unsigned int)"
custom_iteration::sampling_decode_b32::4,PushPop,78959,78959,1,1,19711,19711.0,19711.0,19711,19711,0.0,"void at::native::radixSortKVInPlace<(int)2, (int)-1, (int)32, (int)4, float, long, unsigned int>(at::cuda::detail::TensorInfo<T5, T7>, T7, T7, T7, at::cuda::detail::TensorInfo<T6, T7>, T7, bool)"
custom_iteration::sampling_decode_b32::4,PushPop,78959,78959,1,2,13567,6783.5,6783.5,4288,9279,3529.2,"void at_cuda_detail::cub::DeviceScanByKeyKernel<at_cuda_detail::cub::DeviceScanByKeyPolicy<at_cuda_detail::cub::TransformInputIterator<unsigned int, at::native::mbtopk::BlockIdxToKey, at_cuda_detail::cub::CountingInputIterator<unsigned int, unsigned int>, long>, unsigned int *, at_cuda_detail::cub::NullType>::Policy520, at_cuda_detail::cub::TransformInputIterator<unsigned int, at::native::mbtopk::BlockIdxToKey, at_cuda_detail::cub::CountingInputIterator<unsigned int, unsigned int>, long>, unsigned int *, unsigned int *, at_cuda_detail::cub::ReduceByKeyScanTileState<unsigned int, int, (bool)1>, at_cuda_detail::cub::Equality, at_cuda_detail::cub::Sum, at_cuda_detail::cub::NullType, int>(T2, T3, T4, T5, int, T6, T7, T8, T9)"
custom_iteration::sampling_decode_b32::4,PushPop,78959,78959,1,2,9599,4799.5,4799.5,4191,5408,860.5,"void at::native::elementwise_kernel<(int)128, (int)4, void at::native::gpu_kernel_impl_nocast<at::native::<unnamed>::CompareFunctor<float>>(at::TensorIteratorBase &, const T1 &)::[lambda(int) (instance 1)]>(int, T3)"
custom_iteration::sampling_decode_b32::4,PushPop,78959,78959,1,2,9343,4671.5,4671.5,4128,5215,768.6,"void at::native::tensor_kernel_scan_innermost_dim<float, std::plus<float>>(T1 *, const T1 *, unsigned int, unsigned int, unsigned int, T1, T2)"
custom_iteration::sampling_decode_b32::4,PushPop,78959,78959,1,1,8160,8160.0,8160.0,8160,8160,0.0,"void at::native::reduce_kernel<(int)512, (int)1, at::native::ReduceOp<long, at::native::func_wrapper_t<long, at::native::sum_functor<long, long, long>::operator ()(at::TensorIterator &)::[lambda(long, long) (instance 1)]>, unsigned int, long, (int)4, (int)4>>(T3)"
custom_iteration::sampling_decode_b32::4,PushPop,78959,78959,1,1,7935,7935.0,7935.0,7935,7935,0.0,"void at::native::reduce_kernel<(int)512, (int)1, at::native::ReduceOp<float, at::native::func_wrapper_t<float, at::native::sum_functor<float, float, float>::operator ()(at::TensorIterator &)::[lambda(float, float) (instance 1)]>, unsigned int, float, (int)4, (int)4>>(T3)"
custom_iteration::sampling_decode_b32::4,PushPop,78959,78959,1,1,7615,7615.0,7615.0,7615,7615,0.0,"void at::native::unrolled_elementwise_kernel<at::native::direct_copy_kernel_cuda(at::TensorIteratorBase &)::[lambda() (instance 3)]::operator ()() const::[lambda() (instance 4)]::operator ()() const::[lambda(long) (instance 1)], std::array<char *, (unsigned long)2>, (int)4, TrivialOffsetCalculator<(int)1, unsigned int>, TrivialOffsetCalculator<(int)1, unsigned int>, at::native::memory::LoadWithCast<(int)1>, at::native::memory::StoreWithCast<(int)1>>(int, T1, T2, T4, T5, T6, T7)"
custom_iteration::sampling_decode_b32::4,PushPop,78959,78959,1,1,5120,5120.0,5120.0,5120,5120,0.0,"void at::native::elementwise_kernel<(int)128, (int)2, void at::native::gpu_kernel_impl_nocast<at::native::BinaryFunctor<float, float, float, at::native::binary_internal::DivFunctor<float>>>(at::TensorIteratorBase &, const T1 &)::[lambda(int) (instance 1)]>(int, T3)"
custom_iteration::sampling_decode_b32::4,PushPop,78959,78959,1,1,4607,4607.0,4607.0,4607,4607,0.0,"void at::native::_scatter_gather_elementwise_kernel<(int)128, (int)8, void at::native::_cuda_scatter_gather_internal_kernel<(bool)0, at::native::OpaqueType<(int)8>>::operator ()<at::native::TensorAssign>(at::TensorIterator &, long, long, long, const T1 &)::[lambda(int) (instance 1)]>(int, T3)"
custom_iteration::sampling_decode_b32::4,PushPop,78959,78959,1,1,4575,4575.0,4575.0,4575,4575,0.0,"void <unnamed>::softmax_warp_forward<float, float, float, (int)6, (bool)0, (bool)0>(T2 *, const T1 *, int, int, int, const bool *, int, bool)"
custom_iteration::sampling_decode_b32::4,PushPop,78959,78959,1,2,4064,2032.0,2032.0,1920,2144,158.4,"void at_cuda_detail::cub::DeviceScanInitKernel<at_cuda_detail::cub::ReduceByKeyScanTileState<unsigned int, int, (bool)1>>(T1, int)"
custom_iteration::sampling_decode_b32::4,PushPop,78959,78959,1,1,3872,3872.0,3872.0,3872,3872,0.0,"void at::native::vectorized_elementwise_kernel<(int)4, at::native::<unnamed>::launch_clamp_scalar(at::TensorIteratorBase &, c10::Scalar, c10::Scalar, at::native::detail::ClampLimits)::[lambda() (instance 1)]::operator ()() const::[lambda() (instance 7)]::operator ()() const::[lambda(float) (instance 1)], std::array<char *, (unsigned long)2>>(int, T2, T3)"
custom_iteration::sampling_decode_b32::4,PushPop,78959,78959,1,1,3840,3840.0,3840.0,3840,3840,0.0,"void at::native::vectorized_elementwise_kernel<(int)4, at::native::<unnamed>::where_kernel_impl(at::TensorIterator &)::[lambda() (instance 1)]::operator ()() const::[lambda() (instance 11)]::operator ()() const::[lambda(bool, float, float) (instance 1)], std::array<char *, (unsigned long)4>>(int, T2, T3)"
custom_iteration::sampling_decode_b32::4,PushPop,78959,78959,1,1,3776,3776.0,3776.0,3776,3776,0.0,"void at::native::vectorized_elementwise_kernel<(int)4, at::native::<unnamed>::masked_fill_kernel(at::TensorIterator &, const c10::Scalar &)::[lambda() (instance 1)]::operator ()() const::[lambda() (instance 7)]::operator ()() const::[lambda(float, bool) (instance 1)], std::array<char *, (unsigned long)3>>(int, T2, T3)"
custom_iteration::sampling_decode_b32::4,PushPop,78959,78959,1,1,3616,3616.0,3616.0,3616,3616,0.0,"void at::native::vectorized_elementwise_kernel<(int)4, void at::native::compare_scalar_kernel<float>(at::TensorIteratorBase &, at::native::<unnamed>::OpType, T1)::[lambda(float) (instance 1)], std::array<char *, (unsigned long)2>>(int, T2, T3)"
custom_iteration::sampling_decode_b32::4,PushPop,78959,78959,1,1,3488,3488.0,3488.0,3488,3488,0.0,"void at::native::vectorized_elementwise_kernel<(int)2, at::native::<unnamed>::launch_clamp_scalar(at::TensorIteratorBase &, c10::Scalar, c10::Scalar, at::native::detail::ClampLimits)::[lambda() (instance 1)]::operator ()() const::[lambda() (instance 4)]::operator ()() const::[lambda(long) (instance 1)], std::array<char *, (unsigned long)2>>(int, T2, T3)"
custom_iteration::sampling_decode_b32::4,PushPop,78959,78959,1,1,3424,3424.0,3424.0,3424,3424,0.0,"void at::native::vectorized_elementwise_kernel<(int)4, at::native::CUDAFunctor_add<float>, std::array<char *, (unsigned long)3>>(int, T2, T3)"
custom_iteration::sampling_decode_b32::4,PushPop,78959,78959,1,1,2944,2944.0,2944.0,2944,2944,0.0,"void at::native::elementwise_kernel<(int)128, (int)2, void at::native::gpu_kernel_impl_nocast<at::native::AUnaryFunctor<float, float, float, at::native::binary_internal::MulFunctor<float>>>(at::TensorIteratorBase &, const T1 &)::[lambda(int) (instance 1)]>(int, T3)"
custom_iteration::sampling_decode_b32::4,PushPop,78959,78959,1,1,2944,2944.0,2944.0,2944,2944,0.0,"void at::native::mbtopk::computeBlockwiseKthCounts<unsigned int>(T1 *, short *, unsigned int, unsigned int, unsigned int *)"
custom_iteration::sampling_decode_b32::4,PushPop,78959,78959,1,1,2688,2688.0,2688.0,2688,2688,0.0,"void at::native::vectorized_elementwise_kernel<(int)4, at::native::FillFunctor<float>, std::array<char *, (unsigned long)1>>(int, T2, T3)"
custom_iteration::sampling_decode_b32::4,PushPop,78959,78959,1,1,2496,2496.0,2496.0,2496,2496,0.0,"void at::native::mbtopk::fill<unsigned int, unsigned int>(T1 *, T1, T2)"
custom_iteration::sampling_decode_b32::5,PushPop,78959,78959,1,4,284949,71237.3,68141.5,67165,81501,6864.6,"void at::native::mbtopk::radixFindKthValues<float, unsigned int, unsigned int, (int)2>(at::cuda::detail::TensorInfo<const T1, T2>, unsigned int, unsigned int *, unsigned int, T2, int, int, unsigned int, T3, T3 *, short *)"
custom_iteration::sampling_decode_b32::5,PushPop,78959,78959,1,1,218967,218967.0,218967.0,218967,218967,0.0,"void at::native::mbtopk::gatherTopK<float, unsigned int, (int)2>(at::cuda::detail::TensorInfo<const T1, T2>, T2, T2, bool, unsigned int, T2, at::cuda::detail::TensorInfo<T1, T2>, T2, at::cuda::detail::TensorInfo<long, T2>, T2, unsigned int, unsigned int, T1 *, unsigned int *, unsigned int *, unsigned int)"
custom_iteration::sampling_decode_b32::5,PushPop,78959,78959,1,1,150906,150906.0,150906.0,150906,150906,0.0,"void at::native::unrolled_elementwise_kernel<at::native::direct_copy_kernel_cuda(at::TensorIteratorBase &)::[lambda() (instance 3)]::operator ()() const::[lambda() (instance 7)]::operator ()() const::[lambda(float) (instance 1)], std::array<char *, (unsigned long)2>, (int)4, TrivialOffsetCalculator<(int)1, unsigned int>, TrivialOffsetCalculator<(int)1, unsigned int>, at::native::memory::LoadWithCast<(int)1>, at::native::memory::StoreWithCast<(int)1>>(int, T1, T2, T4, T5, T6, T7)"
custom_iteration::sampling_decode_b32::5,PushPop,78959,78959,1,1,88028,88028.0,88028.0,88028,88028,0.0,"void at::native::vectorized_elementwise_kernel<(int)4, at::native::BUnaryFunctor<float, float, float, at::native::binary_internal::MulFunctor<float>>, std::array<char *, (unsigned long)2>>(int, T2, T3)"
custom_iteration::sampling_decode_b32::5,PushPop,78959,78959,1,4,38463,9615.8,9615.5,9440,9792,144.3,"void at::native::mbtopk::computeBlockwiseWithinKCounts<unsigned int, float>(T1 *, short *, unsigned int *, unsigned int, int, bool, unsigned int *, T2 *, unsigned int *, T1 *, unsigned int)"
custom_iteration::sampling_decode_b32::5,PushPop,78959,78959,1,1,20639,20639.0,20639.0,20639,20639,0.0,"void at::native::radixSortKVInPlace<(int)2, (int)-1, (int)32, (int)4, float, long, unsigned int>(at::cuda::detail::TensorInfo<T5, T7>, T7, T7, T7, at::cuda::detail::TensorInfo<T6, T7>, T7, bool)"
custom_iteration::sampling_decode_b32::5,PushPop,78959,78959,1,2,13344,6672.0,6672.0,4224,9120,3462.0,"void at_cuda_detail::cub::DeviceScanByKeyKernel<at_cuda_detail::cub::DeviceScanByKeyPolicy<at_cuda_detail::cub::TransformInputIterator<unsigned int, at::native::mbtopk::BlockIdxToKey, at_cuda_detail::cub::CountingInputIterator<unsigned int, unsigned int>, long>, unsigned int *, at_cuda_detail::cub::NullType>::Policy520, at_cuda_detail::cub::TransformInputIterator<unsigned int, at::native::mbtopk::BlockIdxToKey, at_cuda_detail::cub::CountingInputIterator<unsigned int, unsigned int>, long>, unsigned int *, unsigned int *, at_cuda_detail::cub::ReduceByKeyScanTileState<unsigned int, int, (bool)1>, at_cuda_detail::cub::Equality, at_cuda_detail::cub::Sum, at_cuda_detail::cub::NullType, int>(T2, T3, T4, T5, int, T6, T7, T8, T9)"
custom_iteration::sampling_decode_b32::5,PushPop,78959,78959,1,2,9952,4976.0,4976.0,4224,5728,1063.5,"void at::native::elementwise_kernel<(int)128, (int)4, void at::native::gpu_kernel_impl_nocast<at::native::<unnamed>::CompareFunctor<float>>(at::TensorIteratorBase &, const T1 &)::[lambda(int) (instance 1)]>(int, T3)"
custom_iteration::sampling_decode_b32::5,PushPop,78959,78959,1,2,9279,4639.5,4639.5,4160,5119,678.1,"void at::native::tensor_kernel_scan_innermost_dim<float, std::plus<float>>(T1 *, const T1 *, unsigned int, unsigned int, unsigned int, T1, T2)"
custom_iteration::sampling_decode_b32::5,PushPop,78959,78959,1,1,8256,8256.0,8256.0,8256,8256,0.0,"void at::native::reduce_kernel<(int)512, (int)1, at::native::ReduceOp<float, at::native::func_wrapper_t<float, at::native::sum_functor<float, float, float>::operator ()(at::TensorIterator &)::[lambda(float, float) (instance 1)]>, unsigned int, float, (int)4, (int)4>>(T3)"
custom_iteration::sampling_decode_b32::5,PushPop,78959,78959,1,1,8096,8096.0,8096.0,8096,8096,0.0,"void at::native::reduce_kernel<(int)512, (int)1, at::native::ReduceOp<long, at::native::func_wrapper_t<long, at::native::sum_functor<long, long, long>::operator ()(at::TensorIterator &)::[lambda(long, long) (instance 1)]>, unsigned int, long, (int)4, (int)4>>(T3)"
custom_iteration::sampling_decode_b32::5,PushPop,78959,78959,1,1,7807,7807.0,7807.0,7807,7807,0.0,"void at::native::unrolled_elementwise_kernel<at::native::direct_copy_kernel_cuda(at::TensorIteratorBase &)::[lambda() (instance 3)]::operator ()() const::[lambda() (instance 4)]::operator ()() const::[lambda(long) (instance 1)], std::array<char *, (unsigned long)2>, (int)4, TrivialOffsetCalculator<(int)1, unsigned int>, TrivialOffsetCalculator<(int)1, unsigned int>, at::native::memory::LoadWithCast<(int)1>, at::native::memory::StoreWithCast<(int)1>>(int, T1, T2, T4, T5, T6, T7)"
custom_iteration::sampling_decode_b32::5,PushPop,78959,78959,1,1,5248,5248.0,5248.0,5248,5248,0.0,"void at::native::elementwise_kernel<(int)128, (int)2, void at::native::gpu_kernel_impl_nocast<at::native::BinaryFunctor<float, float, float, at::native::binary_internal::DivFunctor<float>>>(at::TensorIteratorBase &, const T1 &)::[lambda(int) (instance 1)]>(int, T3)"
custom_iteration::sampling_decode_b32::5,PushPop,78959,78959,1,1,4704,4704.0,4704.0,4704,4704,0.0,"void <unnamed>::softmax_warp_forward<float, float, float, (int)6, (bool)0, (bool)0>(T2 *, const T1 *, int, int, int, const bool *, int, bool)"
custom_iteration::sampling_decode_b32::5,PushPop,78959,78959,1,1,4608,4608.0,4608.0,4608,4608,0.0,"void at::native::_scatter_gather_elementwise_kernel<(int)128, (int)8, void at::native::_cuda_scatter_gather_internal_kernel<(bool)0, at::native::OpaqueType<(int)8>>::operator ()<at::native::TensorAssign>(at::TensorIterator &, long, long, long, const T1 &)::[lambda(int) (instance 1)]>(int, T3)"
custom_iteration::sampling_decode_b32::5,PushPop,78959,78959,1,2,4095,2047.5,2047.5,1952,2143,135.1,"void at_cuda_detail::cub::DeviceScanInitKernel<at_cuda_detail::cub::ReduceByKeyScanTileState<unsigned int, int, (bool)1>>(T1, int)"
custom_iteration::sampling_decode_b32::5,PushPop,78959,78959,1,1,3968,3968.0,3968.0,3968,3968,0.0,"void at::native::vectorized_elementwise_kernel<(int)4, at::native::<unnamed>::where_kernel_impl(at::TensorIterator &)::[lambda() (instance 1)]::operator ()() const::[lambda() (instance 11)]::operator ()() const::[lambda(bool, float, float) (instance 1)], std::array<char *, (unsigned long)4>>(int, T2, T3)"
custom_iteration::sampling_decode_b32::5,PushPop,78959,78959,1,1,3935,3935.0,3935.0,3935,3935,0.0,"void at::native::vectorized_elementwise_kernel<(int)4, at::native::<unnamed>::launch_clamp_scalar(at::TensorIteratorBase &, c10::Scalar, c10::Scalar, at::native::detail::ClampLimits)::[lambda() (instance 1)]::operator ()() const::[lambda() (instance 7)]::operator ()() const::[lambda(float) (instance 1)], std::array<char *, (unsigned long)2>>(int, T2, T3)"
custom_iteration::sampling_decode_b32::5,PushPop,78959,78959,1,1,3872,3872.0,3872.0,3872,3872,0.0,"void at::native::vectorized_elementwise_kernel<(int)4, at::native::<unnamed>::masked_fill_kernel(at::TensorIterator &, const c10::Scalar &)::[lambda() (instance 1)]::operator ()() const::[lambda() (instance 7)]::operator ()() const::[lambda(float, bool) (instance 1)], std::array<char *, (unsigned long)3>>(int, T2, T3)"
custom_iteration::sampling_decode_b32::5,PushPop,78959,78959,1,1,3648,3648.0,3648.0,3648,3648,0.0,"void at::native::vectorized_elementwise_kernel<(int)4, void at::native::compare_scalar_kernel<float>(at::TensorIteratorBase &, at::native::<unnamed>::OpType, T1)::[lambda(float) (instance 1)], std::array<char *, (unsigned long)2>>(int, T2, T3)"
custom_iteration::sampling_decode_b32::5,PushPop,78959,78959,1,1,3488,3488.0,3488.0,3488,3488,0.0,"void at::native::vectorized_elementwise_kernel<(int)2, at::native::<unnamed>::launch_clamp_scalar(at::TensorIteratorBase &, c10::Scalar, c10::Scalar, at::native::detail::ClampLimits)::[lambda() (instance 1)]::operator ()() const::[lambda() (instance 4)]::operator ()() const::[lambda(long) (instance 1)], std::array<char *, (unsigned long)2>>(int, T2, T3)"
custom_iteration::sampling_decode_b32::5,PushPop,78959,78959,1,1,3425,3425.0,3425.0,3425,3425,0.0,"void at::native::vectorized_elementwise_kernel<(int)4, at::native::CUDAFunctor_add<float>, std::array<char *, (unsigned long)3>>(int, T2, T3)"
custom_iteration::sampling_decode_b32::5,PushPop,78959,78959,1,1,3008,3008.0,3008.0,3008,3008,0.0,"void at::native::mbtopk::computeBlockwiseKthCounts<unsigned int>(T1 *, short *, unsigned int, unsigned int, unsigned int *)"
custom_iteration::sampling_decode_b32::5,PushPop,78959,78959,1,1,2943,2943.0,2943.0,2943,2943,0.0,"void at::native::elementwise_kernel<(int)128, (int)2, void at::native::gpu_kernel_impl_nocast<at::native::AUnaryFunctor<float, float, float, at::native::binary_internal::MulFunctor<float>>>(at::TensorIteratorBase &, const T1 &)::[lambda(int) (instance 1)]>(int, T3)"
custom_iteration::sampling_decode_b32::5,PushPop,78959,78959,1,1,2592,2592.0,2592.0,2592,2592,0.0,"void at::native::vectorized_elementwise_kernel<(int)4, at::native::FillFunctor<float>, std::array<char *, (unsigned long)1>>(int, T2, T3)"
custom_iteration::sampling_decode_b32::5,PushPop,78959,78959,1,1,2496,2496.0,2496.0,2496,2496,0.0,"void at::native::mbtopk::fill<unsigned int, unsigned int>(T1 *, T1, T2)"
custom_iteration::sampling_decode_b32::6,PushPop,78959,78959,1,4,281907,70476.8,67933.0,65533,80508,6824.7,"void at::native::mbtopk::radixFindKthValues<float, unsigned int, unsigned int, (int)2>(at::cuda::detail::TensorInfo<const T1, T2>, unsigned int, unsigned int *, unsigned int, T2, int, int, unsigned int, T3, T3 *, short *)"
custom_iteration::sampling_decode_b32::6,PushPop,78959,78959,1,1,213303,213303.0,213303.0,213303,213303,0.0,"void at::native::mbtopk::gatherTopK<float, unsigned int, (int)2>(at::cuda::detail::TensorInfo<const T1, T2>, T2, T2, bool, unsigned int, T2, at::cuda::detail::TensorInfo<T1, T2>, T2, at::cuda::detail::TensorInfo<long, T2>, T2, unsigned int, unsigned int, T1 *, unsigned int *, unsigned int *, unsigned int)"
custom_iteration::sampling_decode_b32::6,PushPop,78959,78959,1,1,151289,151289.0,151289.0,151289,151289,0.0,"void at::native::unrolled_elementwise_kernel<at::native::direct_copy_kernel_cuda(at::TensorIteratorBase &)::[lambda() (instance 3)]::operator ()() const::[lambda() (instance 7)]::operator ()() const::[lambda(float) (instance 1)], std::array<char *, (unsigned long)2>, (int)4, TrivialOffsetCalculator<(int)1, unsigned int>, TrivialOffsetCalculator<(int)1, unsigned int>, at::native::memory::LoadWithCast<(int)1>, at::native::memory::StoreWithCast<(int)1>>(int, T1, T2, T4, T5, T6, T7)"
custom_iteration::sampling_decode_b32::6,PushPop,78959,78959,1,1,85181,85181.0,85181.0,85181,85181,0.0,"void at::native::vectorized_elementwise_kernel<(int)4, at::native::BUnaryFunctor<float, float, float, at::native::binary_internal::MulFunctor<float>>, std::array<char *, (unsigned long)2>>(int, T2, T3)"
custom_iteration::sampling_decode_b32::6,PushPop,78959,78959,1,4,37823,9455.8,9423.5,9312,9664,174.1,"void at::native::mbtopk::computeBlockwiseWithinKCounts<unsigned int, float>(T1 *, short *, unsigned int *, unsigned int, int, bool, unsigned int *, T2 *, unsigned int *, T1 *, unsigned int)"
custom_iteration::sampling_decode_b32::6,PushPop,78959,78959,1,1,19648,19648.0,19648.0,19648,19648,0.0,"void at::native::radixSortKVInPlace<(int)2, (int)-1, (int)32, (int)4, float, long, unsigned int>(at::cuda::detail::TensorInfo<T5, T7>, T7, T7, T7, at::cuda::detail::TensorInfo<T6, T7>, T7, bool)"
custom_iteration::sampling_decode_b32::6,PushPop,78959,78959,1,2,13567,6783.5,6783.5,4287,9280,3530.6,"void at_cuda_detail::cub::DeviceScanByKeyKernel<at_cuda_detail::cub::DeviceScanByKeyPolicy<at_cuda_detail::cub::TransformInputIterator<unsigned int, at::native::mbtopk::BlockIdxToKey, at_cuda_detail::cub::CountingInputIterator<unsigned int, unsigned int>, long>, unsigned int *, at_cuda_detail::cub::NullType>::Policy520, at_cuda_detail::cub::TransformInputIterator<unsigned int, at::native::mbtopk::BlockIdxToKey, at_cuda_detail::cub::CountingInputIterator<unsigned int, unsigned int>, long>, unsigned int *, unsigned int *, at_cuda_detail::cub::ReduceByKeyScanTileState<unsigned int, int, (bool)1>, at_cuda_detail::cub::Equality, at_cuda_detail::cub::Sum, at_cuda_detail::cub::NullType, int>(T2, T3, T4, T5, int, T6, T7, T8, T9)"
custom_iteration::sampling_decode_b32::6,PushPop,78959,78959,1,2,9536,4768.0,4768.0,4160,5376,859.8,"void at::native::elementwise_kernel<(int)128, (int)4, void at::native::gpu_kernel_impl_nocast<at::native::<unnamed>::CompareFunctor<float>>(at::TensorIteratorBase &, const T1 &)::[lambda(int) (instance 1)]>(int, T3)"
custom_iteration::sampling_decode_b32::6,PushPop,78959,78959,1,2,9248,4624.0,4624.0,4128,5120,701.4,"void at::native::tensor_kernel_scan_innermost_dim<float, std::plus<float>>(T1 *, const T1 *, unsigned int, unsigned int, unsigned int, T1, T2)"
custom_iteration::sampling_decode_b32::6,PushPop,78959,78959,1,1,8160,8160.0,8160.0,8160,8160,0.0,"void at::native::reduce_kernel<(int)512, (int)1, at::native::ReduceOp<long, at::native::func_wrapper_t<long, at::native::sum_functor<long, long, long>::operator ()(at::TensorIterator &)::[lambda(long, long) (instance 1)]>, unsigned int, long, (int)4, (int)4>>(T3)"
custom_iteration::sampling_decode_b32::6,PushPop,78959,78959,1,1,7967,7967.0,7967.0,7967,7967,0.0,"void at::native::reduce_kernel<(int)512, (int)1, at::native::ReduceOp<float, at::native::func_wrapper_t<float, at::native::sum_functor<float, float, float>::operator ()(at::TensorIterator &)::[lambda(float, float) (instance 1)]>, unsigned int, float, (int)4, (int)4>>(T3)"
custom_iteration::sampling_decode_b32::6,PushPop,78959,78959,1,1,7871,7871.0,7871.0,7871,7871,0.0,"void at::native::unrolled_elementwise_kernel<at::native::direct_copy_kernel_cuda(at::TensorIteratorBase &)::[lambda() (instance 3)]::operator ()() const::[lambda() (instance 4)]::operator ()() const::[lambda(long) (instance 1)], std::array<char *, (unsigned long)2>, (int)4, TrivialOffsetCalculator<(int)1, unsigned int>, TrivialOffsetCalculator<(int)1, unsigned int>, at::native::memory::LoadWithCast<(int)1>, at::native::memory::StoreWithCast<(int)1>>(int, T1, T2, T4, T5, T6, T7)"
custom_iteration::sampling_decode_b32::6,PushPop,78959,78959,1,1,5120,5120.0,5120.0,5120,5120,0.0,"void at::native::elementwise_kernel<(int)128, (int)2, void at::native::gpu_kernel_impl_nocast<at::native::BinaryFunctor<float, float, float, at::native::binary_internal::DivFunctor<float>>>(at::TensorIteratorBase &, const T1 &)::[lambda(int) (instance 1)]>(int, T3)"
custom_iteration::sampling_decode_b32::6,PushPop,78959,78959,1,1,4608,4608.0,4608.0,4608,4608,0.0,"void at::native::_scatter_gather_elementwise_kernel<(int)128, (int)8, void at::native::_cuda_scatter_gather_internal_kernel<(bool)0, at::native::OpaqueType<(int)8>>::operator ()<at::native::TensorAssign>(at::TensorIterator &, long, long, long, const T1 &)::[lambda(int) (instance 1)]>(int, T3)"
custom_iteration::sampling_decode_b32::6,PushPop,78959,78959,1,1,4575,4575.0,4575.0,4575,4575,0.0,"void <unnamed>::softmax_warp_forward<float, float, float, (int)6, (bool)0, (bool)0>(T2 *, const T1 *, int, int, int, const bool *, int, bool)"
custom_iteration::sampling_decode_b32::6,PushPop,78959,78959,1,1,4128,4128.0,4128.0,4128,4128,0.0,"void at::native::vectorized_elementwise_kernel<(int)4, at::native::<unnamed>::launch_clamp_scalar(at::TensorIteratorBase &, c10::Scalar, c10::Scalar, at::native::detail::ClampLimits)::[lambda() (instance 1)]::operator ()() const::[lambda() (instance 7)]::operator ()() const::[lambda(float) (instance 1)], std::array<char *, (unsigned long)2>>(int, T2, T3)"
custom_iteration::sampling_decode_b32::6,PushPop,78959,78959,1,2,4096,2048.0,2048.0,1952,2144,135.8,"void at_cuda_detail::cub::DeviceScanInitKernel<at_cuda_detail::cub::ReduceByKeyScanTileState<unsigned int, int, (bool)1>>(T1, int)"
custom_iteration::sampling_decode_b32::6,PushPop,78959,78959,1,1,3936,3936.0,3936.0,3936,3936,0.0,"void at::native::vectorized_elementwise_kernel<(int)4, at::native::<unnamed>::where_kernel_impl(at::TensorIterator &)::[lambda() (instance 1)]::operator ()() const::[lambda() (instance 11)]::operator ()() const::[lambda(bool, float, float) (instance 1)], std::array<char *, (unsigned long)4>>(int, T2, T3)"
custom_iteration::sampling_decode_b32::6,PushPop,78959,78959,1,1,3840,3840.0,3840.0,3840,3840,0.0,"void at::native::vectorized_elementwise_kernel<(int)4, at::native::<unnamed>::masked_fill_kernel(at::TensorIterator &, const c10::Scalar &)::[lambda() (instance 1)]::operator ()() const::[lambda() (instance 7)]::operator ()() const::[lambda(float, bool) (instance 1)], std::array<char *, (unsigned long)3>>(int, T2, T3)"
custom_iteration::sampling_decode_b32::6,PushPop,78959,78959,1,1,3680,3680.0,3680.0,3680,3680,0.0,"void at::native::vectorized_elementwise_kernel<(int)4, void at::native::compare_scalar_kernel<float>(at::TensorIteratorBase &, at::native::<unnamed>::OpType, T1)::[lambda(float) (instance 1)], std::array<char *, (unsigned long)2>>(int, T2, T3)"
custom_iteration::sampling_decode_b32::6,PushPop,78959,78959,1,1,3488,3488.0,3488.0,3488,3488,0.0,"void at::native::vectorized_elementwise_kernel<(int)2, at::native::<unnamed>::launch_clamp_scalar(at::TensorIteratorBase &, c10::Scalar, c10::Scalar, at::native::detail::ClampLimits)::[lambda() (instance 1)]::operator ()() const::[lambda() (instance 4)]::operator ()() const::[lambda(long) (instance 1)], std::array<char *, (unsigned long)2>>(int, T2, T3)"
custom_iteration::sampling_decode_b32::6,PushPop,78959,78959,1,1,3487,3487.0,3487.0,3487,3487,0.0,"void at::native::vectorized_elementwise_kernel<(int)4, at::native::CUDAFunctor_add<float>, std::array<char *, (unsigned long)3>>(int, T2, T3)"
custom_iteration::sampling_decode_b32::6,PushPop,78959,78959,1,1,2975,2975.0,2975.0,2975,2975,0.0,"void at::native::elementwise_kernel<(int)128, (int)2, void at::native::gpu_kernel_impl_nocast<at::native::AUnaryFunctor<float, float, float, at::native::binary_internal::MulFunctor<float>>>(at::TensorIteratorBase &, const T1 &)::[lambda(int) (instance 1)]>(int, T3)"
custom_iteration::sampling_decode_b32::6,PushPop,78959,78959,1,1,2944,2944.0,2944.0,2944,2944,0.0,"void at::native::mbtopk::computeBlockwiseKthCounts<unsigned int>(T1 *, short *, unsigned int, unsigned int, unsigned int *)"
custom_iteration::sampling_decode_b32::6,PushPop,78959,78959,1,1,2720,2720.0,2720.0,2720,2720,0.0,"void at::native::vectorized_elementwise_kernel<(int)4, at::native::FillFunctor<float>, std::array<char *, (unsigned long)1>>(int, T2, T3)"
custom_iteration::sampling_decode_b32::6,PushPop,78959,78959,1,1,2592,2592.0,2592.0,2592,2592,0.0,"void at::native::mbtopk::fill<unsigned int, unsigned int>(T1 *, T1, T2)"
custom_iteration::sampling_decode_b32::7,PushPop,78959,78959,1,4,288307,72076.8,69021.0,68285,81980,6613.8,"void at::native::mbtopk::radixFindKthValues<float, unsigned int, unsigned int, (int)2>(at::cuda::detail::TensorInfo<const T1, T2>, unsigned int, unsigned int *, unsigned int, T2, int, int, unsigned int, T3, T3 *, short *)"
custom_iteration::sampling_decode_b32::7,PushPop,78959,78959,1,1,218423,218423.0,218423.0,218423,218423,0.0,"void at::native::mbtopk::gatherTopK<float, unsigned int, (int)2>(at::cuda::detail::TensorInfo<const T1, T2>, T2, T2, bool, unsigned int, T2, at::cuda::detail::TensorInfo<T1, T2>, T2, at::cuda::detail::TensorInfo<long, T2>, T2, unsigned int, unsigned int, T1 *, unsigned int *, unsigned int *, unsigned int)"
custom_iteration::sampling_decode_b32::7,PushPop,78959,78959,1,1,150361,150361.0,150361.0,150361,150361,0.0,"void at::native::unrolled_elementwise_kernel<at::native::direct_copy_kernel_cuda(at::TensorIteratorBase &)::[lambda() (instance 3)]::operator ()() const::[lambda() (instance 7)]::operator ()() const::[lambda(float) (instance 1)], std::array<char *, (unsigned long)2>, (int)4, TrivialOffsetCalculator<(int)1, unsigned int>, TrivialOffsetCalculator<(int)1, unsigned int>, at::native::memory::LoadWithCast<(int)1>, at::native::memory::StoreWithCast<(int)1>>(int, T1, T2, T4, T5, T6, T7)"
custom_iteration::sampling_decode_b32::7,PushPop,78959,78959,1,1,85181,85181.0,85181.0,85181,85181,0.0,"void at::native::vectorized_elementwise_kernel<(int)4, at::native::BUnaryFunctor<float, float, float, at::native::binary_internal::MulFunctor<float>>, std::array<char *, (unsigned long)2>>(int, T2, T3)"
custom_iteration::sampling_decode_b32::7,PushPop,78959,78959,1,4,38847,9711.8,9695.5,9408,10048,282.2,"void at::native::mbtopk::computeBlockwiseWithinKCounts<unsigned int, float>(T1 *, short *, unsigned int *, unsigned int, int, bool, unsigned int *, T2 *, unsigned int *, T1 *, unsigned int)"
custom_iteration::sampling_decode_b32::7,PushPop,78959,78959,1,1,20735,20735.0,20735.0,20735,20735,0.0,"void at::native::radixSortKVInPlace<(int)2, (int)-1, (int)32, (int)4, float, long, unsigned int>(at::cuda::detail::TensorInfo<T5, T7>, T7, T7, T7, at::cuda::detail::TensorInfo<T6, T7>, T7, bool)"
custom_iteration::sampling_decode_b32::7,PushPop,78959,78959,1,2,13343,6671.5,6671.5,4224,9119,3461.3,"void at_cuda_detail::cub::DeviceScanByKeyKernel<at_cuda_detail::cub::DeviceScanByKeyPolicy<at_cuda_detail::cub::TransformInputIterator<unsigned int, at::native::mbtopk::BlockIdxToKey, at_cuda_detail::cub::CountingInputIterator<unsigned int, unsigned int>, long>, unsigned int *, at_cuda_detail::cub::NullType>::Policy520, at_cuda_detail::cub::TransformInputIterator<unsigned int, at::native::mbtopk::BlockIdxToKey, at_cuda_detail::cub::CountingInputIterator<unsigned int, unsigned int>, long>, unsigned int *, unsigned int *, at_cuda_detail::cub::ReduceByKeyScanTileState<unsigned int, int, (bool)1>, at_cuda_detail::cub::Equality, at_cuda_detail::cub::Sum, at_cuda_detail::cub::NullType, int>(T2, T3, T4, T5, int, T6, T7, T8, T9)"
custom_iteration::sampling_decode_b32::7,PushPop,78959,78959,1,2,9536,4768.0,4768.0,4224,5312,769.3,"void at::native::elementwise_kernel<(int)128, (int)4, void at::native::gpu_kernel_impl_nocast<at::native::<unnamed>::CompareFunctor<float>>(at::TensorIteratorBase &, const T1 &)::[lambda(int) (instance 1)]>(int, T3)"
custom_iteration::sampling_decode_b32::7,PushPop,78959,78959,1,2,9247,4623.5,4623.5,4159,5088,656.9,"void at::native::tensor_kernel_scan_innermost_dim<float, std::plus<float>>(T1 *, const T1 *, unsigned int, unsigned int, unsigned int, T1, T2)"
custom_iteration::sampling_decode_b32::7,PushPop,78959,78959,1,1,8287,8287.0,8287.0,8287,8287,0.0,"void at::native::reduce_kernel<(int)512, (int)1, at::native::ReduceOp<long, at::native::func_wrapper_t<long, at::native::sum_functor<long, long, long>::operator ()(at::TensorIterator &)::[lambda(long, long) (instance 1)]>, unsigned int, long, (int)4, (int)4>>(T3)"
custom_iteration::sampling_decode_b32::7,PushPop,78959,78959,1,1,7968,7968.0,7968.0,7968,7968,0.0,"void at::native::unrolled_elementwise_kernel<at::native::direct_copy_kernel_cuda(at::TensorIteratorBase &)::[lambda() (instance 3)]::operator ()() const::[lambda() (instance 4)]::operator ()() const::[lambda(long) (instance 1)], std::array<char *, (unsigned long)2>, (int)4, TrivialOffsetCalculator<(int)1, unsigned int>, TrivialOffsetCalculator<(int)1, unsigned int>, at::native::memory::LoadWithCast<(int)1>, at::native::memory::StoreWithCast<(int)1>>(int, T1, T2, T4, T5, T6, T7)"
custom_iteration::sampling_decode_b32::7,PushPop,78959,78959,1,1,7808,7808.0,7808.0,7808,7808,0.0,"void at::native::reduce_kernel<(int)512, (int)1, at::native::ReduceOp<float, at::native::func_wrapper_t<float, at::native::sum_functor<float, float, float>::operator ()(at::TensorIterator &)::[lambda(float, float) (instance 1)]>, unsigned int, float, (int)4, (int)4>>(T3)"
custom_iteration::sampling_decode_b32::7,PushPop,78959,78959,1,1,5152,5152.0,5152.0,5152,5152,0.0,"void at::native::elementwise_kernel<(int)128, (int)2, void at::native::gpu_kernel_impl_nocast<at::native::BinaryFunctor<float, float, float, at::native::binary_internal::DivFunctor<float>>>(at::TensorIteratorBase &, const T1 &)::[lambda(int) (instance 1)]>(int, T3)"
custom_iteration::sampling_decode_b32::7,PushPop,78959,78959,1,1,4672,4672.0,4672.0,4672,4672,0.0,"void at::native::_scatter_gather_elementwise_kernel<(int)128, (int)8, void at::native::_cuda_scatter_gather_internal_kernel<(bool)0, at::native::OpaqueType<(int)8>>::operator ()<at::native::TensorAssign>(at::TensorIterator &, long, long, long, const T1 &)::[lambda(int) (instance 1)]>(int, T3)"
custom_iteration::sampling_decode_b32::7,PushPop,78959,78959,1,1,4576,4576.0,4576.0,4576,4576,0.0,"void <unnamed>::softmax_warp_forward<float, float, float, (int)6, (bool)0, (bool)0>(T2 *, const T1 *, int, int, int, const bool *, int, bool)"
custom_iteration::sampling_decode_b32::7,PushPop,78959,78959,1,2,4127,2063.5,2063.5,1951,2176,159.1,"void at_cuda_detail::cub::DeviceScanInitKernel<at_cuda_detail::cub::ReduceByKeyScanTileState<unsigned int, int, (bool)1>>(T1, int)"
custom_iteration::sampling_decode_b32::7,PushPop,78959,78959,1,1,3872,3872.0,3872.0,3872,3872,0.0,"void at::native::vectorized_elementwise_kernel<(int)4, at::native::<unnamed>::launch_clamp_scalar(at::TensorIteratorBase &, c10::Scalar, c10::Scalar, at::native::detail::ClampLimits)::[lambda() (instance 1)]::operator ()() const::[lambda() (instance 7)]::operator ()() const::[lambda(float) (instance 1)], std::array<char *, (unsigned long)2>>(int, T2, T3)"
custom_iteration::sampling_decode_b32::7,PushPop,78959,78959,1,1,3872,3872.0,3872.0,3872,3872,0.0,"void at::native::vectorized_elementwise_kernel<(int)4, at::native::<unnamed>::where_kernel_impl(at::TensorIterator &)::[lambda() (instance 1)]::operator ()() const::[lambda() (instance 11)]::operator ()() const::[lambda(bool, float, float) (instance 1)], std::array<char *, (unsigned long)4>>(int, T2, T3)"
custom_iteration::sampling_decode_b32::7,PushPop,78959,78959,1,1,3744,3744.0,3744.0,3744,3744,0.0,"void at::native::vectorized_elementwise_kernel<(int)4, at::native::<unnamed>::masked_fill_kernel(at::TensorIterator &, const c10::Scalar &)::[lambda() (instance 1)]::operator ()() const::[lambda() (instance 7)]::operator ()() const::[lambda(float, bool) (instance 1)], std::array<char *, (unsigned long)3>>(int, T2, T3)"
custom_iteration::sampling_decode_b32::7,PushPop,78959,78959,1,1,3584,3584.0,3584.0,3584,3584,0.0,"void at::native::vectorized_elementwise_kernel<(int)4, void at::native::compare_scalar_kernel<float>(at::TensorIteratorBase &, at::native::<unnamed>::OpType, T1)::[lambda(float) (instance 1)], std::array<char *, (unsigned long)2>>(int, T2, T3)"
custom_iteration::sampling_decode_b32::7,PushPop,78959,78959,1,1,3552,3552.0,3552.0,3552,3552,0.0,"void at::native::vectorized_elementwise_kernel<(int)2, at::native::<unnamed>::launch_clamp_scalar(at::TensorIteratorBase &, c10::Scalar, c10::Scalar, at::native::detail::ClampLimits)::[lambda() (instance 1)]::operator ()() const::[lambda() (instance 4)]::operator ()() const::[lambda(long) (instance 1)], std::array<char *, (unsigned long)2>>(int, T2, T3)"
custom_iteration::sampling_decode_b32::7,PushPop,78959,78959,1,1,3424,3424.0,3424.0,3424,3424,0.0,"void at::native::vectorized_elementwise_kernel<(int)4, at::native::CUDAFunctor_add<float>, std::array<char *, (unsigned long)3>>(int, T2, T3)"
custom_iteration::sampling_decode_b32::7,PushPop,78959,78959,1,1,2976,2976.0,2976.0,2976,2976,0.0,"void at::native::mbtopk::computeBlockwiseKthCounts<unsigned int>(T1 *, short *, unsigned int, unsigned int, unsigned int *)"
custom_iteration::sampling_decode_b32::7,PushPop,78959,78959,1,1,2944,2944.0,2944.0,2944,2944,0.0,"void at::native::elementwise_kernel<(int)128, (int)2, void at::native::gpu_kernel_impl_nocast<at::native::AUnaryFunctor<float, float, float, at::native::binary_internal::MulFunctor<float>>>(at::TensorIteratorBase &, const T1 &)::[lambda(int) (instance 1)]>(int, T3)"
custom_iteration::sampling_decode_b32::7,PushPop,78959,78959,1,1,2687,2687.0,2687.0,2687,2687,0.0,"void at::native::vectorized_elementwise_kernel<(int)4, at::native::FillFunctor<float>, std::array<char *, (unsigned long)1>>(int, T2, T3)"
custom_iteration::sampling_decode_b32::7,PushPop,78959,78959,1,1,2496,2496.0,2496.0,2496,2496,0.0,"void at::native::mbtopk::fill<unsigned int, unsigned int>(T1 *, T1, T2)"
custom_iteration::sampling_decode_b32::8,PushPop,78959,78959,1,4,285172,71293.0,68205.0,66589,82173,7365.9,"void at::native::mbtopk::radixFindKthValues<float, unsigned int, unsigned int, (int)2>(at::cuda::detail::TensorInfo<const T1, T2>, unsigned int, unsigned int *, unsigned int, T2, int, int, unsigned int, T3, T3 *, short *)"
custom_iteration::sampling_decode_b32::8,PushPop,78959,78959,1,1,216151,216151.0,216151.0,216151,216151,0.0,"void at::native::mbtopk::gatherTopK<float, unsigned int, (int)2>(at::cuda::detail::TensorInfo<const T1, T2>, T2, T2, bool, unsigned int, T2, at::cuda::detail::TensorInfo<T1, T2>, T2, at::cuda::detail::TensorInfo<long, T2>, T2, unsigned int, unsigned int, T1 *, unsigned int *, unsigned int *, unsigned int)"
custom_iteration::sampling_decode_b32::8,PushPop,78959,78959,1,1,151802,151802.0,151802.0,151802,151802,0.0,"void at::native::unrolled_elementwise_kernel<at::native::direct_copy_kernel_cuda(at::TensorIteratorBase &)::[lambda() (instance 3)]::operator ()() const::[lambda() (instance 7)]::operator ()() const::[lambda(float) (instance 1)], std::array<char *, (unsigned long)2>, (int)4, TrivialOffsetCalculator<(int)1, unsigned int>, TrivialOffsetCalculator<(int)1, unsigned int>, at::native::memory::LoadWithCast<(int)1>, at::native::memory::StoreWithCast<(int)1>>(int, T1, T2, T4, T5, T6, T7)"
custom_iteration::sampling_decode_b32::8,PushPop,78959,78959,1,1,85052,85052.0,85052.0,85052,85052,0.0,"void at::native::vectorized_elementwise_kernel<(int)4, at::native::BUnaryFunctor<float, float, float, at::native::binary_internal::MulFunctor<float>>, std::array<char *, (unsigned long)2>>(int, T2, T3)"
custom_iteration::sampling_decode_b32::8,PushPop,78959,78959,1,4,38238,9559.5,9392.0,9279,10175,418.9,"void at::native::mbtopk::computeBlockwiseWithinKCounts<unsigned int, float>(T1 *, short *, unsigned int *, unsigned int, int, bool, unsigned int *, T2 *, unsigned int *, T1 *, unsigned int)"
custom_iteration::sampling_decode_b32::8,PushPop,78959,78959,1,1,20640,20640.0,20640.0,20640,20640,0.0,"void at::native::radixSortKVInPlace<(int)2, (int)-1, (int)32, (int)4, float, long, unsigned int>(at::cuda::detail::TensorInfo<T5, T7>, T7, T7, T7, at::cuda::detail::TensorInfo<T6, T7>, T7, bool)"
custom_iteration::sampling_decode_b32::8,PushPop,78959,78959,1,2,13408,6704.0,6704.0,4288,9120,3416.7,"void at_cuda_detail::cub::DeviceScanByKeyKernel<at_cuda_detail::cub::DeviceScanByKeyPolicy<at_cuda_detail::cub::TransformInputIterator<unsigned int, at::native::mbtopk::BlockIdxToKey, at_cuda_detail::cub::CountingInputIterator<unsigned int, unsigned int>, long>, unsigned int *, at_cuda_detail::cub::NullType>::Policy520, at_cuda_detail::cub::TransformInputIterator<unsigned int, at::native::mbtopk::BlockIdxToKey, at_cuda_detail::cub::CountingInputIterator<unsigned int, unsigned int>, long>, unsigned int *, unsigned int *, at_cuda_detail::cub::ReduceByKeyScanTileState<unsigned int, int, (bool)1>, at_cuda_detail::cub::Equality, at_cuda_detail::cub::Sum, at_cuda_detail::cub::NullType, int>(T2, T3, T4, T5, int, T6, T7, T8, T9)"
custom_iteration::sampling_decode_b32::8,PushPop,78959,78959,1,2,9952,4976.0,4976.0,4256,5696,1018.2,"void at::native::elementwise_kernel<(int)128, (int)4, void at::native::gpu_kernel_impl_nocast<at::native::<unnamed>::CompareFunctor<float>>(at::TensorIteratorBase &, const T1 &)::[lambda(int) (instance 1)]>(int, T3)"
custom_iteration::sampling_decode_b32::8,PushPop,78959,78959,1,2,9247,4623.5,4623.5,4064,5183,791.3,"void at::native::tensor_kernel_scan_innermost_dim<float, std::plus<float>>(T1 *, const T1 *, unsigned int, unsigned int, unsigned int, T1, T2)"
custom_iteration::sampling_decode_b32::8,PushPop,78959,78959,1,1,7968,7968.0,7968.0,7968,7968,0.0,"void at::native::reduce_kernel<(int)512, (int)1, at::native::ReduceOp<long, at::native::func_wrapper_t<long, at::native::sum_functor<long, long, long>::operator ()(at::TensorIterator &)::[lambda(long, long) (instance 1)]>, unsigned int, long, (int)4, (int)4>>(T3)"
custom_iteration::sampling_decode_b32::8,PushPop,78959,78959,1,1,7935,7935.0,7935.0,7935,7935,0.0,"void at::native::reduce_kernel<(int)512, (int)1, at::native::ReduceOp<float, at::native::func_wrapper_t<float, at::native::sum_functor<float, float, float>::operator ()(at::TensorIterator &)::[lambda(float, float) (instance 1)]>, unsigned int, float, (int)4, (int)4>>(T3)"
custom_iteration::sampling_decode_b32::8,PushPop,78959,78959,1,1,7615,7615.0,7615.0,7615,7615,0.0,"void at::native::unrolled_elementwise_kernel<at::native::direct_copy_kernel_cuda(at::TensorIteratorBase &)::[lambda() (instance 3)]::operator ()() const::[lambda() (instance 4)]::operator ()() const::[lambda(long) (instance 1)], std::array<char *, (unsigned long)2>, (int)4, TrivialOffsetCalculator<(int)1, unsigned int>, TrivialOffsetCalculator<(int)1, unsigned int>, at::native::memory::LoadWithCast<(int)1>, at::native::memory::StoreWithCast<(int)1>>(int, T1, T2, T4, T5, T6, T7)"
custom_iteration::sampling_decode_b32::8,PushPop,78959,78959,1,1,5152,5152.0,5152.0,5152,5152,0.0,"void at::native::elementwise_kernel<(int)128, (int)2, void at::native::gpu_kernel_impl_nocast<at::native::BinaryFunctor<float, float, float, at::native::binary_internal::DivFunctor<float>>>(at::TensorIteratorBase &, const T1 &)::[lambda(int) (instance 1)]>(int, T3)"
custom_iteration::sampling_decode_b32::8,PushPop,78959,78959,1,1,4672,4672.0,4672.0,4672,4672,0.0,"void at::native::_scatter_gather_elementwise_kernel<(int)128, (int)8, void at::native::_cuda_scatter_gather_internal_kernel<(bool)0, at::native::OpaqueType<(int)8>>::operator ()<at::native::TensorAssign>(at::TensorIterator &, long, long, long, const T1 &)::[lambda(int) (instance 1)]>(int, T3)"
custom_iteration::sampling_decode_b32::8,PushPop,78959,78959,1,1,4639,4639.0,4639.0,4639,4639,0.0,"void <unnamed>::softmax_warp_forward<float, float, float, (int)6, (bool)0, (bool)0>(T2 *, const T1 *, int, int, int, const bool *, int, bool)"
custom_iteration::sampling_decode_b32::8,PushPop,78959,78959,1,2,4096,2048.0,2048.0,1952,2144,135.8,"void at_cuda_detail::cub::DeviceScanInitKernel<at_cuda_detail::cub::ReduceByKeyScanTileState<unsigned int, int, (bool)1>>(T1, int)"
custom_iteration::sampling_decode_b32::8,PushPop,78959,78959,1,1,3968,3968.0,3968.0,3968,3968,0.0,"void at::native::vectorized_elementwise_kernel<(int)4, at::native::<unnamed>::launch_clamp_scalar(at::TensorIteratorBase &, c10::Scalar, c10::Scalar, at::native::detail::ClampLimits)::[lambda() (instance 1)]::operator ()() const::[lambda() (instance 7)]::operator ()() const::[lambda(float) (instance 1)], std::array<char *, (unsigned long)2>>(int, T2, T3)"
custom_iteration::sampling_decode_b32::8,PushPop,78959,78959,1,1,3936,3936.0,3936.0,3936,3936,0.0,"void at::native::vectorized_elementwise_kernel<(int)4, at::native::<unnamed>::where_kernel_impl(at::TensorIterator &)::[lambda() (instance 1)]::operator ()() const::[lambda() (instance 11)]::operator ()() const::[lambda(bool, float, float) (instance 1)], std::array<char *, (unsigned long)4>>(int, T2, T3)"
custom_iteration::sampling_decode_b32::8,PushPop,78959,78959,1,1,3744,3744.0,3744.0,3744,3744,0.0,"void at::native::vectorized_elementwise_kernel<(int)4, at::native::<unnamed>::masked_fill_kernel(at::TensorIterator &, const c10::Scalar &)::[lambda() (instance 1)]::operator ()() const::[lambda() (instance 7)]::operator ()() const::[lambda(float, bool) (instance 1)], std::array<char *, (unsigned long)3>>(int, T2, T3)"
custom_iteration::sampling_decode_b32::8,PushPop,78959,78959,1,1,3648,3648.0,3648.0,3648,3648,0.0,"void at::native::vectorized_elementwise_kernel<(int)2, at::native::<unnamed>::launch_clamp_scalar(at::TensorIteratorBase &, c10::Scalar, c10::Scalar, at::native::detail::ClampLimits)::[lambda() (instance 1)]::operator ()() const::[lambda() (instance 4)]::operator ()() const::[lambda(long) (instance 1)], std::array<char *, (unsigned long)2>>(int, T2, T3)"
custom_iteration::sampling_decode_b32::8,PushPop,78959,78959,1,1,3584,3584.0,3584.0,3584,3584,0.0,"void at::native::vectorized_elementwise_kernel<(int)4, void at::native::compare_scalar_kernel<float>(at::TensorIteratorBase &, at::native::<unnamed>::OpType, T1)::[lambda(float) (instance 1)], std::array<char *, (unsigned long)2>>(int, T2, T3)"
custom_iteration::sampling_decode_b32::8,PushPop,78959,78959,1,1,3456,3456.0,3456.0,3456,3456,0.0,"void at::native::vectorized_elementwise_kernel<(int)4, at::native::CUDAFunctor_add<float>, std::array<char *, (unsigned long)3>>(int, T2, T3)"
custom_iteration::sampling_decode_b32::8,PushPop,78959,78959,1,1,2975,2975.0,2975.0,2975,2975,0.0,"void at::native::mbtopk::computeBlockwiseKthCounts<unsigned int>(T1 *, short *, unsigned int, unsigned int, unsigned int *)"
custom_iteration::sampling_decode_b32::8,PushPop,78959,78959,1,1,2944,2944.0,2944.0,2944,2944,0.0,"void at::native::elementwise_kernel<(int)128, (int)2, void at::native::gpu_kernel_impl_nocast<at::native::AUnaryFunctor<float, float, float, at::native::binary_internal::MulFunctor<float>>>(at::TensorIteratorBase &, const T1 &)::[lambda(int) (instance 1)]>(int, T3)"
custom_iteration::sampling_decode_b32::8,PushPop,78959,78959,1,1,2688,2688.0,2688.0,2688,2688,0.0,"void at::native::vectorized_elementwise_kernel<(int)4, at::native::FillFunctor<float>, std::array<char *, (unsigned long)1>>(int, T2, T3)"
custom_iteration::sampling_decode_b32::8,PushPop,78959,78959,1,1,2495,2495.0,2495.0,2495,2495,0.0,"void at::native::mbtopk::fill<unsigned int, unsigned int>(T1 *, T1, T2)"
custom_iteration::sampling_decode_b32::9,PushPop,78959,78959,1,1,303380,303380.0,303380.0,303380,303380,0.0,"void at::native::vectorized_elementwise_kernel<(int)4, at::native::BUnaryFunctor<float, float, float, at::native::binary_internal::MulFunctor<float>>, std::array<char *, (unsigned long)2>>(int, T2, T3)"
custom_iteration::sampling_decode_b32::9,PushPop,78959,78959,1,4,286388,71597.0,68973.5,65949,82492,7409.1,"void at::native::mbtopk::radixFindKthValues<float, unsigned int, unsigned int, (int)2>(at::cuda::detail::TensorInfo<const T1, T2>, unsigned int, unsigned int *, unsigned int, T2, int, int, unsigned int, T3, T3 *, short *)"
custom_iteration::sampling_decode_b32::9,PushPop,78959,78959,1,1,218839,218839.0,218839.0,218839,218839,0.0,"void at::native::mbtopk::gatherTopK<float, unsigned int, (int)2>(at::cuda::detail::TensorInfo<const T1, T2>, T2, T2, bool, unsigned int, T2, at::cuda::detail::TensorInfo<T1, T2>, T2, at::cuda::detail::TensorInfo<long, T2>, T2, unsigned int, unsigned int, T1 *, unsigned int *, unsigned int *, unsigned int)"
custom_iteration::sampling_decode_b32::9,PushPop,78959,78959,1,1,150361,150361.0,150361.0,150361,150361,0.0,"void at::native::unrolled_elementwise_kernel<at::native::direct_copy_kernel_cuda(at::TensorIteratorBase &)::[lambda() (instance 3)]::operator ()() const::[lambda() (instance 7)]::operator ()() const::[lambda(float) (instance 1)], std::array<char *, (unsigned long)2>, (int)4, TrivialOffsetCalculator<(int)1, unsigned int>, TrivialOffsetCalculator<(int)1, unsigned int>, at::native::memory::LoadWithCast<(int)1>, at::native::memory::StoreWithCast<(int)1>>(int, T1, T2, T4, T5, T6, T7)"
custom_iteration::sampling_decode_b32::9,PushPop,78959,78959,1,4,38686,9671.5,9391.0,9312,10592,614.9,"void at::native::mbtopk::computeBlockwiseWithinKCounts<unsigned int, float>(T1 *, short *, unsigned int *, unsigned int, int, bool, unsigned int *, T2 *, unsigned int *, T1 *, unsigned int)"
custom_iteration::sampling_decode_b32::9,PushPop,78959,78959,1,1,20703,20703.0,20703.0,20703,20703,0.0,"void at::native::radixSortKVInPlace<(int)2, (int)-1, (int)32, (int)4, float, long, unsigned int>(at::cuda::detail::TensorInfo<T5, T7>, T7, T7, T7, at::cuda::detail::TensorInfo<T6, T7>, T7, bool)"
custom_iteration::sampling_decode_b32::9,PushPop,78959,78959,1,2,13343,6671.5,6671.5,4224,9119,3461.3,"void at_cuda_detail::cub::DeviceScanByKeyKernel<at_cuda_detail::cub::DeviceScanByKeyPolicy<at_cuda_detail::cub::TransformInputIterator<unsigned int, at::native::mbtopk::BlockIdxToKey, at_cuda_detail::cub::CountingInputIterator<unsigned int, unsigned int>, long>, unsigned int *, at_cuda_detail::cub::NullType>::Policy520, at_cuda_detail::cub::TransformInputIterator<unsigned int, at::native::mbtopk::BlockIdxToKey, at_cuda_detail::cub::CountingInputIterator<unsigned int, unsigned int>, long>, unsigned int *, unsigned int *, at_cuda_detail::cub::ReduceByKeyScanTileState<unsigned int, int, (bool)1>, at_cuda_detail::cub::Equality, at_cuda_detail::cub::Sum, at_cuda_detail::cub::NullType, int>(T2, T3, T4, T5, int, T6, T7, T8, T9)"
custom_iteration::sampling_decode_b32::9,PushPop,78959,78959,1,2,9727,4863.5,4863.5,4192,5535,949.6,"void at::native::elementwise_kernel<(int)128, (int)4, void at::native::gpu_kernel_impl_nocast<at::native::<unnamed>::CompareFunctor<float>>(at::TensorIteratorBase &, const T1 &)::[lambda(int) (instance 1)]>(int, T3)"
custom_iteration::sampling_decode_b32::9,PushPop,78959,78959,1,2,9280,4640.0,4640.0,4096,5184,769.3,"void at::native::tensor_kernel_scan_innermost_dim<float, std::plus<float>>(T1 *, const T1 *, unsigned int, unsigned int, unsigned int, T1, T2)"
custom_iteration::sampling_decode_b32::9,PushPop,78959,78959,1,1,8064,8064.0,8064.0,8064,8064,0.0,"void at::native::reduce_kernel<(int)512, (int)1, at::native::ReduceOp<float, at::native::func_wrapper_t<float, at::native::sum_functor<float, float, float>::operator ()(at::TensorIterator &)::[lambda(float, float) (instance 1)]>, unsigned int, float, (int)4, (int)4>>(T3)"
custom_iteration::sampling_decode_b32::9,PushPop,78959,78959,1,1,7935,7935.0,7935.0,7935,7935,0.0,"void at::native::reduce_kernel<(int)512, (int)1, at::native::ReduceOp<long, at::native::func_wrapper_t<long, at::native::sum_functor<long, long, long>::operator ()(at::TensorIterator &)::[lambda(long, long) (instance 1)]>, unsigned int, long, (int)4, (int)4>>(T3)"
custom_iteration::sampling_decode_b32::9,PushPop,78959,78959,1,1,7872,7872.0,7872.0,7872,7872,0.0,"void at::native::unrolled_elementwise_kernel<at::native::direct_copy_kernel_cuda(at::TensorIteratorBase &)::[lambda() (instance 3)]::operator ()() const::[lambda() (instance 4)]::operator ()() const::[lambda(long) (instance 1)], std::array<char *, (unsigned long)2>, (int)4, TrivialOffsetCalculator<(int)1, unsigned int>, TrivialOffsetCalculator<(int)1, unsigned int>, at::native::memory::LoadWithCast<(int)1>, at::native::memory::StoreWithCast<(int)1>>(int, T1, T2, T4, T5, T6, T7)"
custom_iteration::sampling_decode_b32::9,PushPop,78959,78959,1,1,5247,5247.0,5247.0,5247,5247,0.0,"void at::native::elementwise_kernel<(int)128, (int)2, void at::native::gpu_kernel_impl_nocast<at::native::BinaryFunctor<float, float, float, at::native::binary_internal::DivFunctor<float>>>(at::TensorIteratorBase &, const T1 &)::[lambda(int) (instance 1)]>(int, T3)"
custom_iteration::sampling_decode_b32::9,PushPop,78959,78959,1,1,4736,4736.0,4736.0,4736,4736,0.0,"void <unnamed>::softmax_warp_forward<float, float, float, (int)6, (bool)0, (bool)0>(T2 *, const T1 *, int, int, int, const bool *, int, bool)"
custom_iteration::sampling_decode_b32::9,PushPop,78959,78959,1,1,4576,4576.0,4576.0,4576,4576,0.0,"void at::native::_scatter_gather_elementwise_kernel<(int)128, (int)8, void at::native::_cuda_scatter_gather_internal_kernel<(bool)0, at::native::OpaqueType<(int)8>>::operator ()<at::native::TensorAssign>(at::TensorIterator &, long, long, long, const T1 &)::[lambda(int) (instance 1)]>(int, T3)"
custom_iteration::sampling_decode_b32::9,PushPop,78959,78959,1,2,4128,2064.0,2064.0,1952,2176,158.4,"void at_cuda_detail::cub::DeviceScanInitKernel<at_cuda_detail::cub::ReduceByKeyScanTileState<unsigned int, int, (bool)1>>(T1, int)"
custom_iteration::sampling_decode_b32::9,PushPop,78959,78959,1,1,3904,3904.0,3904.0,3904,3904,0.0,"void at::native::vectorized_elementwise_kernel<(int)4, at::native::<unnamed>::where_kernel_impl(at::TensorIterator &)::[lambda() (instance 1)]::operator ()() const::[lambda() (instance 11)]::operator ()() const::[lambda(bool, float, float) (instance 1)], std::array<char *, (unsigned long)4>>(int, T2, T3)"
custom_iteration::sampling_decode_b32::9,PushPop,78959,78959,1,1,3840,3840.0,3840.0,3840,3840,0.0,"void at::native::vectorized_elementwise_kernel<(int)4, at::native::<unnamed>::launch_clamp_scalar(at::TensorIteratorBase &, c10::Scalar, c10::Scalar, at::native::detail::ClampLimits)::[lambda() (instance 1)]::operator ()() const::[lambda() (instance 7)]::operator ()() const::[lambda(float) (instance 1)], std::array<char *, (unsigned long)2>>(int, T2, T3)"
custom_iteration::sampling_decode_b32::9,PushPop,78959,78959,1,1,3839,3839.0,3839.0,3839,3839,0.0,"void at::native::vectorized_elementwise_kernel<(int)4, void at::native::compare_scalar_kernel<float>(at::TensorIteratorBase &, at::native::<unnamed>::OpType, T1)::[lambda(float) (instance 1)], std::array<char *, (unsigned long)2>>(int, T2, T3)"
custom_iteration::sampling_decode_b32::9,PushPop,78959,78959,1,1,3776,3776.0,3776.0,3776,3776,0.0,"void at::native::vectorized_elementwise_kernel<(int)4, at::native::<unnamed>::masked_fill_kernel(at::TensorIterator &, const c10::Scalar &)::[lambda() (instance 1)]::operator ()() const::[lambda() (instance 7)]::operator ()() const::[lambda(float, bool) (instance 1)], std::array<char *, (unsigned long)3>>(int, T2, T3)"
custom_iteration::sampling_decode_b32::9,PushPop,78959,78959,1,1,3456,3456.0,3456.0,3456,3456,0.0,"void at::native::vectorized_elementwise_kernel<(int)2, at::native::<unnamed>::launch_clamp_scalar(at::TensorIteratorBase &, c10::Scalar, c10::Scalar, at::native::detail::ClampLimits)::[lambda() (instance 1)]::operator ()() const::[lambda() (instance 4)]::operator ()() const::[lambda(long) (instance 1)], std::array<char *, (unsigned long)2>>(int, T2, T3)"
custom_iteration::sampling_decode_b32::9,PushPop,78959,78959,1,1,3424,3424.0,3424.0,3424,3424,0.0,"void at::native::vectorized_elementwise_kernel<(int)4, at::native::CUDAFunctor_add<float>, std::array<char *, (unsigned long)3>>(int, T2, T3)"
custom_iteration::sampling_decode_b32::9,PushPop,78959,78959,1,1,3040,3040.0,3040.0,3040,3040,0.0,"void at::native::mbtopk::computeBlockwiseKthCounts<unsigned int>(T1 *, short *, unsigned int, unsigned int, unsigned int *)"
custom_iteration::sampling_decode_b32::9,PushPop,78959,78959,1,1,2944,2944.0,2944.0,2944,2944,0.0,"void at::native::elementwise_kernel<(int)128, (int)2, void at::native::gpu_kernel_impl_nocast<at::native::AUnaryFunctor<float, float, float, at::native::binary_internal::MulFunctor<float>>>(at::TensorIteratorBase &, const T1 &)::[lambda(int) (instance 1)]>(int, T3)"
custom_iteration::sampling_decode_b32::9,PushPop,78959,78959,1,1,2624,2624.0,2624.0,2624,2624,0.0,"void at::native::vectorized_elementwise_kernel<(int)4, at::native::FillFunctor<float>, std::array<char *, (unsigned long)1>>(int, T2, T3)"
custom_iteration::sampling_decode_b32::9,PushPop,78959,78959,1,1,2528,2528.0,2528.0,2528,2528,0.0,"void at::native::mbtopk::fill<unsigned int, unsigned int>(T1 *, T1, T2)"
custom_iteration::small_n_linear_b1::0,PushPop,78959,78959,1,1,385584,385584.0,385584.0,385584,385584,0.0,"void gemv2T_kernel_val<int, int, __half, __half, __half, float, (int)128, (int)16, (int)2, (int)4, (bool)0, (bool)1, cublasGemvParams<cublasGemvTensorStridedBatched<const __half>, cublasGemvTensorStridedBatched<const __half>, cublasGemvTensorStridedBatched<__half>, float>>(T13, T6, T6)"
custom_iteration::small_n_linear_b1::1,PushPop,78959,78959,1,1,379344,379344.0,379344.0,379344,379344,0.0,"void gemv2T_kernel_val<int, int, __half, __half, __half, float, (int)128, (int)16, (int)2, (int)4, (bool)0, (bool)1, cublasGemvParams<cublasGemvTensorStridedBatched<const __half>, cublasGemvTensorStridedBatched<const __half>, cublasGemvTensorStridedBatched<__half>, float>>(T13, T6, T6)"
custom_iteration::small_n_linear_b1::10,PushPop,78959,78959,1,1,381425,381425.0,381425.0,381425,381425,0.0,"void gemv2T_kernel_val<int, int, __half, __half, __half, float, (int)128, (int)16, (int)2, (int)4, (bool)0, (bool)1, cublasGemvParams<cublasGemvTensorStridedBatched<const __half>, cublasGemvTensorStridedBatched<const __half>, cublasGemvTensorStridedBatched<__half>, float>>(T13, T6, T6)"
custom_iteration::small_n_linear_b1::11,PushPop,78959,78959,1,1,381297,381297.0,381297.0,381297,381297,0.0,"void gemv2T_kernel_val<int, int, __half, __half, __half, float, (int)128, (int)16, (int)2, (int)4, (bool)0, (bool)1, cublasGemvParams<cublasGemvTensorStridedBatched<const __half>, cublasGemvTensorStridedBatched<const __half>, cublasGemvTensorStridedBatched<__half>, float>>(T13, T6, T6)"
custom_iteration::small_n_linear_b1::2,PushPop,78959,78959,1,1,378800,378800.0,378800.0,378800,378800,0.0,"void gemv2T_kernel_val<int, int, __half, __half, __half, float, (int)128, (int)16, (int)2, (int)4, (bool)0, (bool)1, cublasGemvParams<cublasGemvTensorStridedBatched<const __half>, cublasGemvTensorStridedBatched<const __half>, cublasGemvTensorStridedBatched<__half>, float>>(T13, T6, T6)"
custom_iteration::small_n_linear_b1::3,PushPop,78959,78959,1,1,378193,378193.0,378193.0,378193,378193,0.0,"void gemv2T_kernel_val<int, int, __half, __half, __half, float, (int)128, (int)16, (int)2, (int)4, (bool)0, (bool)1, cublasGemvParams<cublasGemvTensorStridedBatched<const __half>, cublasGemvTensorStridedBatched<const __half>, cublasGemvTensorStridedBatched<__half>, float>>(T13, T6, T6)"
custom_iteration::small_n_linear_b1::4,PushPop,78959,78959,1,1,383696,383696.0,383696.0,383696,383696,0.0,"void gemv2T_kernel_val<int, int, __half, __half, __half, float, (int)128, (int)16, (int)2, (int)4, (bool)0, (bool)1, cublasGemvParams<cublasGemvTensorStridedBatched<const __half>, cublasGemvTensorStridedBatched<const __half>, cublasGemvTensorStridedBatched<__half>, float>>(T13, T6, T6)"
custom_iteration::small_n_linear_b1::5,PushPop,78959,78959,1,1,384080,384080.0,384080.0,384080,384080,0.0,"void gemv2T_kernel_val<int, int, __half, __half, __half, float, (int)128, (int)16, (int)2, (int)4, (bool)0, (bool)1, cublasGemvParams<cublasGemvTensorStridedBatched<const __half>, cublasGemvTensorStridedBatched<const __half>, cublasGemvTensorStridedBatched<__half>, float>>(T13, T6, T6)"
custom_iteration::small_n_linear_b1::6,PushPop,78959,78959,1,1,381744,381744.0,381744.0,381744,381744,0.0,"void gemv2T_kernel_val<int, int, __half, __half, __half, float, (int)128, (int)16, (int)2, (int)4, (bool)0, (bool)1, cublasGemvParams<cublasGemvTensorStridedBatched<const __half>, cublasGemvTensorStridedBatched<const __half>, cublasGemvTensorStridedBatched<__half>, float>>(T13, T6, T6)"
custom_iteration::small_n_linear_b1::7,PushPop,78959,78959,1,1,379920,379920.0,379920.0,379920,379920,0.0,"void gemv2T_kernel_val<int, int, __half, __half, __half, float, (int)128, (int)16, (int)2, (int)4, (bool)0, (bool)1, cublasGemvParams<cublasGemvTensorStridedBatched<const __half>, cublasGemvTensorStridedBatched<const __half>, cublasGemvTensorStridedBatched<__half>, float>>(T13, T6, T6)"
custom_iteration::small_n_linear_b1::8,PushPop,78959,78959,1,1,378256,378256.0,378256.0,378256,378256,0.0,"void gemv2T_kernel_val<int, int, __half, __half, __half, float, (int)128, (int)16, (int)2, (int)4, (bool)0, (bool)1, cublasGemvParams<cublasGemvTensorStridedBatched<const __half>, cublasGemvTensorStridedBatched<const __half>, cublasGemvTensorStridedBatched<__half>, float>>(T13, T6, T6)"
custom_iteration::small_n_linear_b1::9,PushPop,78959,78959,1,1,383152,383152.0,383152.0,383152,383152,0.0,"void gemv2T_kernel_val<int, int, __half, __half, __half, float, (int)128, (int)16, (int)2, (int)4, (bool)0, (bool)1, cublasGemvParams<cublasGemvTensorStridedBatched<const __half>, cublasGemvTensorStridedBatched<const __half>, cublasGemvTensorStridedBatched<__half>, float>>(T13, T6, T6)"
custom_iteration::swiglu_decode_b1::0,PushPop,78959,78959,1,1,3808,3808.0,3808.0,3808,3808,0.0,"void <unnamed>::bias_swiglu_kernel<c10::Half>(const T1 *, const T1 *, const T1 *, const T1 *, T1 *, long, long)"
custom_iteration::swiglu_decode_b1::1,PushPop,78959,78959,1,1,3263,3263.0,3263.0,3263,3263,0.0,"void <unnamed>::bias_swiglu_kernel<c10::Half>(const T1 *, const T1 *, const T1 *, const T1 *, T1 *, long, long)"
custom_iteration::swiglu_decode_b1::10,PushPop,78959,78959,1,1,3263,3263.0,3263.0,3263,3263,0.0,"void <unnamed>::bias_swiglu_kernel<c10::Half>(const T1 *, const T1 *, const T1 *, const T1 *, T1 *, long, long)"
custom_iteration::swiglu_decode_b1::11,PushPop,78959,78959,1,1,3263,3263.0,3263.0,3263,3263,0.0,"void <unnamed>::bias_swiglu_kernel<c10::Half>(const T1 *, const T1 *, const T1 *, const T1 *, T1 *, long, long)"
custom_iteration::swiglu_decode_b1::2,PushPop,78959,78959,1,1,3263,3263.0,3263.0,3263,3263,0.0,"void <unnamed>::bias_swiglu_kernel<c10::Half>(const T1 *, const T1 *, const T1 *, const T1 *, T1 *, long, long)"
custom_iteration::swiglu_decode_b1::3,PushPop,78959,78959,1,1,3265,3265.0,3265.0,3265,3265,0.0,"void <unnamed>::bias_swiglu_kernel<c10::Half>(const T1 *, const T1 *, const T1 *, const T1 *, T1 *, long, long)"
custom_iteration::swiglu_decode_b1::4,PushPop,78959,78959,1,1,3264,3264.0,3264.0,3264,3264,0.0,"void <unnamed>::bias_swiglu_kernel<c10::Half>(const T1 *, const T1 *, const T1 *, const T1 *, T1 *, long, long)"
custom_iteration::swiglu_decode_b1::5,PushPop,78959,78959,1,1,3232,3232.0,3232.0,3232,3232,0.0,"void <unnamed>::bias_swiglu_kernel<c10::Half>(const T1 *, const T1 *, const T1 *, const T1 *, T1 *, long, long)"
custom_iteration::swiglu_decode_b1::6,PushPop,78959,78959,1,1,3264,3264.0,3264.0,3264,3264,0.0,"void <unnamed>::bias_swiglu_kernel<c10::Half>(const T1 *, const T1 *, const T1 *, const T1 *, T1 *, long, long)"
custom_iteration::swiglu_decode_b1::7,PushPop,78959,78959,1,1,3232,3232.0,3232.0,3232,3232,0.0,"void <unnamed>::bias_swiglu_kernel<c10::Half>(const T1 *, const T1 *, const T1 *, const T1 *, T1 *, long, long)"
custom_iteration::swiglu_decode_b1::8,PushPop,78959,78959,1,1,3232,3232.0,3232.0,3232,3232,0.0,"void <unnamed>::bias_swiglu_kernel<c10::Half>(const T1 *, const T1 *, const T1 *, const T1 *, T1 *, long, long)"
custom_iteration::swiglu_decode_b1::9,PushPop,78959,78959,1,1,3232,3232.0,3232.0,3232,3232,0.0,"void <unnamed>::bias_swiglu_kernel<c10::Half>(const T1 *, const T1 *, const T1 *, const T1 *, T1 *, long, long)"
custom_iteration::swiglu_decode_b32::0,PushPop,78959,78959,1,1,47966,47966.0,47966.0,47966,47966,0.0,"void <unnamed>::bias_swiglu_kernel<c10::Half>(const T1 *, const T1 *, const T1 *, const T1 *, T1 *, long, long)"
custom_iteration::swiglu_decode_b32::1,PushPop,78959,78959,1,1,47070,47070.0,47070.0,47070,47070,0.0,"void <unnamed>::bias_swiglu_kernel<c10::Half>(const T1 *, const T1 *, const T1 *, const T1 *, T1 *, long, long)"
custom_iteration::swiglu_decode_b32::10,PushPop,78959,78959,1,1,47006,47006.0,47006.0,47006,47006,0.0,"void <unnamed>::bias_swiglu_kernel<c10::Half>(const T1 *, const T1 *, const T1 *, const T1 *, T1 *, long, long)"
custom_iteration::swiglu_decode_b32::11,PushPop,78959,78959,1,1,46942,46942.0,46942.0,46942,46942,0.0,"void <unnamed>::bias_swiglu_kernel<c10::Half>(const T1 *, const T1 *, const T1 *, const T1 *, T1 *, long, long)"
custom_iteration::swiglu_decode_b32::2,PushPop,78959,78959,1,1,46942,46942.0,46942.0,46942,46942,0.0,"void <unnamed>::bias_swiglu_kernel<c10::Half>(const T1 *, const T1 *, const T1 *, const T1 *, T1 *, long, long)"
custom_iteration::swiglu_decode_b32::3,PushPop,78959,78959,1,1,46878,46878.0,46878.0,46878,46878,0.0,"void <unnamed>::bias_swiglu_kernel<c10::Half>(const T1 *, const T1 *, const T1 *, const T1 *, T1 *, long, long)"
custom_iteration::swiglu_decode_b32::4,PushPop,78959,78959,1,1,143834,143834.0,143834.0,143834,143834,0.0,"void <unnamed>::bias_swiglu_kernel<c10::Half>(const T1 *, const T1 *, const T1 *, const T1 *, T1 *, long, long)"
custom_iteration::swiglu_decode_b32::5,PushPop,78959,78959,1,1,47774,47774.0,47774.0,47774,47774,0.0,"void <unnamed>::bias_swiglu_kernel<c10::Half>(const T1 *, const T1 *, const T1 *, const T1 *, T1 *, long, long)"
custom_iteration::swiglu_decode_b32::6,PushPop,78959,78959,1,1,47102,47102.0,47102.0,47102,47102,0.0,"void <unnamed>::bias_swiglu_kernel<c10::Half>(const T1 *, const T1 *, const T1 *, const T1 *, T1 *, long, long)"
custom_iteration::swiglu_decode_b32::7,PushPop,78959,78959,1,1,46878,46878.0,46878.0,46878,46878,0.0,"void <unnamed>::bias_swiglu_kernel<c10::Half>(const T1 *, const T1 *, const T1 *, const T1 *, T1 *, long, long)"
custom_iteration::swiglu_decode_b32::8,PushPop,78959,78959,1,1,46942,46942.0,46942.0,46942,46942,0.0,"void <unnamed>::bias_swiglu_kernel<c10::Half>(const T1 *, const T1 *, const T1 *, const T1 *, T1 *, long, long)"
custom_iteration::swiglu_decode_b32::9,PushPop,78959,78959,1,1,46846,46846.0,46846.0,46846,46846,0.0,"void <unnamed>::bias_swiglu_kernel<c10::Half>(const T1 *, const T1 *, const T1 *, const T1 *, T1 *, long, long)"
decode_profile_window,PushPop,78959,78959,1,24,9282559,386773.3,380833.0,376752,521386,28766.9,"void gemv2T_kernel_val<int, int, __half, __half, __half, float, (int)128, (int)16, (int)2, (int)4, (bool)0, (bool)1, cublasGemvParams<cublasGemvTensorStridedBatched<const __half>, cublasGemvTensorStridedBatched<const __half>, cublasGemvTensorStridedBatched<__half>, float>>(T13, T6, T6)"
decode_profile_window,PushPop,78959,78959,1,348,8617429,24762.7,5040.0,2431,935129,61913.2,"void at::native::unrolled_elementwise_kernel<at::native::direct_copy_kernel_cuda(at::TensorIteratorBase &)::[lambda() (instance 3)]::operator ()() const::[lambda() (instance 7)]::operator ()() const::[lambda(float) (instance 1)], std::array<char *, (unsigned long)2>, (int)4, TrivialOffsetCalculator<(int)1, unsigned int>, TrivialOffsetCalculator<(int)1, unsigned int>, at::native::memory::LoadWithCast<(int)1>, at::native::memory::StoreWithCast<(int)1>>(int, T1, T2, T4, T5, T6, T7)"
decode_profile_window,PushPop,78959,78959,1,96,6849820,71352.3,68622.0,65341,84028,6256.4,"void at::native::mbtopk::radixFindKthValues<float, unsigned int, unsigned int, (int)2>(at::cuda::detail::TensorInfo<const T1, T2>, unsigned int, unsigned int *, unsigned int, T2, int, int, unsigned int, T3, T3 *, short *)"
decode_profile_window,PushPop,78959,78959,1,24,5187690,216153.8,216263.0,213303,218967,1763.1,"void at::native::mbtopk::gatherTopK<float, unsigned int, (int)2>(at::cuda::detail::TensorInfo<const T1, T2>, T2, T2, bool, unsigned int, T2, at::cuda::detail::TensorInfo<T1, T2>, T2, at::cuda::detail::TensorInfo<long, T2>, T2, unsigned int, unsigned int, T1 *, unsigned int *, unsigned int *, unsigned int)"
decode_profile_window,PushPop,78959,78959,1,36,2419289,67202.5,84972.5,2304,303380,61303.0,"void at::native::vectorized_elementwise_kernel<(int)4, at::native::BUnaryFunctor<float, float, float, at::native::binary_internal::MulFunctor<float>>, std::array<char *, (unsigned long)2>>(int, T2, T3)"
decode_profile_window,PushPop,78959,78959,1,204,1716679,8415.1,8128.0,2912,14624,4232.2,"void at::native::elementwise_kernel<(int)128, (int)2, void at::native::gpu_kernel_impl_nocast<at::native::BinaryFunctor<float, float, float, at::native::binary_internal::MulFunctor<float>>>(at::TensorIteratorBase &, const T1 &)::[lambda(int) (instance 1)]>(int, T3)"
decode_profile_window,PushPop,78959,78959,1,12,1444930,120410.8,120219.0,120091,122394,632.3,"void <unnamed>::rope_qk_norm_kernel<c10::Half>(const T1 *, const T1 *, const T1 *, const T1 *, const T1 *, const T1 *, T1 *, T1 *, long, long, long, long, float)"
decode_profile_window,PushPop,78959,78959,1,96,918972,9572.6,9472.0,9216,10592,272.4,"void at::native::mbtopk::computeBlockwiseWithinKCounts<unsigned int, float>(T1 *, short *, unsigned int *, unsigned int, int, bool, unsigned int *, T2 *, unsigned int *, T1 *, unsigned int)"
decode_profile_window,PushPop,78959,78959,1,24,817086,34045.3,33902.0,33438,37823,849.3,"void at::native::elementwise_kernel<(int)128, (int)2, void at::native::gpu_kernel_impl_nocast<at::native::CUDAFunctor_add<float>>(at::TensorIteratorBase &, const T1 &)::[lambda(int) (instance 1)]>(int, T3)"
decode_profile_window,PushPop,78959,78959,1,132,743298,5631.0,3951.5,2112,24543,5883.9,"void at::native::vectorized_elementwise_kernel<(int)4, at::native::float16_copy_kernel_cuda(at::TensorIteratorBase &)::[lambda(float) (instance 1)], std::array<char *, (unsigned long)2>>(int, T2, T3)"
decode_profile_window,PushPop,78959,78959,1,24,701761,29240.0,25327.0,3232,143834,32788.3,"void <unnamed>::bias_swiglu_kernel<c10::Half>(const T1 *, const T1 *, const T1 *, const T1 *, T1 *, long, long)"
decode_profile_window,PushPop,78959,78959,1,60,688712,11478.5,11599.5,4736,87420,10683.3,"void at::native::reduce_kernel<(int)512, (int)1, at::native::ReduceOp<float, at::native::MeanOps<float, float, float, float>, unsigned int, float, (int)4, (int)4>>(T3)"
decode_profile_window,PushPop,78959,78959,1,36,614088,17058.0,2560.0,2272,53278,20936.1,"void at::native::vectorized_elementwise_kernel<(int)4, at::native::BinaryFunctor<float, float, float, at::native::binary_internal::MulFunctor<float>>, std::array<char *, (unsigned long)3>>(int, T2, T3)"
decode_profile_window,PushPop,78959,78959,1,24,487307,20304.5,20607.0,19616,20927,491.3,"void at::native::radixSortKVInPlace<(int)2, (int)-1, (int)32, (int)4, float, long, unsigned int>(at::cuda::detail::TensorInfo<T5, T7>, T7, T7, T7, at::cuda::detail::TensorInfo<T6, T7>, T7, bool)"
decode_profile_window,PushPop,78959,78959,1,120,484939,4041.2,3391.0,2176,13119,2994.6,"void at::native::vectorized_elementwise_kernel<(int)4, at::native::CUDAFunctor_add<float>, std::array<char *, (unsigned long)3>>(int, T2, T3)"
decode_profile_window,PushPop,78959,78959,1,24,409616,17067.3,17407.5,3232,36478,13957.5,"void at::native::vectorized_elementwise_kernel<(int)4, at::native::<unnamed>::silu_kernel(at::TensorIteratorBase &)::[lambda() (instance 1)]::operator ()() const::[lambda() (instance 2)]::operator ()() const::[lambda(float) (instance 1)], std::array<char *, (unsigned long)2>>(int, T2, T3)"
decode_profile_window,PushPop,78959,78959,1,24,353551,14731.3,16464.0,10560,19583,3601.6,"void <unnamed>::residual_rms_norm_kernel<c10::Half>(const T1 *, const T1 *, const T1 *, T1 *, T1 *, long, float)"
decode_profile_window,PushPop,78959,78959,1,24,350705,14612.7,14463.5,8416,23071,6152.3,"void at::native::<unnamed>::CatArrayBatchedCopy_aligned16_contig<at::native::<unnamed>::OpaqueType<(unsigned int)4>, unsigned int, (int)4, (int)128, (int)1>(T1 *, at::native::<unnamed>::CatArrInputTensorMetadata<T1, T2, T4, T5>, at::native::<unnamed>::TensorSizeStride<T2, (unsigned int)4>, int, T2)"
decode_profile_window,PushPop,78959,78959,1,48,323664,6743.0,6783.5,4223,9408,2499.7,"void at_cuda_detail::cub::DeviceScanByKeyKernel<at_cuda_detail::cub::DeviceScanByKeyPolicy<at_cuda_detail::cub::TransformInputIterator<unsigned int, at::native::mbtopk::BlockIdxToKey, at_cuda_detail::cub::CountingInputIterator<unsigned int, unsigned int>, long>, unsigned int *, at_cuda_detail::cub::NullType>::Policy520, at_cuda_detail::cub::TransformInputIterator<unsigned int, at::native::mbtopk::BlockIdxToKey, at_cuda_detail::cub::CountingInputIterator<unsigned int, unsigned int>, long>, unsigned int *, unsigned int *, at_cuda_detail::cub::ReduceByKeyScanTileState<unsigned int, int, (bool)1>, at_cuda_detail::cub::Equality, at_cuda_detail::cub::Sum, at_cuda_detail::cub::NullType, int>(T2, T3, T4, T5, int, T6, T7, T8, T9)"
decode_profile_window,PushPop,78959,78959,1,36,314518,8736.6,5216.0,5087,19583,5141.2,"void at::native::elementwise_kernel<(int)128, (int)2, void at::native::gpu_kernel_impl_nocast<at::native::BinaryFunctor<float, float, float, at::native::binary_internal::DivFunctor<float>>>(at::TensorIteratorBase &, const T1 &)::[lambda(int) (instance 1)]>(int, T3)"
decode_profile_window,PushPop,78959,78959,1,60,270518,4508.6,5440.0,2240,6880,1603.1,"void at::native::vectorized_elementwise_kernel<(int)4, void at::native::<unnamed>::pow_tensor_scalar_kernel_impl<float, float>(at::TensorIteratorBase &, T2)::[lambda(float) (instance 1)], std::array<char *, (unsigned long)2>>(int, T2, T3)"
decode_profile_window,PushPop,78959,78959,1,48,234744,4890.5,4816.0,4160,5759,698.9,"void at::native::elementwise_kernel<(int)128, (int)4, void at::native::gpu_kernel_impl_nocast<at::native::<unnamed>::CompareFunctor<float>>(at::TensorIteratorBase &, const T1 &)::[lambda(int) (instance 1)]>(int, T3)"
decode_profile_window,PushPop,78959,78959,1,12,226999,18916.6,18479.0,18015,24288,1698.7,"void <unnamed>::rms_norm_quantize_kernel<c10::Half>(const T1 *, const T1 *, signed char *, float *, long, float)"
decode_profile_window,PushPop,78959,78959,1,48,223959,4665.8,4640.0,4064,5408,531.3,"void at::native::tensor_kernel_scan_innermost_dim<float, std::plus<float>>(T1 *, const T1 *, unsigned int, unsigned int, unsigned int, T1, T2)"
decode_profile_window,PushPop,78959,78959,1,48,219318,4569.1,3919.5,3680,7360,1194.7,"void at::native::vectorized_elementwise_kernel<(int)4, at::native::<unnamed>::launch_clamp_scalar(at::TensorIteratorBase &, c10::Scalar, c10::Scalar, at::native::detail::ClampLimits)::[lambda() (instance 1)]::operator ()() const::[lambda() (instance 7)]::operator ()() const::[lambda(float) (instance 1)], std::array<char *, (unsigned long)2>>(int, T2, T3)"
decode_profile_window,PushPop,78959,78959,1,60,203735,3395.6,3232.0,2336,7488,832.1,"void at::native::vectorized_elementwise_kernel<(int)4, at::native::rsqrt_kernel_cuda(at::TensorIteratorBase &)::[lambda() (instance 2)]::operator ()() const::[lambda() (instance 2)]::operator ()() const::[lambda(float) (instance 1)], std::array<char *, (unsigned long)2>>(int, T2, T3)"
decode_profile_window,PushPop,78959,78959,1,24,199287,8303.6,8111.5,7935,11871,779.5,"void at::native::index_elementwise_kernel<(int)128, (int)4, void at::native::gpu_index_kernel<void at::native::index_kernel_impl<at::native::OpaqueType<(int)2>>(at::TensorIteratorBase &, c10::ArrayRef<long>, c10::ArrayRef<long>)::[lambda(char *, const char *, long) (instance 1)]>(at::TensorIteratorBase &, c10::ArrayRef<long>, c10::ArrayRef<long>, const T1 &)::[lambda(int) (instance 1)]>(long, T3)"
decode_profile_window,PushPop,78959,78959,1,24,193529,8063.7,8063.5,7935,8287,83.9,"void at::native::reduce_kernel<(int)512, (int)1, at::native::ReduceOp<long, at::native::func_wrapper_t<long, at::native::sum_functor<long, long, long>::operator ()(at::TensorIterator &)::[lambda(long, long) (instance 1)]>, unsigned int, long, (int)4, (int)4>>(T3)"
decode_profile_window,PushPop,78959,78959,1,24,191768,7990.3,7968.0,7647,8256,152.9,"void at::native::reduce_kernel<(int)512, (int)1, at::native::ReduceOp<float, at::native::func_wrapper_t<float, at::native::sum_functor<float, float, float>::operator ()(at::TensorIterator &)::[lambda(float, float) (instance 1)]>, unsigned int, float, (int)4, (int)4>>(T3)"
decode_profile_window,PushPop,78959,78959,1,24,187639,7818.3,7807.5,7520,8096,162.9,"void at::native::unrolled_elementwise_kernel<at::native::direct_copy_kernel_cuda(at::TensorIteratorBase &)::[lambda() (instance 3)]::operator ()() const::[lambda() (instance 4)]::operator ()() const::[lambda(long) (instance 1)], std::array<char *, (unsigned long)2>, (int)4, TrivialOffsetCalculator<(int)1, unsigned int>, TrivialOffsetCalculator<(int)1, unsigned int>, at::native::memory::LoadWithCast<(int)1>, at::native::memory::StoreWithCast<(int)1>>(int, T1, T2, T4, T5, T6, T7)"
decode_profile_window,PushPop,78959,78959,1,12,181625,15135.4,14911.5,14336,16191,642.3,"void at::native::unrolled_elementwise_kernel<at::native::direct_copy_kernel_cuda(at::TensorIteratorBase &)::[lambda() (instance 3)]::operator ()() const::[lambda() (instance 2)]::operator ()() const::[lambda(signed char) (instance 1)], std::array<char *, (unsigned long)2>, (int)4, TrivialOffsetCalculator<(int)1, unsigned int>, TrivialOffsetCalculator<(int)1, unsigned int>, at::native::memory::LoadWithCast<(int)1>, at::native::memory::StoreWithCast<(int)1>>(int, T1, T2, T4, T5, T6, T7)"
decode_profile_window,PushPop,78959,78959,1,12,168735,14061.3,13952.0,13856,14784,259.8,"void at::native::reduce_kernel<(int)512, (int)1, at::native::ReduceOp<float, at::native::func_wrapper_t<float, at::native::MaxNanFunctor<float>>, unsigned int, float, (int)4, (int)4>>(T3)"
decode_profile_window,PushPop,78959,78959,1,24,156538,6522.4,6464.0,6303,7743,272.0,"void at::native::index_elementwise_kernel<(int)128, (int)4, void at::native::index_copy_kernel_impl<at::native::OpaqueType<(int)2>>(at::TensorIterator &, long, long, long)::[lambda(int) (instance 1)]>(long, T3)"
decode_profile_window,PushPop,78959,78959,1,60,155288,2588.1,2592.0,2111,3264,341.1,"void at::native::vectorized_elementwise_kernel<(int)4, at::native::CUDAFunctorOnSelf_add<float>, std::array<char *, (unsigned long)2>>(int, T2, T3)"
decode_profile_window,PushPop,78959,78959,1,24,111545,4647.7,4608.0,4544,4960,93.2,"void <unnamed>::softmax_warp_forward<float, float, float, (int)6, (bool)0, (bool)0>(T2 *, const T1 *, int, int, int, const bool *, int, bool)"
decode_profile_window,PushPop,78959,78959,1,24,110778,4615.8,4607.0,4544,4832,61.4,"void at::native::_scatter_gather_elementwise_kernel<(int)128, (int)8, void at::native::_cuda_scatter_gather_internal_kernel<(bool)0, at::native::OpaqueType<(int)8>>::operator ()<at::native::TensorAssign>(at::TensorIterator &, long, long, long, const T1 &)::[lambda(int) (instance 1)]>(int, T3)"
decode_profile_window,PushPop,78959,78959,1,36,109114,3030.9,3072.0,2719,4191,284.5,"void at_cuda_detail::cub::DeviceSelectSweepKernel<at_cuda_detail::cub::DispatchSelectIf<at_cuda_detail::cub::CountingInputIterator<long, long>, at_cuda_detail::cub::TransformInputIterator<bool, at::native::<unnamed>::NonZeroOp<bool>, const bool *, long>, long *, int *, at_cuda_detail::cub::NullType, at_cuda_detail::cub::NullType, int, (bool)0>::PtxSelectIfPolicyT, at_cuda_detail::cub::CountingInputIterator<long, long>, at_cuda_detail::cub::TransformInputIterator<bool, at::native::<unnamed>::NonZeroOp<bool>, const bool *, long>, long *, int *, at_cuda_detail::cub::ScanTileState<int, (bool)1>, at_cuda_detail::cub::NullType, at_cuda_detail::cub::NullType, int, (bool)0>(T2, T3, T4, T5, T6, T7, T8, T9, int)"
decode_profile_window,PushPop,78959,78959,1,36,102520,2847.8,2880.0,2527,4128,294.7,"void at_cuda_detail::cub::DeviceReduceSingleTileKernel<at_cuda_detail::cub::DeviceReducePolicy<bool, int, int, at_cuda_detail::cub::Sum>::Policy600, at_cuda_detail::cub::TransformInputIterator<bool, at::native::<unnamed>::NonZeroOp<bool>, const bool *, long>, int *, int, at_cuda_detail::cub::Sum, int>(T2, T3, T4, T5, T6)"
decode_profile_window,PushPop,78959,78959,1,48,98268,2047.3,2112.0,1920,2208,110.3,"void at_cuda_detail::cub::DeviceScanInitKernel<at_cuda_detail::cub::ReduceByKeyScanTileState<unsigned int, int, (bool)1>>(T1, int)"
decode_profile_window,PushPop,78959,78959,1,24,93083,3878.5,3856.0,3807,4032,57.6,"void at::native::vectorized_elementwise_kernel<(int)4, at::native::<unnamed>::where_kernel_impl(at::TensorIterator &)::[lambda() (instance 1)]::operator ()() const::[lambda() (instance 11)]::operator ()() const::[lambda(bool, float, float) (instance 1)], std::array<char *, (unsigned long)4>>(int, T2, T3)"
decode_profile_window,PushPop,78959,78959,1,24,90972,3790.5,3776.0,3743,3904,51.7,"void at::native::vectorized_elementwise_kernel<(int)4, at::native::<unnamed>::masked_fill_kernel(at::TensorIterator &, const c10::Scalar &)::[lambda() (instance 1)]::operator ()() const::[lambda() (instance 7)]::operator ()() const::[lambda(float, bool) (instance 1)], std::array<char *, (unsigned long)3>>(int, T2, T3)"
decode_profile_window,PushPop,78959,78959,1,24,88670,3694.6,3664.0,3584,3872,102.9,"void at::native::vectorized_elementwise_kernel<(int)4, void at::native::compare_scalar_kernel<float>(at::TensorIteratorBase &, at::native::<unnamed>::OpType, T1)::[lambda(float) (instance 1)], std::array<char *, (unsigned long)2>>(int, T2, T3)"
decode_profile_window,PushPop,78959,78959,1,12,87101,7258.4,7184.0,7103,8256,316.6,"void <unnamed>::kv_cache_append_kernel<c10::Half>(T1 *, T1 *, const long *, const T1 *, const T1 *, long, long, long)"
decode_profile_window,PushPop,78959,78959,1,24,83901,3495.9,3488.0,3455,3648,50.3,"void at::native::vectorized_elementwise_kernel<(int)2, at::native::<unnamed>::launch_clamp_scalar(at::TensorIteratorBase &, c10::Scalar, c10::Scalar, at::native::detail::ClampLimits)::[lambda() (instance 1)]::operator ()() const::[lambda() (instance 4)]::operator ()() const::[lambda(long) (instance 1)], std::array<char *, (unsigned long)2>>(int, T2, T3)"
decode_profile_window,PushPop,78959,78959,1,12,77626,6468.8,6079.5,5280,10719,1494.3,"void at::native::vectorized_elementwise_kernel<(int)4, at::native::round_kernel_cuda(at::TensorIteratorBase &)::[lambda() (instance 1)]::operator ()() const::[lambda() (instance 2)]::operator ()() const::[lambda(float) (instance 1)], std::array<char *, (unsigned long)2>>(int, T2, T3)"
decode_profile_window,PushPop,78959,78959,1,24,71965,2998.5,2991.5,2944,3072,36.0,"void at::native::mbtopk::computeBlockwiseKthCounts<unsigned int>(T1 *, short *, unsigned int, unsigned int, unsigned int *)"
decode_profile_window,PushPop,78959,78959,1,36,71899,1997.2,2016.0,1887,2144,63.7,"void at_cuda_detail::cub::DeviceCompactInitKernel<at_cuda_detail::cub::ScanTileState<int, (bool)1>, int *>(T1, int, T2)"
decode_profile_window,PushPop,78959,78959,1,24,70814,2950.6,2512.0,2464,12480,2030.7,"void at::native::mbtopk::fill<unsigned int, unsigned int>(T1 *, T1, T2)"
decode_profile_window,PushPop,78959,78959,1,24,70811,2950.5,2944.0,2912,3072,29.8,"void at::native::elementwise_kernel<(int)128, (int)2, void at::native::gpu_kernel_impl_nocast<at::native::AUnaryFunctor<float, float, float, at::native::binary_internal::MulFunctor<float>>>(at::TensorIteratorBase &, const T1 &)::[lambda(int) (instance 1)]>(int, T3)"
decode_profile_window,PushPop,78959,78959,1,12,65402,5450.2,5439.5,5215,5887,191.2,"void at::native::vectorized_elementwise_kernel<(int)4, at::native::AbsFunctor<float>, std::array<char *, (unsigned long)2>>(int, T2, T3)"
decode_profile_window,PushPop,78959,78959,1,24,63835,2659.8,2640.0,2591,2944,77.4,"void at::native::vectorized_elementwise_kernel<(int)4, at::native::FillFunctor<float>, std::array<char *, (unsigned long)1>>(int, T2, T3)"
decode_profile_window,PushPop,78959,78959,1,24,61949,2581.2,2640.0,2240,3648,344.8,"void at::native::vectorized_elementwise_kernel<(int)4, void at::native::compare_scalar_kernel<long>(at::TensorIteratorBase &, at::native::<unnamed>::OpType, T1)::[lambda(long) (instance 1)], std::array<char *, (unsigned long)2>>(int, T2, T3)"
decode_profile_window,PushPop,78959,78959,1,12,44799,3733.3,3664.0,3648,4415,217.7,"void at::native::index_elementwise_kernel<(int)128, (int)4, void at::native::gpu_index_kernel<void at::native::index_kernel_impl<at::native::OpaqueType<(int)8>>(at::TensorIteratorBase &, c10::ArrayRef<long>, c10::ArrayRef<long>)::[lambda(char *, const char *, long) (instance 1)]>(at::TensorIteratorBase &, c10::ArrayRef<long>, c10::ArrayRef<long>, const T1 &)::[lambda(int) (instance 1)]>(long, T3)"
decode_profile_window,PushPop,78959,78959,1,12,31263,2605.3,2560.0,2527,3168,178.2,"void at::native::vectorized_elementwise_kernel<(int)4, at::native::BinaryFunctor<bool, bool, bool, at::native::BitwiseAndFunctor<bool>>, std::array<char *, (unsigned long)3>>(int, T2, T3)"
reference::kv_append_decode_b32,PushPop,78959,78959,1,24,199287,8303.6,8111.5,7935,11871,779.5,"void at::native::index_elementwise_kernel<(int)128, (int)4, void at::native::gpu_index_kernel<void at::native::index_kernel_impl<at::native::OpaqueType<(int)2>>(at::TensorIteratorBase &, c10::ArrayRef<long>, c10::ArrayRef<long>)::[lambda(char *, const char *, long) (instance 1)]>(at::TensorIteratorBase &, c10::ArrayRef<long>, c10::ArrayRef<long>, const T1 &)::[lambda(int) (instance 1)]>(long, T3)"
reference::kv_append_decode_b32,PushPop,78959,78959,1,24,156538,6522.4,6464.0,6303,7743,272.0,"void at::native::index_elementwise_kernel<(int)128, (int)4, void at::native::index_copy_kernel_impl<at::native::OpaqueType<(int)2>>(at::TensorIterator &, long, long, long)::[lambda(int) (instance 1)]>(long, T3)"
reference::kv_append_decode_b32,PushPop,78959,78959,1,36,109114,3030.9,3072.0,2719,4191,284.5,"void at_cuda_detail::cub::DeviceSelectSweepKernel<at_cuda_detail::cub::DispatchSelectIf<at_cuda_detail::cub::CountingInputIterator<long, long>, at_cuda_detail::cub::TransformInputIterator<bool, at::native::<unnamed>::NonZeroOp<bool>, const bool *, long>, long *, int *, at_cuda_detail::cub::NullType, at_cuda_detail::cub::NullType, int, (bool)0>::PtxSelectIfPolicyT, at_cuda_detail::cub::CountingInputIterator<long, long>, at_cuda_detail::cub::TransformInputIterator<bool, at::native::<unnamed>::NonZeroOp<bool>, const bool *, long>, long *, int *, at_cuda_detail::cub::ScanTileState<int, (bool)1>, at_cuda_detail::cub::NullType, at_cuda_detail::cub::NullType, int, (bool)0>(T2, T3, T4, T5, T6, T7, T8, T9, int)"
reference::kv_append_decode_b32,PushPop,78959,78959,1,36,102520,2847.8,2880.0,2527,4128,294.7,"void at_cuda_detail::cub::DeviceReduceSingleTileKernel<at_cuda_detail::cub::DeviceReducePolicy<bool, int, int, at_cuda_detail::cub::Sum>::Policy600, at_cuda_detail::cub::TransformInputIterator<bool, at::native::<unnamed>::NonZeroOp<bool>, const bool *, long>, int *, int, at_cuda_detail::cub::Sum, int>(T2, T3, T4, T5, T6)"
reference::kv_append_decode_b32,PushPop,78959,78959,1,36,71899,1997.2,2016.0,1887,2144,63.7,"void at_cuda_detail::cub::DeviceCompactInitKernel<at_cuda_detail::cub::ScanTileState<int, (bool)1>, int *>(T1, int, T2)"
reference::kv_append_decode_b32,PushPop,78959,78959,1,24,61949,2581.2,2640.0,2240,3648,344.8,"void at::native::vectorized_elementwise_kernel<(int)4, void at::native::compare_scalar_kernel<long>(at::TensorIteratorBase &, at::native::<unnamed>::OpType, T1)::[lambda(long) (instance 1)], std::array<char *, (unsigned long)2>>(int, T2, T3)"
reference::kv_append_decode_b32,PushPop,78959,78959,1,12,44799,3733.3,3664.0,3648,4415,217.7,"void at::native::index_elementwise_kernel<(int)128, (int)4, void at::native::gpu_index_kernel<void at::native::index_kernel_impl<at::native::OpaqueType<(int)8>>(at::TensorIteratorBase &, c10::ArrayRef<long>, c10::ArrayRef<long>)::[lambda(char *, const char *, long) (instance 1)]>(at::TensorIteratorBase &, c10::ArrayRef<long>, c10::ArrayRef<long>, const T1 &)::[lambda(int) (instance 1)]>(long, T3)"
reference::kv_append_decode_b32,PushPop,78959,78959,1,12,31263,2605.3,2560.0,2527,3168,178.2,"void at::native::vectorized_elementwise_kernel<(int)4, at::native::BinaryFunctor<bool, bool, bool, at::native::BitwiseAndFunctor<bool>>, std::array<char *, (unsigned long)3>>(int, T2, T3)"
reference::residual_rms_decode_b1,PushPop,78959,78959,1,36,148252,4118.1,3856.0,3712,9184,901.3,"void at::native::unrolled_elementwise_kernel<at::native::direct_copy_kernel_cuda(at::TensorIteratorBase &)::[lambda() (instance 3)]::operator ()() const::[lambda() (instance 7)]::operator ()() const::[lambda(float) (instance 1)], std::array<char *, (unsigned long)2>, (int)4, TrivialOffsetCalculator<(int)1, unsigned int>, TrivialOffsetCalculator<(int)1, unsigned int>, at::native::memory::LoadWithCast<(int)1>, at::native::memory::StoreWithCast<(int)1>>(int, T1, T2, T4, T5, T6, T7)"
reference::residual_rms_decode_b1,PushPop,78959,78959,1,12,60160,5013.3,4768.0,4736,7200,698.7,"void at::native::reduce_kernel<(int)512, (int)1, at::native::ReduceOp<float, at::native::MeanOps<float, float, float, float>, unsigned int, float, (int)4, (int)4>>(T3)"
reference::residual_rms_decode_b1,PushPop,78959,78959,1,24,52096,2170.7,2160.0,2112,2400,56.4,"void at::native::vectorized_elementwise_kernel<(int)4, at::native::float16_copy_kernel_cuda(at::TensorIteratorBase &)::[lambda(float) (instance 1)], std::array<char *, (unsigned long)2>>(int, T2, T3)"
reference::residual_rms_decode_b1,PushPop,78959,78959,1,12,36799,3066.6,2976.0,2912,3808,257.4,"void at::native::elementwise_kernel<(int)128, (int)2, void at::native::gpu_kernel_impl_nocast<at::native::BinaryFunctor<float, float, float, at::native::binary_internal::MulFunctor<float>>>(at::TensorIteratorBase &, const T1 &)::[lambda(int) (instance 1)]>(int, T3)"
reference::residual_rms_decode_b1,PushPop,78959,78959,1,12,34143,2845.3,2720.0,2624,4192,427.3,"void at::native::vectorized_elementwise_kernel<(int)4, at::native::rsqrt_kernel_cuda(at::TensorIteratorBase &)::[lambda() (instance 2)]::operator ()() const::[lambda() (instance 2)]::operator ()() const::[lambda(float) (instance 1)], std::array<char *, (unsigned long)2>>(int, T2, T3)"
reference::residual_rms_decode_b1,PushPop,78959,78959,1,12,27936,2328.0,2304.0,2272,2464,54.8,"void at::native::vectorized_elementwise_kernel<(int)4, at::native::BinaryFunctor<float, float, float, at::native::binary_internal::MulFunctor<float>>, std::array<char *, (unsigned long)3>>(int, T2, T3)"
reference::residual_rms_decode_b1,PushPop,78959,78959,1,12,27520,2293.3,2272.0,2240,2432,65.9,"void at::native::vectorized_elementwise_kernel<(int)4, void at::native::<unnamed>::pow_tensor_scalar_kernel_impl<float, float>(at::TensorIteratorBase &, T2)::[lambda(float) (instance 1)], std::array<char *, (unsigned long)2>>(int, T2, T3)"
reference::residual_rms_decode_b1,PushPop,78959,78959,1,12,26751,2229.3,2208.0,2176,2496,86.7,"void at::native::vectorized_elementwise_kernel<(int)4, at::native::CUDAFunctor_add<float>, std::array<char *, (unsigned long)3>>(int, T2, T3)"
reference::residual_rms_decode_b1,PushPop,78959,78959,1,12,26463,2205.3,2112.0,2111,2880,219.4,"void at::native::vectorized_elementwise_kernel<(int)4, at::native::CUDAFunctorOnSelf_add<float>, std::array<char *, (unsigned long)2>>(int, T2, T3)"
reference::residual_rms_decode_b32,PushPop,78959,78959,1,36,663651,18434.8,24543.0,5023,26270,9318.2,"void at::native::unrolled_elementwise_kernel<at::native::direct_copy_kernel_cuda(at::TensorIteratorBase &)::[lambda() (instance 3)]::operator ()() const::[lambda() (instance 7)]::operator ()() const::[lambda(float) (instance 1)], std::array<char *, (unsigned long)2>, (int)4, TrivialOffsetCalculator<(int)1, unsigned int>, TrivialOffsetCalculator<(int)1, unsigned int>, at::native::memory::LoadWithCast<(int)1>, at::native::memory::StoreWithCast<(int)1>>(int, T1, T2, T4, T5, T6, T7)"
reference::residual_rms_decode_b32,PushPop,78959,78959,1,24,326390,13599.6,13599.5,13312,13888,133.5,"void at::native::elementwise_kernel<(int)128, (int)2, void at::native::gpu_kernel_impl_nocast<at::native::BinaryFunctor<float, float, float, at::native::binary_internal::MulFunctor<float>>>(at::TensorIteratorBase &, const T1 &)::[lambda(int) (instance 1)]>(int, T3)"
reference::residual_rms_decode_b32,PushPop,78959,78959,1,24,171287,7137.0,7039.5,4351,10080,2682.2,"void at::native::vectorized_elementwise_kernel<(int)4, at::native::float16_copy_kernel_cuda(at::TensorIteratorBase &)::[lambda(float) (instance 1)], std::array<char *, (unsigned long)2>>(int, T2, T3)"
reference::residual_rms_decode_b32,PushPop,78959,78959,1,12,153050,12754.2,12767.5,12160,13119,314.4,"void at::native::vectorized_elementwise_kernel<(int)4, at::native::CUDAFunctor_add<float>, std::array<char *, (unsigned long)3>>(int, T2, T3)"
reference::residual_rms_decode_b32,PushPop,78959,78959,1,12,141051,11754.3,11599.5,11391,13535,587.2,"void at::native::reduce_kernel<(int)512, (int)1, at::native::ReduceOp<float, at::native::MeanOps<float, float, float, float>, unsigned int, float, (int)4, (int)4>>(T3)"
reference::residual_rms_decode_b32,PushPop,78959,78959,1,12,69275,5772.9,5760.0,5375,6303,236.5,"void at::native::vectorized_elementwise_kernel<(int)4, void at::native::<unnamed>::pow_tensor_scalar_kernel_impl<float, float>(at::TensorIteratorBase &, T2)::[lambda(float) (instance 1)], std::array<char *, (unsigned long)2>>(int, T2, T3)"
reference::residual_rms_decode_b32,PushPop,78959,78959,1,12,38780,3231.7,3231.5,2944,3712,182.7,"void at::native::vectorized_elementwise_kernel<(int)4, at::native::rsqrt_kernel_cuda(at::TensorIteratorBase &)::[lambda() (instance 2)]::operator ()() const::[lambda() (instance 2)]::operator ()() const::[lambda(float) (instance 1)], std::array<char *, (unsigned long)2>>(int, T2, T3)"
reference::residual_rms_decode_b32,PushPop,78959,78959,1,12,31517,2626.4,2592.0,2560,2912,102.5,"void at::native::vectorized_elementwise_kernel<(int)4, at::native::CUDAFunctorOnSelf_add<float>, std::array<char *, (unsigned long)2>>(int, T2, T3)"
reference::rms_quant_decode_b32,PushPop,78959,78959,1,36,661118,18364.4,22959.0,4800,26910,9045.0,"void at::native::unrolled_elementwise_kernel<at::native::direct_copy_kernel_cuda(at::TensorIteratorBase &)::[lambda() (instance 3)]::operator ()() const::[lambda() (instance 7)]::operator ()() const::[lambda(float) (instance 1)], std::array<char *, (unsigned long)2>, (int)4, TrivialOffsetCalculator<(int)1, unsigned int>, TrivialOffsetCalculator<(int)1, unsigned int>, at::native::memory::LoadWithCast<(int)1>, at::native::memory::StoreWithCast<(int)1>>(int, T1, T2, T4, T5, T6, T7)"
reference::rms_quant_decode_b32,PushPop,78959,78959,1,24,330743,13781.0,13711.5,13120,14624,351.3,"void at::native::elementwise_kernel<(int)128, (int)2, void at::native::gpu_kernel_impl_nocast<at::native::BinaryFunctor<float, float, float, at::native::binary_internal::MulFunctor<float>>>(at::TensorIteratorBase &, const T1 &)::[lambda(int) (instance 1)]>(int, T3)"
reference::rms_quant_decode_b32,PushPop,78959,78959,1,12,232663,19388.6,13296.0,11968,87420,21430.7,"void at::native::reduce_kernel<(int)512, (int)1, at::native::ReduceOp<float, at::native::MeanOps<float, float, float, float>, unsigned int, float, (int)4, (int)4>>(T3)"
reference::rms_quant_decode_b32,PushPop,78959,78959,1,12,190107,15842.3,15503.0,15136,19583,1210.4,"void at::native::elementwise_kernel<(int)128, (int)2, void at::native::gpu_kernel_impl_nocast<at::native::BinaryFunctor<float, float, float, at::native::binary_internal::DivFunctor<float>>>(at::TensorIteratorBase &, const T1 &)::[lambda(int) (instance 1)]>(int, T3)"
reference::rms_quant_decode_b32,PushPop,78959,78959,1,12,181625,15135.4,14911.5,14336,16191,642.3,"void at::native::unrolled_elementwise_kernel<at::native::direct_copy_kernel_cuda(at::TensorIteratorBase &)::[lambda() (instance 3)]::operator ()() const::[lambda() (instance 2)]::operator ()() const::[lambda(signed char) (instance 1)], std::array<char *, (unsigned long)2>, (int)4, TrivialOffsetCalculator<(int)1, unsigned int>, TrivialOffsetCalculator<(int)1, unsigned int>, at::native::memory::LoadWithCast<(int)1>, at::native::memory::StoreWithCast<(int)1>>(int, T1, T2, T4, T5, T6, T7)"
reference::rms_quant_decode_b32,PushPop,78959,78959,1,12,168735,14061.3,13952.0,13856,14784,259.8,"void at::native::reduce_kernel<(int)512, (int)1, at::native::ReduceOp<float, at::native::func_wrapper_t<float, at::native::MaxNanFunctor<float>>, unsigned int, float, (int)4, (int)4>>(T3)"
reference::rms_quant_decode_b32,PushPop,78959,78959,1,24,125307,5221.1,5040.0,3680,7360,1422.9,"void at::native::vectorized_elementwise_kernel<(int)4, at::native::<unnamed>::launch_clamp_scalar(at::TensorIteratorBase &, c10::Scalar, c10::Scalar, at::native::detail::ClampLimits)::[lambda() (instance 1)]::operator ()() const::[lambda() (instance 7)]::operator ()() const::[lambda(float) (instance 1)], std::array<char *, (unsigned long)2>>(int, T2, T3)"
reference::rms_quant_decode_b32,PushPop,78959,78959,1,12,77626,6468.8,6079.5,5280,10719,1494.3,"void at::native::vectorized_elementwise_kernel<(int)4, at::native::round_kernel_cuda(at::TensorIteratorBase &)::[lambda() (instance 1)]::operator ()() const::[lambda() (instance 2)]::operator ()() const::[lambda(float) (instance 1)], std::array<char *, (unsigned long)2>>(int, T2, T3)"
reference::rms_quant_decode_b32,PushPop,78959,78959,1,12,71583,5965.3,5952.0,5536,6880,386.5,"void at::native::vectorized_elementwise_kernel<(int)4, void at::native::<unnamed>::pow_tensor_scalar_kernel_impl<float, float>(at::TensorIteratorBase &, T2)::[lambda(float) (instance 1)], std::array<char *, (unsigned long)2>>(int, T2, T3)"
reference::rms_quant_decode_b32,PushPop,78959,78959,1,12,65402,5450.2,5439.5,5215,5887,191.2,"void at::native::vectorized_elementwise_kernel<(int)4, at::native::AbsFunctor<float>, std::array<char *, (unsigned long)2>>(int, T2, T3)"
reference::rms_quant_decode_b32,PushPop,78959,78959,1,12,53404,4450.3,4479.5,4064,4703,188.5,"void at::native::vectorized_elementwise_kernel<(int)4, at::native::float16_copy_kernel_cuda(at::TensorIteratorBase &)::[lambda(float) (instance 1)], std::array<char *, (unsigned long)2>>(int, T2, T3)"
reference::rms_quant_decode_b32,PushPop,78959,78959,1,12,48894,4074.5,4112.0,3520,4512,236.5,"void at::native::vectorized_elementwise_kernel<(int)4, at::native::rsqrt_kernel_cuda(at::TensorIteratorBase &)::[lambda() (instance 2)]::operator ()() const::[lambda() (instance 2)]::operator ()() const::[lambda(float) (instance 1)], std::array<char *, (unsigned long)2>>(int, T2, T3)"
reference::rms_quant_decode_b32,PushPop,78959,78959,1,12,36894,3074.5,3104.5,2464,3264,204.0,"void at::native::vectorized_elementwise_kernel<(int)4, at::native::CUDAFunctorOnSelf_add<float>, std::array<char *, (unsigned long)2>>(int, T2, T3)"
reference::rms_quant_decode_b32,PushPop,78959,78959,1,12,31452,2621.0,2607.5,2304,2879,156.2,"void at::native::vectorized_elementwise_kernel<(int)4, at::native::BUnaryFunctor<float, float, float, at::native::binary_internal::MulFunctor<float>>, std::array<char *, (unsigned long)2>>(int, T2, T3)"
reference::rope_gqa_decode_b32,PushPop,78959,78959,1,144,1022747,7102.4,6767.5,3647,13791,3452.5,"void at::native::elementwise_kernel<(int)128, (int)2, void at::native::gpu_kernel_impl_nocast<at::native::BinaryFunctor<float, float, float, at::native::binary_internal::MulFunctor<float>>>(at::TensorIteratorBase &, const T1 &)::[lambda(int) (instance 1)]>(int, T3)"
reference::rope_gqa_decode_b32,PushPop,78959,78959,1,120,949303,7910.9,2976.0,2431,24351,8138.6,"void at::native::unrolled_elementwise_kernel<at::native::direct_copy_kernel_cuda(at::TensorIteratorBase &)::[lambda() (instance 3)]::operator ()() const::[lambda() (instance 7)]::operator ()() const::[lambda(float) (instance 1)], std::array<char *, (unsigned long)2>, (int)4, TrivialOffsetCalculator<(int)1, unsigned int>, TrivialOffsetCalculator<(int)1, unsigned int>, at::native::memory::LoadWithCast<(int)1>, at::native::memory::StoreWithCast<(int)1>>(int, T1, T2, T4, T5, T6, T7)"
reference::rope_gqa_decode_b32,PushPop,78959,78959,1,24,350705,14612.7,14463.5,8416,23071,6152.3,"void at::native::<unnamed>::CatArrayBatchedCopy_aligned16_contig<at::native::<unnamed>::OpaqueType<(unsigned int)4>, unsigned int, (int)4, (int)128, (int)1>(T1 *, at::native::<unnamed>::CatArrInputTensorMetadata<T1, T2, T4, T5>, at::native::<unnamed>::TensorSizeStride<T2, (unsigned int)4>, int, T2)"
reference::rope_gqa_decode_b32,PushPop,78959,78959,1,24,254838,10618.3,11168.0,6144,16607,4178.3,"void at::native::reduce_kernel<(int)512, (int)1, at::native::ReduceOp<float, at::native::MeanOps<float, float, float, float>, unsigned int, float, (int)4, (int)4>>(T3)"
reference::rope_gqa_decode_b32,PushPop,78959,78959,1,48,160152,3336.5,3344.0,2464,4416,827.9,"void at::native::vectorized_elementwise_kernel<(int)4, at::native::CUDAFunctor_add<float>, std::array<char *, (unsigned long)3>>(int, T2, T3)"
reference::rope_gqa_decode_b32,PushPop,78959,78959,1,48,159802,3329.2,3376.0,2464,4448,736.4,"void at::native::vectorized_elementwise_kernel<(int)4, at::native::float16_copy_kernel_cuda(at::TensorIteratorBase &)::[lambda(float) (instance 1)], std::array<char *, (unsigned long)2>>(int, T2, T3)"
reference::rope_gqa_decode_b32,PushPop,78959,78959,1,24,102140,4255.8,4000.0,2879,6016,1387.2,"void at::native::vectorized_elementwise_kernel<(int)4, void at::native::<unnamed>::pow_tensor_scalar_kernel_impl<float, float>(at::TensorIteratorBase &, T2)::[lambda(float) (instance 1)], std::array<char *, (unsigned long)2>>(int, T2, T3)"
reference::rope_gqa_decode_b32,PushPop,78959,78959,1,24,81918,3413.3,3776.0,2336,7488,1110.5,"void at::native::vectorized_elementwise_kernel<(int)4, at::native::rsqrt_kernel_cuda(at::TensorIteratorBase &)::[lambda() (instance 2)]::operator ()() const::[lambda() (instance 2)]::operator ()() const::[lambda(float) (instance 1)], std::array<char *, (unsigned long)2>>(int, T2, T3)"
reference::rope_gqa_decode_b32,PushPop,78959,78959,1,24,60414,2517.3,2623.5,2176,2944,211.2,"void at::native::vectorized_elementwise_kernel<(int)4, at::native::CUDAFunctorOnSelf_add<float>, std::array<char *, (unsigned long)2>>(int, T2, T3)"
reference::sampling_decode_b32,PushPop,78959,78959,1,48,3422542,71303.0,68349.5,65341,84028,6410.3,"void at::native::mbtopk::radixFindKthValues<float, unsigned int, unsigned int, (int)2>(at::cuda::detail::TensorInfo<const T1, T2>, unsigned int, unsigned int *, unsigned int, T2, int, int, unsigned int, T3, T3 *, short *)"
reference::sampling_decode_b32,PushPop,78959,78959,1,12,2595509,216292.4,216343.0,213527,218455,1435.0,"void at::native::mbtopk::gatherTopK<float, unsigned int, (int)2>(at::cuda::detail::TensorInfo<const T1, T2>, T2, T2, bool, unsigned int, T2, at::cuda::detail::TensorInfo<T1, T2>, T2, at::cuda::detail::TensorInfo<long, T2>, T2, unsigned int, unsigned int, T1 *, unsigned int *, unsigned int *, unsigned int)"
reference::sampling_decode_b32,PushPop,78959,78959,1,12,1812211,151017.6,150985.5,150169,151738,449.3,"void at::native::unrolled_elementwise_kernel<at::native::direct_copy_kernel_cuda(at::TensorIteratorBase &)::[lambda() (instance 3)]::operator ()() const::[lambda() (instance 7)]::operator ()() const::[lambda(float) (instance 1)], std::array<char *, (unsigned long)2>, (int)4, TrivialOffsetCalculator<(int)1, unsigned int>, TrivialOffsetCalculator<(int)1, unsigned int>, at::native::memory::LoadWithCast<(int)1>, at::native::memory::StoreWithCast<(int)1>>(int, T1, T2, T4, T5, T6, T7)"
reference::sampling_decode_b32,PushPop,78959,78959,1,12,1142352,95196.0,85373.0,84668,202423,33775.2,"void at::native::vectorized_elementwise_kernel<(int)4, at::native::BUnaryFunctor<float, float, float, at::native::binary_internal::MulFunctor<float>>, std::array<char *, (unsigned long)2>>(int, T2, T3)"
reference::sampling_decode_b32,PushPop,78959,78959,1,48,459374,9570.3,9471.5,9216,10240,248.8,"void at::native::mbtopk::computeBlockwiseWithinKCounts<unsigned int, float>(T1 *, short *, unsigned int *, unsigned int, int, bool, unsigned int *, T2 *, unsigned int *, T1 *, unsigned int)"
reference::sampling_decode_b32,PushPop,78959,78959,1,12,244436,20369.7,20623.0,19647,20927,481.0,"void at::native::radixSortKVInPlace<(int)2, (int)-1, (int)32, (int)4, float, long, unsigned int>(at::cuda::detail::TensorInfo<T5, T7>, T7, T7, T7, at::cuda::detail::TensorInfo<T6, T7>, T7, bool)"
reference::sampling_decode_b32,PushPop,78959,78959,1,24,161943,6747.6,6783.5,4223,9408,2530.3,"void at_cuda_detail::cub::DeviceScanByKeyKernel<at_cuda_detail::cub::DeviceScanByKeyPolicy<at_cuda_detail::cub::TransformInputIterator<unsigned int, at::native::mbtopk::BlockIdxToKey, at_cuda_detail::cub::CountingInputIterator<unsigned int, unsigned int>, long>, unsigned int *, at_cuda_detail::cub::NullType>::Policy520, at_cuda_detail::cub::TransformInputIterator<unsigned int, at::native::mbtopk::BlockIdxToKey, at_cuda_detail::cub::CountingInputIterator<unsigned int, unsigned int>, long>, unsigned int *, unsigned int *, at_cuda_detail::cub::ReduceByKeyScanTileState<unsigned int, int, (bool)1>, at_cuda_detail::cub::Equality, at_cuda_detail::cub::Sum, at_cuda_detail::cub::NullType, int>(T2, T3, T4, T5, int, T6, T7, T8, T9)"
reference::sampling_decode_b32,PushPop,78959,78959,1,24,117882,4911.8,4832.0,4160,5759,729.7,"void at::native::elementwise_kernel<(int)128, (int)4, void at::native::gpu_kernel_impl_nocast<at::native::<unnamed>::CompareFunctor<float>>(at::TensorIteratorBase &, const T1 &)::[lambda(int) (instance 1)]>(int, T3)"
reference::sampling_decode_b32,PushPop,78959,78959,1,24,111966,4665.3,4640.0,4127,5408,537.0,"void at::native::tensor_kernel_scan_innermost_dim<float, std::plus<float>>(T1 *, const T1 *, unsigned int, unsigned int, unsigned int, T1, T2)"
reference::sampling_decode_b32,PushPop,78959,78959,1,12,96732,8061.0,8063.5,7999,8160,48.4,"void at::native::reduce_kernel<(int)512, (int)1, at::native::ReduceOp<long, at::native::func_wrapper_t<long, at::native::sum_functor<long, long, long>::operator ()(at::TensorIterator &)::[lambda(long, long) (instance 1)]>, unsigned int, long, (int)4, (int)4>>(T3)"
reference::sampling_decode_b32,PushPop,78959,78959,1,12,95709,7975.8,7984.0,7647,8255,175.3,"void at::native::reduce_kernel<(int)512, (int)1, at::native::ReduceOp<float, at::native::func_wrapper_t<float, at::native::sum_functor<float, float, float>::operator ()(at::TensorIterator &)::[lambda(float, float) (instance 1)]>, unsigned int, float, (int)4, (int)4>>(T3)"
reference::sampling_decode_b32,PushPop,78959,78959,1,12,94237,7853.1,7823.5,7584,8096,166.3,"void at::native::unrolled_elementwise_kernel<at::native::direct_copy_kernel_cuda(at::TensorIteratorBase &)::[lambda() (instance 3)]::operator ()() const::[lambda() (instance 4)]::operator ()() const::[lambda(long) (instance 1)], std::array<char *, (unsigned long)2>, (int)4, TrivialOffsetCalculator<(int)1, unsigned int>, TrivialOffsetCalculator<(int)1, unsigned int>, at::native::memory::LoadWithCast<(int)1>, at::native::memory::StoreWithCast<(int)1>>(int, T1, T2, T4, T5, T6, T7)"
reference::sampling_decode_b32,PushPop,78959,78959,1,12,62365,5197.1,5168.0,5087,5471,116.1,"void at::native::elementwise_kernel<(int)128, (int)2, void at::native::gpu_kernel_impl_nocast<at::native::BinaryFunctor<float, float, float, at::native::binary_internal::DivFunctor<float>>>(at::TensorIteratorBase &, const T1 &)::[lambda(int) (instance 1)]>(int, T3)"
reference::sampling_decode_b32,PushPop,78959,78959,1,12,55901,4658.4,4608.0,4544,4960,117.1,"void <unnamed>::softmax_warp_forward<float, float, float, (int)6, (bool)0, (bool)0>(T2 *, const T1 *, int, int, int, const bool *, int, bool)"
reference::sampling_decode_b32,PushPop,78959,78959,1,12,55069,4589.1,4576.0,4544,4672,31.8,"void at::native::_scatter_gather_elementwise_kernel<(int)128, (int)8, void at::native::_cuda_scatter_gather_internal_kernel<(bool)0, at::native::OpaqueType<(int)8>>::operator ()<at::native::TensorAssign>(at::TensorIterator &, long, long, long, const T1 &)::[lambda(int) (instance 1)]>(int, T3)"
reference::sampling_decode_b32,PushPop,78959,78959,1,24,49151,2048.0,2112.0,1920,2176,108.0,"void at_cuda_detail::cub::DeviceScanInitKernel<at_cuda_detail::cub::ReduceByKeyScanTileState<unsigned int, int, (bool)1>>(T1, int)"
reference::sampling_decode_b32,PushPop,78959,78959,1,12,46909,3909.1,3903.5,3840,4063,57.3,"void at::native::vectorized_elementwise_kernel<(int)4, at::native::<unnamed>::launch_clamp_scalar(at::TensorIteratorBase &, c10::Scalar, c10::Scalar, at::native::detail::ClampLimits)::[lambda() (instance 1)]::operator ()() const::[lambda() (instance 7)]::operator ()() const::[lambda(float) (instance 1)], std::array<char *, (unsigned long)2>>(int, T2, T3)"
reference::sampling_decode_b32,PushPop,78959,78959,1,12,46558,3879.8,3856.0,3807,4032,68.5,"void at::native::vectorized_elementwise_kernel<(int)4, at::native::<unnamed>::where_kernel_impl(at::TensorIterator &)::[lambda() (instance 1)]::operator ()() const::[lambda() (instance 11)]::operator ()() const::[lambda(bool, float, float) (instance 1)], std::array<char *, (unsigned long)4>>(int, T2, T3)"
reference::sampling_decode_b32,PushPop,78959,78959,1,12,45470,3789.2,3776.0,3744,3903,48.0,"void at::native::vectorized_elementwise_kernel<(int)4, at::native::<unnamed>::masked_fill_kernel(at::TensorIterator &, const c10::Scalar &)::[lambda() (instance 1)]::operator ()() const::[lambda() (instance 7)]::operator ()() const::[lambda(float, bool) (instance 1)], std::array<char *, (unsigned long)3>>(int, T2, T3)"
reference::sampling_decode_b32,PushPop,78959,78959,1,12,44095,3674.6,3648.0,3584,3872,96.4,"void at::native::vectorized_elementwise_kernel<(int)4, void at::native::compare_scalar_kernel<float>(at::TensorIteratorBase &, at::native::<unnamed>::OpType, T1)::[lambda(float) (instance 1)], std::array<char *, (unsigned long)2>>(int, T2, T3)"
reference::sampling_decode_b32,PushPop,78959,78959,1,12,41822,3485.2,3488.0,3455,3584,37.4,"void at::native::vectorized_elementwise_kernel<(int)2, at::native::<unnamed>::launch_clamp_scalar(at::TensorIteratorBase &, c10::Scalar, c10::Scalar, at::native::detail::ClampLimits)::[lambda() (instance 1)]::operator ()() const::[lambda() (instance 4)]::operator ()() const::[lambda(long) (instance 1)], std::array<char *, (unsigned long)2>>(int, T2, T3)"
reference::sampling_decode_b32,PushPop,78959,78959,1,12,41245,3437.1,3424.0,3391,3616,58.8,"void at::native::vectorized_elementwise_kernel<(int)4, at::native::CUDAFunctor_add<float>, std::array<char *, (unsigned long)3>>(int, T2, T3)"
reference::sampling_decode_b32,PushPop,78959,78959,1,12,35998,2999.8,3007.5,2944,3040,30.9,"void at::native::mbtopk::computeBlockwiseKthCounts<unsigned int>(T1 *, short *, unsigned int, unsigned int, unsigned int *)"
reference::sampling_decode_b32,PushPop,78959,78959,1,12,35486,2957.2,2944.0,2912,3072,39.7,"void at::native::elementwise_kernel<(int)128, (int)2, void at::native::gpu_kernel_impl_nocast<at::native::AUnaryFunctor<float, float, float, at::native::binary_internal::MulFunctor<float>>>(at::TensorIteratorBase &, const T1 &)::[lambda(int) (instance 1)]>(int, T3)"
reference::sampling_decode_b32,PushPop,78959,78959,1,12,32125,2677.1,2688.0,2591,2944,99.7,"void at::native::vectorized_elementwise_kernel<(int)4, at::native::FillFunctor<float>, std::array<char *, (unsigned long)1>>(int, T2, T3)"
reference::sampling_decode_b32,PushPop,78959,78959,1,12,30687,2557.3,2528.0,2464,2720,78.9,"void at::native::mbtopk::fill<unsigned int, unsigned int>(T1 *, T1, T2)"
reference::small_n_linear_b1,PushPop,78959,78959,1,12,4707068,392255.7,380321.0,376752,521386,40727.0,"void gemv2T_kernel_val<int, int, __half, __half, __half, float, (int)128, (int)16, (int)2, (int)4, (bool)0, (bool)1, cublasGemvParams<cublasGemvTensorStridedBatched<const __half>, cublasGemvTensorStridedBatched<const __half>, cublasGemvTensorStridedBatched<__half>, float>>(T13, T6, T6)"
reference::swiglu_decode_b1,PushPop,78959,78959,1,48,215930,4498.5,4192.0,4128,14496,1537.0,"void at::native::unrolled_elementwise_kernel<at::native::direct_copy_kernel_cuda(at::TensorIteratorBase &)::[lambda() (instance 3)]::operator ()() const::[lambda() (instance 7)]::operator ()() const::[lambda(float) (instance 1)], std::array<char *, (unsigned long)2>, (int)4, TrivialOffsetCalculator<(int)1, unsigned int>, TrivialOffsetCalculator<(int)1, unsigned int>, at::native::memory::LoadWithCast<(int)1>, at::native::memory::StoreWithCast<(int)1>>(int, T1, T2, T4, T5, T6, T7)"
reference::swiglu_decode_b1,PushPop,78959,78959,1,24,62463,2602.6,2560.0,2496,3615,218.4,"void at::native::vectorized_elementwise_kernel<(int)4, at::native::CUDAFunctor_add<float>, std::array<char *, (unsigned long)3>>(int, T2, T3)"
reference::swiglu_decode_b1,PushPop,78959,78959,1,12,41760,3480.0,3264.0,3232,5792,728.3,"void at::native::vectorized_elementwise_kernel<(int)4, at::native::<unnamed>::silu_kernel(at::TensorIteratorBase &)::[lambda() (instance 1)]::operator ()() const::[lambda() (instance 2)]::operator ()() const::[lambda(float) (instance 1)], std::array<char *, (unsigned long)2>>(int, T2, T3)"
reference::swiglu_decode_b1,PushPop,78959,78959,1,12,31839,2653.3,2560.0,2559,3488,265.5,"void at::native::vectorized_elementwise_kernel<(int)4, at::native::BinaryFunctor<float, float, float, at::native::binary_internal::MulFunctor<float>>, std::array<char *, (unsigned long)3>>(int, T2, T3)"
reference::swiglu_decode_b1,PushPop,78959,78959,1,12,30880,2573.3,2496.0,2464,3072,175.0,"void at::native::vectorized_elementwise_kernel<(int)4, at::native::float16_copy_kernel_cuda(at::TensorIteratorBase &)::[lambda(float) (instance 1)], std::array<char *, (unsigned long)2>>(int, T2, T3)"
reference::swiglu_decode_b32,PushPop,78959,78959,1,48,2354208,49046.0,30303.0,4736,935129,133141.3,"void at::native::unrolled_elementwise_kernel<at::native::direct_copy_kernel_cuda(at::TensorIteratorBase &)::[lambda() (instance 3)]::operator ()() const::[lambda() (instance 7)]::operator ()() const::[lambda(float) (instance 1)], std::array<char *, (unsigned long)2>, (int)4, TrivialOffsetCalculator<(int)1, unsigned int>, TrivialOffsetCalculator<(int)1, unsigned int>, at::native::memory::LoadWithCast<(int)1>, at::native::memory::StoreWithCast<(int)1>>(int, T1, T2, T4, T5, T6, T7)"
reference::swiglu_decode_b32,PushPop,78959,78959,1,24,817086,34045.3,33902.0,33438,37823,849.3,"void at::native::elementwise_kernel<(int)128, (int)2, void at::native::gpu_kernel_impl_nocast<at::native::CUDAFunctor_add<float>>(at::TensorIteratorBase &, const T1 &)::[lambda(int) (instance 1)]>(int, T3)"
reference::swiglu_decode_b32,PushPop,78959,78959,1,12,554313,46192.8,45438.5,44734,53278,2350.0,"void at::native::vectorized_elementwise_kernel<(int)4, at::native::BinaryFunctor<float, float, float, at::native::binary_internal::MulFunctor<float>>, std::array<char *, (unsigned long)3>>(int, T2, T3)"
reference::swiglu_decode_b32,PushPop,78959,78959,1,12,367856,30654.7,29934.5,29023,36478,2000.9,"void at::native::vectorized_elementwise_kernel<(int)4, at::native::<unnamed>::silu_kernel(at::TensorIteratorBase &)::[lambda() (instance 1)]::operator ()() const::[lambda() (instance 2)]::operator ()() const::[lambda(float) (instance 1)], std::array<char *, (unsigned long)2>>(int, T2, T3)"
reference::swiglu_decode_b32,PushPop,78959,78959,1,12,275829,22985.8,22991.0,22207,24543,615.3,"void at::native::vectorized_elementwise_kernel<(int)4, at::native::float16_copy_kernel_cuda(at::TensorIteratorBase &)::[lambda(float) (instance 1)], std::array<char *, (unsigned long)2>>(int, T2, T3)"
reference_iteration::kv_append_decode_b32::0,PushPop,78959,78959,1,2,19998,9999.0,9999.0,8127,11871,2647.4,"void at::native::index_elementwise_kernel<(int)128, (int)4, void at::native::gpu_index_kernel<void at::native::index_kernel_impl<at::native::OpaqueType<(int)2>>(at::TensorIteratorBase &, c10::ArrayRef<long>, c10::ArrayRef<long>)::[lambda(char *, const char *, long) (instance 1)]>(at::TensorIteratorBase &, c10::ArrayRef<long>, c10::ArrayRef<long>, const T1 &)::[lambda(int) (instance 1)]>(long, T3)"
reference_iteration::kv_append_decode_b32::0,PushPop,78959,78959,1,2,14431,7215.5,7215.5,6688,7743,746.0,"void at::native::index_elementwise_kernel<(int)128, (int)4, void at::native::index_copy_kernel_impl<at::native::OpaqueType<(int)2>>(at::TensorIterator &, long, long, long)::[lambda(int) (instance 1)]>(long, T3)"
reference_iteration::kv_append_decode_b32::0,PushPop,78959,78959,1,3,9919,3306.3,2976.0,2752,4191,774.3,"void at_cuda_detail::cub::DeviceSelectSweepKernel<at_cuda_detail::cub::DispatchSelectIf<at_cuda_detail::cub::CountingInputIterator<long, long>, at_cuda_detail::cub::TransformInputIterator<bool, at::native::<unnamed>::NonZeroOp<bool>, const bool *, long>, long *, int *, at_cuda_detail::cub::NullType, at_cuda_detail::cub::NullType, int, (bool)0>::PtxSelectIfPolicyT, at_cuda_detail::cub::CountingInputIterator<long, long>, at_cuda_detail::cub::TransformInputIterator<bool, at::native::<unnamed>::NonZeroOp<bool>, const bool *, long>, long *, int *, at_cuda_detail::cub::ScanTileState<int, (bool)1>, at_cuda_detail::cub::NullType, at_cuda_detail::cub::NullType, int, (bool)0>(T2, T3, T4, T5, T6, T7, T8, T9, int)"
reference_iteration::kv_append_decode_b32::0,PushPop,78959,78959,1,3,9536,3178.7,2880.0,2528,4128,840.8,"void at_cuda_detail::cub::DeviceReduceSingleTileKernel<at_cuda_detail::cub::DeviceReducePolicy<bool, int, int, at_cuda_detail::cub::Sum>::Policy600, at_cuda_detail::cub::TransformInputIterator<bool, at::native::<unnamed>::NonZeroOp<bool>, const bool *, long>, int *, int, at_cuda_detail::cub::Sum, int>(T2, T3, T4, T5, T6)"
reference_iteration::kv_append_decode_b32::0,PushPop,78959,78959,1,2,6144,3072.0,3072.0,2496,3648,814.6,"void at::native::vectorized_elementwise_kernel<(int)4, void at::native::compare_scalar_kernel<long>(at::TensorIteratorBase &, at::native::<unnamed>::OpType, T1)::[lambda(long) (instance 1)], std::array<char *, (unsigned long)2>>(int, T2, T3)"
reference_iteration::kv_append_decode_b32::0,PushPop,78959,78959,1,3,6111,2037.0,2047.0,1920,2144,112.3,"void at_cuda_detail::cub::DeviceCompactInitKernel<at_cuda_detail::cub::ScanTileState<int, (bool)1>, int *>(T1, int, T2)"
reference_iteration::kv_append_decode_b32::0,PushPop,78959,78959,1,1,4415,4415.0,4415.0,4415,4415,0.0,"void at::native::index_elementwise_kernel<(int)128, (int)4, void at::native::gpu_index_kernel<void at::native::index_kernel_impl<at::native::OpaqueType<(int)8>>(at::TensorIteratorBase &, c10::ArrayRef<long>, c10::ArrayRef<long>)::[lambda(char *, const char *, long) (instance 1)]>(at::TensorIteratorBase &, c10::ArrayRef<long>, c10::ArrayRef<long>, const T1 &)::[lambda(int) (instance 1)]>(long, T3)"
reference_iteration::kv_append_decode_b32::0,PushPop,78959,78959,1,1,3168,3168.0,3168.0,3168,3168,0.0,"void at::native::vectorized_elementwise_kernel<(int)4, at::native::BinaryFunctor<bool, bool, bool, at::native::BitwiseAndFunctor<bool>>, std::array<char *, (unsigned long)3>>(int, T2, T3)"
reference_iteration::kv_append_decode_b32::1,PushPop,78959,78959,1,2,16384,8192.0,8192.0,8000,8384,271.5,"void at::native::index_elementwise_kernel<(int)128, (int)4, void at::native::gpu_index_kernel<void at::native::index_kernel_impl<at::native::OpaqueType<(int)2>>(at::TensorIteratorBase &, c10::ArrayRef<long>, c10::ArrayRef<long>)::[lambda(char *, const char *, long) (instance 1)]>(at::TensorIteratorBase &, c10::ArrayRef<long>, c10::ArrayRef<long>, const T1 &)::[lambda(int) (instance 1)]>(long, T3)"
reference_iteration::kv_append_decode_b32::1,PushPop,78959,78959,1,2,12895,6447.5,6447.5,6431,6464,23.3,"void at::native::index_elementwise_kernel<(int)128, (int)4, void at::native::index_copy_kernel_impl<at::native::OpaqueType<(int)2>>(at::TensorIterator &, long, long, long)::[lambda(int) (instance 1)]>(long, T3)"
reference_iteration::kv_append_decode_b32::1,PushPop,78959,78959,1,3,9023,3007.7,3103.0,2752,3168,223.8,"void at_cuda_detail::cub::DeviceSelectSweepKernel<at_cuda_detail::cub::DispatchSelectIf<at_cuda_detail::cub::CountingInputIterator<long, long>, at_cuda_detail::cub::TransformInputIterator<bool, at::native::<unnamed>::NonZeroOp<bool>, const bool *, long>, long *, int *, at_cuda_detail::cub::NullType, at_cuda_detail::cub::NullType, int, (bool)0>::PtxSelectIfPolicyT, at_cuda_detail::cub::CountingInputIterator<long, long>, at_cuda_detail::cub::TransformInputIterator<bool, at::native::<unnamed>::NonZeroOp<bool>, const bool *, long>, long *, int *, at_cuda_detail::cub::ScanTileState<int, (bool)1>, at_cuda_detail::cub::NullType, at_cuda_detail::cub::NullType, int, (bool)0>(T2, T3, T4, T5, T6, T7, T8, T9, int)"
reference_iteration::kv_append_decode_b32::1,PushPop,78959,78959,1,3,8384,2794.7,2880.0,2528,2976,235.9,"void at_cuda_detail::cub::DeviceReduceSingleTileKernel<at_cuda_detail::cub::DeviceReducePolicy<bool, int, int, at_cuda_detail::cub::Sum>::Policy600, at_cuda_detail::cub::TransformInputIterator<bool, at::native::<unnamed>::NonZeroOp<bool>, const bool *, long>, int *, int, at_cuda_detail::cub::Sum, int>(T2, T3, T4, T5, T6)"
reference_iteration::kv_append_decode_b32::1,PushPop,78959,78959,1,3,6048,2016.0,2048.0,1920,2080,84.7,"void at_cuda_detail::cub::DeviceCompactInitKernel<at_cuda_detail::cub::ScanTileState<int, (bool)1>, int *>(T1, int, T2)"
reference_iteration::kv_append_decode_b32::1,PushPop,78959,78959,1,2,5056,2528.0,2528.0,2272,2784,362.0,"void at::native::vectorized_elementwise_kernel<(int)4, void at::native::compare_scalar_kernel<long>(at::TensorIteratorBase &, at::native::<unnamed>::OpType, T1)::[lambda(long) (instance 1)], std::array<char *, (unsigned long)2>>(int, T2, T3)"
reference_iteration::kv_append_decode_b32::1,PushPop,78959,78959,1,1,3648,3648.0,3648.0,3648,3648,0.0,"void at::native::index_elementwise_kernel<(int)128, (int)4, void at::native::gpu_index_kernel<void at::native::index_kernel_impl<at::native::OpaqueType<(int)8>>(at::TensorIteratorBase &, c10::ArrayRef<long>, c10::ArrayRef<long>)::[lambda(char *, const char *, long) (instance 1)]>(at::TensorIteratorBase &, c10::ArrayRef<long>, c10::ArrayRef<long>, const T1 &)::[lambda(int) (instance 1)]>(long, T3)"
reference_iteration::kv_append_decode_b32::1,PushPop,78959,78959,1,1,2560,2560.0,2560.0,2560,2560,0.0,"void at::native::vectorized_elementwise_kernel<(int)4, at::native::BinaryFunctor<bool, bool, bool, at::native::BitwiseAndFunctor<bool>>, std::array<char *, (unsigned long)3>>(int, T2, T3)"
reference_iteration::kv_append_decode_b32::10,PushPop,78959,78959,1,2,16319,8159.5,8159.5,7968,8351,270.8,"void at::native::index_elementwise_kernel<(int)128, (int)4, void at::native::gpu_index_kernel<void at::native::index_kernel_impl<at::native::OpaqueType<(int)2>>(at::TensorIteratorBase &, c10::ArrayRef<long>, c10::ArrayRef<long>)::[lambda(char *, const char *, long) (instance 1)]>(at::TensorIteratorBase &, c10::ArrayRef<long>, c10::ArrayRef<long>, const T1 &)::[lambda(int) (instance 1)]>(long, T3)"
reference_iteration::kv_append_decode_b32::10,PushPop,78959,78959,1,2,13023,6511.5,6511.5,6464,6559,67.2,"void at::native::index_elementwise_kernel<(int)128, (int)4, void at::native::index_copy_kernel_impl<at::native::OpaqueType<(int)2>>(at::TensorIterator &, long, long, long)::[lambda(int) (instance 1)]>(long, T3)"
reference_iteration::kv_append_decode_b32::10,PushPop,78959,78959,1,3,8960,2986.7,3072.0,2720,3168,235.9,"void at_cuda_detail::cub::DeviceSelectSweepKernel<at_cuda_detail::cub::DispatchSelectIf<at_cuda_detail::cub::CountingInputIterator<long, long>, at_cuda_detail::cub::TransformInputIterator<bool, at::native::<unnamed>::NonZeroOp<bool>, const bool *, long>, long *, int *, at_cuda_detail::cub::NullType, at_cuda_detail::cub::NullType, int, (bool)0>::PtxSelectIfPolicyT, at_cuda_detail::cub::CountingInputIterator<long, long>, at_cuda_detail::cub::TransformInputIterator<bool, at::native::<unnamed>::NonZeroOp<bool>, const bool *, long>, long *, int *, at_cuda_detail::cub::ScanTileState<int, (bool)1>, at_cuda_detail::cub::NullType, at_cuda_detail::cub::NullType, int, (bool)0>(T2, T3, T4, T5, T6, T7, T8, T9, int)"
reference_iteration::kv_append_decode_b32::10,PushPop,78959,78959,1,3,8511,2837.0,2943.0,2592,2976,212.8,"void at_cuda_detail::cub::DeviceReduceSingleTileKernel<at_cuda_detail::cub::DeviceReducePolicy<bool, int, int, at_cuda_detail::cub::Sum>::Policy600, at_cuda_detail::cub::TransformInputIterator<bool, at::native::<unnamed>::NonZeroOp<bool>, const bool *, long>, int *, int, at_cuda_detail::cub::Sum, int>(T2, T3, T4, T5, T6)"
reference_iteration::kv_append_decode_b32::10,PushPop,78959,78959,1,3,5984,1994.7,2016.0,1952,2016,37.0,"void at_cuda_detail::cub::DeviceCompactInitKernel<at_cuda_detail::cub::ScanTileState<int, (bool)1>, int *>(T1, int, T2)"
reference_iteration::kv_append_decode_b32::10,PushPop,78959,78959,1,2,5055,2527.5,2527.5,2271,2784,362.7,"void at::native::vectorized_elementwise_kernel<(int)4, void at::native::compare_scalar_kernel<long>(at::TensorIteratorBase &, at::native::<unnamed>::OpType, T1)::[lambda(long) (instance 1)], std::array<char *, (unsigned long)2>>(int, T2, T3)"
reference_iteration::kv_append_decode_b32::10,PushPop,78959,78959,1,1,3680,3680.0,3680.0,3680,3680,0.0,"void at::native::index_elementwise_kernel<(int)128, (int)4, void at::native::gpu_index_kernel<void at::native::index_kernel_impl<at::native::OpaqueType<(int)8>>(at::TensorIteratorBase &, c10::ArrayRef<long>, c10::ArrayRef<long>)::[lambda(char *, const char *, long) (instance 1)]>(at::TensorIteratorBase &, c10::ArrayRef<long>, c10::ArrayRef<long>, const T1 &)::[lambda(int) (instance 1)]>(long, T3)"
reference_iteration::kv_append_decode_b32::10,PushPop,78959,78959,1,1,2560,2560.0,2560.0,2560,2560,0.0,"void at::native::vectorized_elementwise_kernel<(int)4, at::native::BinaryFunctor<bool, bool, bool, at::native::BitwiseAndFunctor<bool>>, std::array<char *, (unsigned long)3>>(int, T2, T3)"
reference_iteration::kv_append_decode_b32::11,PushPop,78959,78959,1,2,16288,8144.0,8144.0,7936,8352,294.2,"void at::native::index_elementwise_kernel<(int)128, (int)4, void at::native::gpu_index_kernel<void at::native::index_kernel_impl<at::native::OpaqueType<(int)2>>(at::TensorIteratorBase &, c10::ArrayRef<long>, c10::ArrayRef<long>)::[lambda(char *, const char *, long) (instance 1)]>(at::TensorIteratorBase &, c10::ArrayRef<long>, c10::ArrayRef<long>, const T1 &)::[lambda(int) (instance 1)]>(long, T3)"
reference_iteration::kv_append_decode_b32::11,PushPop,78959,78959,1,2,12768,6384.0,6384.0,6304,6464,113.1,"void at::native::index_elementwise_kernel<(int)128, (int)4, void at::native::index_copy_kernel_impl<at::native::OpaqueType<(int)2>>(at::TensorIterator &, long, long, long)::[lambda(int) (instance 1)]>(long, T3)"
reference_iteration::kv_append_decode_b32::11,PushPop,78959,78959,1,3,8990,2996.7,3072.0,2719,3199,248.7,"void at_cuda_detail::cub::DeviceSelectSweepKernel<at_cuda_detail::cub::DispatchSelectIf<at_cuda_detail::cub::CountingInputIterator<long, long>, at_cuda_detail::cub::TransformInputIterator<bool, at::native::<unnamed>::NonZeroOp<bool>, const bool *, long>, long *, int *, at_cuda_detail::cub::NullType, at_cuda_detail::cub::NullType, int, (bool)0>::PtxSelectIfPolicyT, at_cuda_detail::cub::CountingInputIterator<long, long>, at_cuda_detail::cub::TransformInputIterator<bool, at::native::<unnamed>::NonZeroOp<bool>, const bool *, long>, long *, int *, at_cuda_detail::cub::ScanTileState<int, (bool)1>, at_cuda_detail::cub::NullType, at_cuda_detail::cub::NullType, int, (bool)0>(T2, T3, T4, T5, T6, T7, T8, T9, int)"
reference_iteration::kv_append_decode_b32::11,PushPop,78959,78959,1,3,8416,2805.3,2880.0,2528,3008,248.6,"void at_cuda_detail::cub::DeviceReduceSingleTileKernel<at_cuda_detail::cub::DeviceReducePolicy<bool, int, int, at_cuda_detail::cub::Sum>::Policy600, at_cuda_detail::cub::TransformInputIterator<bool, at::native::<unnamed>::NonZeroOp<bool>, const bool *, long>, int *, int, at_cuda_detail::cub::Sum, int>(T2, T3, T4, T5, T6)"
reference_iteration::kv_append_decode_b32::11,PushPop,78959,78959,1,3,5983,1994.3,2016.0,1920,2047,66.2,"void at_cuda_detail::cub::DeviceCompactInitKernel<at_cuda_detail::cub::ScanTileState<int, (bool)1>, int *>(T1, int, T2)"
reference_iteration::kv_append_decode_b32::11,PushPop,78959,78959,1,2,5088,2544.0,2544.0,2272,2816,384.7,"void at::native::vectorized_elementwise_kernel<(int)4, void at::native::compare_scalar_kernel<long>(at::TensorIteratorBase &, at::native::<unnamed>::OpType, T1)::[lambda(long) (instance 1)], std::array<char *, (unsigned long)2>>(int, T2, T3)"
reference_iteration::kv_append_decode_b32::11,PushPop,78959,78959,1,1,3648,3648.0,3648.0,3648,3648,0.0,"void at::native::index_elementwise_kernel<(int)128, (int)4, void at::native::gpu_index_kernel<void at::native::index_kernel_impl<at::native::OpaqueType<(int)8>>(at::TensorIteratorBase &, c10::ArrayRef<long>, c10::ArrayRef<long>)::[lambda(char *, const char *, long) (instance 1)]>(at::TensorIteratorBase &, c10::ArrayRef<long>, c10::ArrayRef<long>, const T1 &)::[lambda(int) (instance 1)]>(long, T3)"
reference_iteration::kv_append_decode_b32::11,PushPop,78959,78959,1,1,2560,2560.0,2560.0,2560,2560,0.0,"void at::native::vectorized_elementwise_kernel<(int)4, at::native::BinaryFunctor<bool, bool, bool, at::native::BitwiseAndFunctor<bool>>, std::array<char *, (unsigned long)3>>(int, T2, T3)"
reference_iteration::kv_append_decode_b32::2,PushPop,78959,78959,1,2,16352,8176.0,8176.0,7968,8384,294.2,"void at::native::index_elementwise_kernel<(int)128, (int)4, void at::native::gpu_index_kernel<void at::native::index_kernel_impl<at::native::OpaqueType<(int)2>>(at::TensorIteratorBase &, c10::ArrayRef<long>, c10::ArrayRef<long>)::[lambda(char *, const char *, long) (instance 1)]>(at::TensorIteratorBase &, c10::ArrayRef<long>, c10::ArrayRef<long>, const T1 &)::[lambda(int) (instance 1)]>(long, T3)"
reference_iteration::kv_append_decode_b32::2,PushPop,78959,78959,1,2,12895,6447.5,6447.5,6399,6496,68.6,"void at::native::index_elementwise_kernel<(int)128, (int)4, void at::native::index_copy_kernel_impl<at::native::OpaqueType<(int)2>>(at::TensorIterator &, long, long, long)::[lambda(int) (instance 1)]>(long, T3)"
reference_iteration::kv_append_decode_b32::2,PushPop,78959,78959,1,3,9056,3018.7,3104.0,2720,3232,266.5,"void at_cuda_detail::cub::DeviceSelectSweepKernel<at_cuda_detail::cub::DispatchSelectIf<at_cuda_detail::cub::CountingInputIterator<long, long>, at_cuda_detail::cub::TransformInputIterator<bool, at::native::<unnamed>::NonZeroOp<bool>, const bool *, long>, long *, int *, at_cuda_detail::cub::NullType, at_cuda_detail::cub::NullType, int, (bool)0>::PtxSelectIfPolicyT, at_cuda_detail::cub::CountingInputIterator<long, long>, at_cuda_detail::cub::TransformInputIterator<bool, at::native::<unnamed>::NonZeroOp<bool>, const bool *, long>, long *, int *, at_cuda_detail::cub::ScanTileState<int, (bool)1>, at_cuda_detail::cub::NullType, at_cuda_detail::cub::NullType, int, (bool)0>(T2, T3, T4, T5, T6, T7, T8, T9, int)"
reference_iteration::kv_append_decode_b32::2,PushPop,78959,78959,1,3,8415,2805.0,2847.0,2560,3008,226.9,"void at_cuda_detail::cub::DeviceReduceSingleTileKernel<at_cuda_detail::cub::DeviceReducePolicy<bool, int, int, at_cuda_detail::cub::Sum>::Policy600, at_cuda_detail::cub::TransformInputIterator<bool, at::native::<unnamed>::NonZeroOp<bool>, const bool *, long>, int *, int, at_cuda_detail::cub::Sum, int>(T2, T3, T4, T5, T6)"
reference_iteration::kv_append_decode_b32::2,PushPop,78959,78959,1,3,5919,1973.0,2015.0,1888,2016,73.6,"void at_cuda_detail::cub::DeviceCompactInitKernel<at_cuda_detail::cub::ScanTileState<int, (bool)1>, int *>(T1, int, T2)"
reference_iteration::kv_append_decode_b32::2,PushPop,78959,78959,1,2,5087,2543.5,2543.5,2272,2815,384.0,"void at::native::vectorized_elementwise_kernel<(int)4, void at::native::compare_scalar_kernel<long>(at::TensorIteratorBase &, at::native::<unnamed>::OpType, T1)::[lambda(long) (instance 1)], std::array<char *, (unsigned long)2>>(int, T2, T3)"
reference_iteration::kv_append_decode_b32::2,PushPop,78959,78959,1,1,3680,3680.0,3680.0,3680,3680,0.0,"void at::native::index_elementwise_kernel<(int)128, (int)4, void at::native::gpu_index_kernel<void at::native::index_kernel_impl<at::native::OpaqueType<(int)8>>(at::TensorIteratorBase &, c10::ArrayRef<long>, c10::ArrayRef<long>)::[lambda(char *, const char *, long) (instance 1)]>(at::TensorIteratorBase &, c10::ArrayRef<long>, c10::ArrayRef<long>, const T1 &)::[lambda(int) (instance 1)]>(long, T3)"
reference_iteration::kv_append_decode_b32::2,PushPop,78959,78959,1,1,2560,2560.0,2560.0,2560,2560,0.0,"void at::native::vectorized_elementwise_kernel<(int)4, at::native::BinaryFunctor<bool, bool, bool, at::native::BitwiseAndFunctor<bool>>, std::array<char *, (unsigned long)3>>(int, T2, T3)"
reference_iteration::kv_append_decode_b32::3,PushPop,78959,78959,1,2,16350,8175.0,8175.0,7999,8351,248.9,"void at::native::index_elementwise_kernel<(int)128, (int)4, void at::native::gpu_index_kernel<void at::native::index_kernel_impl<at::native::OpaqueType<(int)2>>(at::TensorIteratorBase &, c10::ArrayRef<long>, c10::ArrayRef<long>)::[lambda(char *, const char *, long) (instance 1)]>(at::TensorIteratorBase &, c10::ArrayRef<long>, c10::ArrayRef<long>, const T1 &)::[lambda(int) (instance 1)]>(long, T3)"
reference_iteration::kv_append_decode_b32::3,PushPop,78959,78959,1,2,13024,6512.0,6512.0,6464,6560,67.9,"void at::native::index_elementwise_kernel<(int)128, (int)4, void at::native::index_copy_kernel_impl<at::native::OpaqueType<(int)2>>(at::TensorIterator &, long, long, long)::[lambda(int) (instance 1)]>(long, T3)"
reference_iteration::kv_append_decode_b32::3,PushPop,78959,78959,1,3,8960,2986.7,3072.0,2720,3168,235.9,"void at_cuda_detail::cub::DeviceSelectSweepKernel<at_cuda_detail::cub::DispatchSelectIf<at_cuda_detail::cub::CountingInputIterator<long, long>, at_cuda_detail::cub::TransformInputIterator<bool, at::native::<unnamed>::NonZeroOp<bool>, const bool *, long>, long *, int *, at_cuda_detail::cub::NullType, at_cuda_detail::cub::NullType, int, (bool)0>::PtxSelectIfPolicyT, at_cuda_detail::cub::CountingInputIterator<long, long>, at_cuda_detail::cub::TransformInputIterator<bool, at::native::<unnamed>::NonZeroOp<bool>, const bool *, long>, long *, int *, at_cuda_detail::cub::ScanTileState<int, (bool)1>, at_cuda_detail::cub::NullType, at_cuda_detail::cub::NullType, int, (bool)0>(T2, T3, T4, T5, T6, T7, T8, T9, int)"
reference_iteration::kv_append_decode_b32::3,PushPop,78959,78959,1,3,8384,2794.7,2880.0,2528,2976,235.9,"void at_cuda_detail::cub::DeviceReduceSingleTileKernel<at_cuda_detail::cub::DeviceReducePolicy<bool, int, int, at_cuda_detail::cub::Sum>::Policy600, at_cuda_detail::cub::TransformInputIterator<bool, at::native::<unnamed>::NonZeroOp<bool>, const bool *, long>, int *, int, at_cuda_detail::cub::Sum, int>(T2, T3, T4, T5, T6)"
reference_iteration::kv_append_decode_b32::3,PushPop,78959,78959,1,3,6016,2005.3,2016.0,1920,2080,80.5,"void at_cuda_detail::cub::DeviceCompactInitKernel<at_cuda_detail::cub::ScanTileState<int, (bool)1>, int *>(T1, int, T2)"
reference_iteration::kv_append_decode_b32::3,PushPop,78959,78959,1,2,5024,2512.0,2512.0,2240,2784,384.7,"void at::native::vectorized_elementwise_kernel<(int)4, void at::native::compare_scalar_kernel<long>(at::TensorIteratorBase &, at::native::<unnamed>::OpType, T1)::[lambda(long) (instance 1)], std::array<char *, (unsigned long)2>>(int, T2, T3)"
reference_iteration::kv_append_decode_b32::3,PushPop,78959,78959,1,1,3648,3648.0,3648.0,3648,3648,0.0,"void at::native::index_elementwise_kernel<(int)128, (int)4, void at::native::gpu_index_kernel<void at::native::index_kernel_impl<at::native::OpaqueType<(int)8>>(at::TensorIteratorBase &, c10::ArrayRef<long>, c10::ArrayRef<long>)::[lambda(char *, const char *, long) (instance 1)]>(at::TensorIteratorBase &, c10::ArrayRef<long>, c10::ArrayRef<long>, const T1 &)::[lambda(int) (instance 1)]>(long, T3)"
reference_iteration::kv_append_decode_b32::3,PushPop,78959,78959,1,1,2528,2528.0,2528.0,2528,2528,0.0,"void at::native::vectorized_elementwise_kernel<(int)4, at::native::BinaryFunctor<bool, bool, bool, at::native::BitwiseAndFunctor<bool>>, std::array<char *, (unsigned long)3>>(int, T2, T3)"
reference_iteration::kv_append_decode_b32::4,PushPop,78959,78959,1,2,16352,8176.0,8176.0,8096,8256,113.1,"void at::native::index_elementwise_kernel<(int)128, (int)4, void at::native::gpu_index_kernel<void at::native::index_kernel_impl<at::native::OpaqueType<(int)2>>(at::TensorIteratorBase &, c10::ArrayRef<long>, c10::ArrayRef<long>)::[lambda(char *, const char *, long) (instance 1)]>(at::TensorIteratorBase &, c10::ArrayRef<long>, c10::ArrayRef<long>, const T1 &)::[lambda(int) (instance 1)]>(long, T3)"
reference_iteration::kv_append_decode_b32::4,PushPop,78959,78959,1,2,12992,6496.0,6496.0,6464,6528,45.3,"void at::native::index_elementwise_kernel<(int)128, (int)4, void at::native::index_copy_kernel_impl<at::native::OpaqueType<(int)2>>(at::TensorIterator &, long, long, long)::[lambda(int) (instance 1)]>(long, T3)"
reference_iteration::kv_append_decode_b32::4,PushPop,78959,78959,1,3,9056,3018.7,3104.0,2752,3200,235.9,"void at_cuda_detail::cub::DeviceSelectSweepKernel<at_cuda_detail::cub::DispatchSelectIf<at_cuda_detail::cub::CountingInputIterator<long, long>, at_cuda_detail::cub::TransformInputIterator<bool, at::native::<unnamed>::NonZeroOp<bool>, const bool *, long>, long *, int *, at_cuda_detail::cub::NullType, at_cuda_detail::cub::NullType, int, (bool)0>::PtxSelectIfPolicyT, at_cuda_detail::cub::CountingInputIterator<long, long>, at_cuda_detail::cub::TransformInputIterator<bool, at::native::<unnamed>::NonZeroOp<bool>, const bool *, long>, long *, int *, at_cuda_detail::cub::ScanTileState<int, (bool)1>, at_cuda_detail::cub::NullType, at_cuda_detail::cub::NullType, int, (bool)0>(T2, T3, T4, T5, T6, T7, T8, T9, int)"
reference_iteration::kv_append_decode_b32::4,PushPop,78959,78959,1,3,8415,2805.0,2879.0,2560,2976,217.6,"void at_cuda_detail::cub::DeviceReduceSingleTileKernel<at_cuda_detail::cub::DeviceReducePolicy<bool, int, int, at_cuda_detail::cub::Sum>::Policy600, at_cuda_detail::cub::TransformInputIterator<bool, at::native::<unnamed>::NonZeroOp<bool>, const bool *, long>, int *, int, at_cuda_detail::cub::Sum, int>(T2, T3, T4, T5, T6)"
reference_iteration::kv_append_decode_b32::4,PushPop,78959,78959,1,3,5952,1984.0,2016.0,1920,2016,55.4,"void at_cuda_detail::cub::DeviceCompactInitKernel<at_cuda_detail::cub::ScanTileState<int, (bool)1>, int *>(T1, int, T2)"
reference_iteration::kv_append_decode_b32::4,PushPop,78959,78959,1,2,5056,2528.0,2528.0,2272,2784,362.0,"void at::native::vectorized_elementwise_kernel<(int)4, void at::native::compare_scalar_kernel<long>(at::TensorIteratorBase &, at::native::<unnamed>::OpType, T1)::[lambda(long) (instance 1)], std::array<char *, (unsigned long)2>>(int, T2, T3)"
reference_iteration::kv_append_decode_b32::4,PushPop,78959,78959,1,1,3680,3680.0,3680.0,3680,3680,0.0,"void at::native::index_elementwise_kernel<(int)128, (int)4, void at::native::gpu_index_kernel<void at::native::index_kernel_impl<at::native::OpaqueType<(int)8>>(at::TensorIteratorBase &, c10::ArrayRef<long>, c10::ArrayRef<long>)::[lambda(char *, const char *, long) (instance 1)]>(at::TensorIteratorBase &, c10::ArrayRef<long>, c10::ArrayRef<long>, const T1 &)::[lambda(int) (instance 1)]>(long, T3)"
reference_iteration::kv_append_decode_b32::4,PushPop,78959,78959,1,1,2560,2560.0,2560.0,2560,2560,0.0,"void at::native::vectorized_elementwise_kernel<(int)4, at::native::BinaryFunctor<bool, bool, bool, at::native::BitwiseAndFunctor<bool>>, std::array<char *, (unsigned long)3>>(int, T2, T3)"
reference_iteration::kv_append_decode_b32::5,PushPop,78959,78959,1,2,16352,8176.0,8176.0,7968,8384,294.2,"void at::native::index_elementwise_kernel<(int)128, (int)4, void at::native::gpu_index_kernel<void at::native::index_kernel_impl<at::native::OpaqueType<(int)2>>(at::TensorIteratorBase &, c10::ArrayRef<long>, c10::ArrayRef<long>)::[lambda(char *, const char *, long) (instance 1)]>(at::TensorIteratorBase &, c10::ArrayRef<long>, c10::ArrayRef<long>, const T1 &)::[lambda(int) (instance 1)]>(long, T3)"
reference_iteration::kv_append_decode_b32::5,PushPop,78959,78959,1,2,12703,6351.5,6351.5,6303,6400,68.6,"void at::native::index_elementwise_kernel<(int)128, (int)4, void at::native::index_copy_kernel_impl<at::native::OpaqueType<(int)2>>(at::TensorIterator &, long, long, long)::[lambda(int) (instance 1)]>(long, T3)"
reference_iteration::kv_append_decode_b32::5,PushPop,78959,78959,1,3,8991,2997.0,3072.0,2719,3200,249.1,"void at_cuda_detail::cub::DeviceSelectSweepKernel<at_cuda_detail::cub::DispatchSelectIf<at_cuda_detail::cub::CountingInputIterator<long, long>, at_cuda_detail::cub::TransformInputIterator<bool, at::native::<unnamed>::NonZeroOp<bool>, const bool *, long>, long *, int *, at_cuda_detail::cub::NullType, at_cuda_detail::cub::NullType, int, (bool)0>::PtxSelectIfPolicyT, at_cuda_detail::cub::CountingInputIterator<long, long>, at_cuda_detail::cub::TransformInputIterator<bool, at::native::<unnamed>::NonZeroOp<bool>, const bool *, long>, long *, int *, at_cuda_detail::cub::ScanTileState<int, (bool)1>, at_cuda_detail::cub::NullType, at_cuda_detail::cub::NullType, int, (bool)0>(T2, T3, T4, T5, T6, T7, T8, T9, int)"
reference_iteration::kv_append_decode_b32::5,PushPop,78959,78959,1,3,8446,2815.3,2880.0,2559,3007,230.9,"void at_cuda_detail::cub::DeviceReduceSingleTileKernel<at_cuda_detail::cub::DeviceReducePolicy<bool, int, int, at_cuda_detail::cub::Sum>::Policy600, at_cuda_detail::cub::TransformInputIterator<bool, at::native::<unnamed>::NonZeroOp<bool>, const bool *, long>, int *, int, at_cuda_detail::cub::Sum, int>(T2, T3, T4, T5, T6)"
reference_iteration::kv_append_decode_b32::5,PushPop,78959,78959,1,3,5983,1994.3,2047.0,1888,2048,92.1,"void at_cuda_detail::cub::DeviceCompactInitKernel<at_cuda_detail::cub::ScanTileState<int, (bool)1>, int *>(T1, int, T2)"
reference_iteration::kv_append_decode_b32::5,PushPop,78959,78959,1,2,5056,2528.0,2528.0,2272,2784,362.0,"void at::native::vectorized_elementwise_kernel<(int)4, void at::native::compare_scalar_kernel<long>(at::TensorIteratorBase &, at::native::<unnamed>::OpType, T1)::[lambda(long) (instance 1)], std::array<char *, (unsigned long)2>>(int, T2, T3)"
reference_iteration::kv_append_decode_b32::5,PushPop,78959,78959,1,1,3648,3648.0,3648.0,3648,3648,0.0,"void at::native::index_elementwise_kernel<(int)128, (int)4, void at::native::gpu_index_kernel<void at::native::index_kernel_impl<at::native::OpaqueType<(int)8>>(at::TensorIteratorBase &, c10::ArrayRef<long>, c10::ArrayRef<long>)::[lambda(char *, const char *, long) (instance 1)]>(at::TensorIteratorBase &, c10::ArrayRef<long>, c10::ArrayRef<long>, const T1 &)::[lambda(int) (instance 1)]>(long, T3)"
reference_iteration::kv_append_decode_b32::5,PushPop,78959,78959,1,1,2560,2560.0,2560.0,2560,2560,0.0,"void at::native::vectorized_elementwise_kernel<(int)4, at::native::BinaryFunctor<bool, bool, bool, at::native::BitwiseAndFunctor<bool>>, std::array<char *, (unsigned long)3>>(int, T2, T3)"
reference_iteration::kv_append_decode_b32::6,PushPop,78959,78959,1,2,16286,8143.0,8143.0,7935,8351,294.2,"void at::native::index_elementwise_kernel<(int)128, (int)4, void at::native::gpu_index_kernel<void at::native::index_kernel_impl<at::native::OpaqueType<(int)2>>(at::TensorIteratorBase &, c10::ArrayRef<long>, c10::ArrayRef<long>)::[lambda(char *, const char *, long) (instance 1)]>(at::TensorIteratorBase &, c10::ArrayRef<long>, c10::ArrayRef<long>, const T1 &)::[lambda(int) (instance 1)]>(long, T3)"
reference_iteration::kv_append_decode_b32::6,PushPop,78959,78959,1,2,12960,6480.0,6480.0,6432,6528,67.9,"void at::native::index_elementwise_kernel<(int)128, (int)4, void at::native::index_copy_kernel_impl<at::native::OpaqueType<(int)2>>(at::TensorIterator &, long, long, long)::[lambda(int) (instance 1)]>(long, T3)"
reference_iteration::kv_append_decode_b32::6,PushPop,78959,78959,1,3,8992,2997.3,3104.0,2720,3168,242.3,"void at_cuda_detail::cub::DeviceSelectSweepKernel<at_cuda_detail::cub::DispatchSelectIf<at_cuda_detail::cub::CountingInputIterator<long, long>, at_cuda_detail::cub::TransformInputIterator<bool, at::native::<unnamed>::NonZeroOp<bool>, const bool *, long>, long *, int *, at_cuda_detail::cub::NullType, at_cuda_detail::cub::NullType, int, (bool)0>::PtxSelectIfPolicyT, at_cuda_detail::cub::CountingInputIterator<long, long>, at_cuda_detail::cub::TransformInputIterator<bool, at::native::<unnamed>::NonZeroOp<bool>, const bool *, long>, long *, int *, at_cuda_detail::cub::ScanTileState<int, (bool)1>, at_cuda_detail::cub::NullType, at_cuda_detail::cub::NullType, int, (bool)0>(T2, T3, T4, T5, T6, T7, T8, T9, int)"
reference_iteration::kv_append_decode_b32::6,PushPop,78959,78959,1,3,8384,2794.7,2880.0,2528,2976,235.9,"void at_cuda_detail::cub::DeviceReduceSingleTileKernel<at_cuda_detail::cub::DeviceReducePolicy<bool, int, int, at_cuda_detail::cub::Sum>::Policy600, at_cuda_detail::cub::TransformInputIterator<bool, at::native::<unnamed>::NonZeroOp<bool>, const bool *, long>, int *, int, at_cuda_detail::cub::Sum, int>(T2, T3, T4, T5, T6)"
reference_iteration::kv_append_decode_b32::6,PushPop,78959,78959,1,3,5919,1973.0,2016.0,1887,2016,74.5,"void at_cuda_detail::cub::DeviceCompactInitKernel<at_cuda_detail::cub::ScanTileState<int, (bool)1>, int *>(T1, int, T2)"
reference_iteration::kv_append_decode_b32::6,PushPop,78959,78959,1,2,5087,2543.5,2543.5,2272,2815,384.0,"void at::native::vectorized_elementwise_kernel<(int)4, void at::native::compare_scalar_kernel<long>(at::TensorIteratorBase &, at::native::<unnamed>::OpType, T1)::[lambda(long) (instance 1)], std::array<char *, (unsigned long)2>>(int, T2, T3)"
reference_iteration::kv_append_decode_b32::6,PushPop,78959,78959,1,1,3648,3648.0,3648.0,3648,3648,0.0,"void at::native::index_elementwise_kernel<(int)128, (int)4, void at::native::gpu_index_kernel<void at::native::index_kernel_impl<at::native::OpaqueType<(int)8>>(at::TensorIteratorBase &, c10::ArrayRef<long>, c10::ArrayRef<long>)::[lambda(char *, const char *, long) (instance 1)]>(at::TensorIteratorBase &, c10::ArrayRef<long>, c10::ArrayRef<long>, const T1 &)::[lambda(int) (instance 1)]>(long, T3)"
reference_iteration::kv_append_decode_b32::6,PushPop,78959,78959,1,1,2560,2560.0,2560.0,2560,2560,0.0,"void at::native::vectorized_elementwise_kernel<(int)4, at::native::BinaryFunctor<bool, bool, bool, at::native::BitwiseAndFunctor<bool>>, std::array<char *, (unsigned long)3>>(int, T2, T3)"
reference_iteration::kv_append_decode_b32::7,PushPop,78959,78959,1,2,16352,8176.0,8176.0,8032,8320,203.6,"void at::native::index_elementwise_kernel<(int)128, (int)4, void at::native::gpu_index_kernel<void at::native::index_kernel_impl<at::native::OpaqueType<(int)2>>(at::TensorIteratorBase &, c10::ArrayRef<long>, c10::ArrayRef<long>)::[lambda(char *, const char *, long) (instance 1)]>(at::TensorIteratorBase &, c10::ArrayRef<long>, c10::ArrayRef<long>, const T1 &)::[lambda(int) (instance 1)]>(long, T3)"
reference_iteration::kv_append_decode_b32::7,PushPop,78959,78959,1,2,12959,6479.5,6479.5,6431,6528,68.6,"void at::native::index_elementwise_kernel<(int)128, (int)4, void at::native::index_copy_kernel_impl<at::native::OpaqueType<(int)2>>(at::TensorIterator &, long, long, long)::[lambda(int) (instance 1)]>(long, T3)"
reference_iteration::kv_append_decode_b32::7,PushPop,78959,78959,1,3,9216,3072.0,3200.0,2720,3296,308.6,"void at_cuda_detail::cub::DeviceSelectSweepKernel<at_cuda_detail::cub::DispatchSelectIf<at_cuda_detail::cub::CountingInputIterator<long, long>, at_cuda_detail::cub::TransformInputIterator<bool, at::native::<unnamed>::NonZeroOp<bool>, const bool *, long>, long *, int *, at_cuda_detail::cub::NullType, at_cuda_detail::cub::NullType, int, (bool)0>::PtxSelectIfPolicyT, at_cuda_detail::cub::CountingInputIterator<long, long>, at_cuda_detail::cub::TransformInputIterator<bool, at::native::<unnamed>::NonZeroOp<bool>, const bool *, long>, long *, int *, at_cuda_detail::cub::ScanTileState<int, (bool)1>, at_cuda_detail::cub::NullType, at_cuda_detail::cub::NullType, int, (bool)0>(T2, T3, T4, T5, T6, T7, T8, T9, int)"
reference_iteration::kv_append_decode_b32::7,PushPop,78959,78959,1,3,8479,2826.3,2879.0,2656,2944,151.1,"void at_cuda_detail::cub::DeviceReduceSingleTileKernel<at_cuda_detail::cub::DeviceReducePolicy<bool, int, int, at_cuda_detail::cub::Sum>::Policy600, at_cuda_detail::cub::TransformInputIterator<bool, at::native::<unnamed>::NonZeroOp<bool>, const bool *, long>, int *, int, at_cuda_detail::cub::Sum, int>(T2, T3, T4, T5, T6)"
reference_iteration::kv_append_decode_b32::7,PushPop,78959,78959,1,3,5952,1984.0,2016.0,1920,2016,55.4,"void at_cuda_detail::cub::DeviceCompactInitKernel<at_cuda_detail::cub::ScanTileState<int, (bool)1>, int *>(T1, int, T2)"
reference_iteration::kv_append_decode_b32::7,PushPop,78959,78959,1,2,5088,2544.0,2544.0,2272,2816,384.7,"void at::native::vectorized_elementwise_kernel<(int)4, void at::native::compare_scalar_kernel<long>(at::TensorIteratorBase &, at::native::<unnamed>::OpType, T1)::[lambda(long) (instance 1)], std::array<char *, (unsigned long)2>>(int, T2, T3)"
reference_iteration::kv_append_decode_b32::7,PushPop,78959,78959,1,1,3648,3648.0,3648.0,3648,3648,0.0,"void at::native::index_elementwise_kernel<(int)128, (int)4, void at::native::gpu_index_kernel<void at::native::index_kernel_impl<at::native::OpaqueType<(int)8>>(at::TensorIteratorBase &, c10::ArrayRef<long>, c10::ArrayRef<long>)::[lambda(char *, const char *, long) (instance 1)]>(at::TensorIteratorBase &, c10::ArrayRef<long>, c10::ArrayRef<long>, const T1 &)::[lambda(int) (instance 1)]>(long, T3)"
reference_iteration::kv_append_decode_b32::7,PushPop,78959,78959,1,1,2528,2528.0,2528.0,2528,2528,0.0,"void at::native::vectorized_elementwise_kernel<(int)4, at::native::BinaryFunctor<bool, bool, bool, at::native::BitwiseAndFunctor<bool>>, std::array<char *, (unsigned long)3>>(int, T2, T3)"
reference_iteration::kv_append_decode_b32::8,PushPop,78959,78959,1,2,16191,8095.5,8095.5,7967,8224,181.7,"void at::native::index_elementwise_kernel<(int)128, (int)4, void at::native::gpu_index_kernel<void at::native::index_kernel_impl<at::native::OpaqueType<(int)2>>(at::TensorIteratorBase &, c10::ArrayRef<long>, c10::ArrayRef<long>)::[lambda(char *, const char *, long) (instance 1)]>(at::TensorIteratorBase &, c10::ArrayRef<long>, c10::ArrayRef<long>, const T1 &)::[lambda(int) (instance 1)]>(long, T3)"
reference_iteration::kv_append_decode_b32::8,PushPop,78959,78959,1,2,12928,6464.0,6464.0,6432,6496,45.3,"void at::native::index_elementwise_kernel<(int)128, (int)4, void at::native::index_copy_kernel_impl<at::native::OpaqueType<(int)2>>(at::TensorIterator &, long, long, long)::[lambda(int) (instance 1)]>(long, T3)"
reference_iteration::kv_append_decode_b32::8,PushPop,78959,78959,1,3,8991,2997.0,3072.0,2719,3200,249.1,"void at_cuda_detail::cub::DeviceSelectSweepKernel<at_cuda_detail::cub::DispatchSelectIf<at_cuda_detail::cub::CountingInputIterator<long, long>, at_cuda_detail::cub::TransformInputIterator<bool, at::native::<unnamed>::NonZeroOp<bool>, const bool *, long>, long *, int *, at_cuda_detail::cub::NullType, at_cuda_detail::cub::NullType, int, (bool)0>::PtxSelectIfPolicyT, at_cuda_detail::cub::CountingInputIterator<long, long>, at_cuda_detail::cub::TransformInputIterator<bool, at::native::<unnamed>::NonZeroOp<bool>, const bool *, long>, long *, int *, at_cuda_detail::cub::ScanTileState<int, (bool)1>, at_cuda_detail::cub::NullType, at_cuda_detail::cub::NullType, int, (bool)0>(T2, T3, T4, T5, T6, T7, T8, T9, int)"
reference_iteration::kv_append_decode_b32::8,PushPop,78959,78959,1,3,8734,2911.3,3007.0,2527,3200,346.5,"void at_cuda_detail::cub::DeviceReduceSingleTileKernel<at_cuda_detail::cub::DeviceReducePolicy<bool, int, int, at_cuda_detail::cub::Sum>::Policy600, at_cuda_detail::cub::TransformInputIterator<bool, at::native::<unnamed>::NonZeroOp<bool>, const bool *, long>, int *, int, at_cuda_detail::cub::Sum, int>(T2, T3, T4, T5, T6)"
reference_iteration::kv_append_decode_b32::8,PushPop,78959,78959,1,3,6048,2016.0,2048.0,1952,2048,55.4,"void at_cuda_detail::cub::DeviceCompactInitKernel<at_cuda_detail::cub::ScanTileState<int, (bool)1>, int *>(T1, int, T2)"
reference_iteration::kv_append_decode_b32::8,PushPop,78959,78959,1,2,5120,2560.0,2560.0,2304,2816,362.0,"void at::native::vectorized_elementwise_kernel<(int)4, void at::native::compare_scalar_kernel<long>(at::TensorIteratorBase &, at::native::<unnamed>::OpType, T1)::[lambda(long) (instance 1)], std::array<char *, (unsigned long)2>>(int, T2, T3)"
reference_iteration::kv_append_decode_b32::8,PushPop,78959,78959,1,1,3776,3776.0,3776.0,3776,3776,0.0,"void at::native::index_elementwise_kernel<(int)128, (int)4, void at::native::gpu_index_kernel<void at::native::index_kernel_impl<at::native::OpaqueType<(int)8>>(at::TensorIteratorBase &, c10::ArrayRef<long>, c10::ArrayRef<long>)::[lambda(char *, const char *, long) (instance 1)]>(at::TensorIteratorBase &, c10::ArrayRef<long>, c10::ArrayRef<long>, const T1 &)::[lambda(int) (instance 1)]>(long, T3)"
reference_iteration::kv_append_decode_b32::8,PushPop,78959,78959,1,1,2592,2592.0,2592.0,2592,2592,0.0,"void at::native::vectorized_elementwise_kernel<(int)4, at::native::BinaryFunctor<bool, bool, bool, at::native::BitwiseAndFunctor<bool>>, std::array<char *, (unsigned long)3>>(int, T2, T3)"
reference_iteration::kv_append_decode_b32::9,PushPop,78959,78959,1,2,16063,8031.5,8031.5,7968,8095,89.8,"void at::native::index_elementwise_kernel<(int)128, (int)4, void at::native::gpu_index_kernel<void at::native::index_kernel_impl<at::native::OpaqueType<(int)2>>(at::TensorIteratorBase &, c10::ArrayRef<long>, c10::ArrayRef<long>)::[lambda(char *, const char *, long) (instance 1)]>(at::TensorIteratorBase &, c10::ArrayRef<long>, c10::ArrayRef<long>, const T1 &)::[lambda(int) (instance 1)]>(long, T3)"
reference_iteration::kv_append_decode_b32::9,PushPop,78959,78959,1,2,12960,6480.0,6480.0,6464,6496,22.6,"void at::native::index_elementwise_kernel<(int)128, (int)4, void at::native::index_copy_kernel_impl<at::native::OpaqueType<(int)2>>(at::TensorIterator &, long, long, long)::[lambda(int) (instance 1)]>(long, T3)"
reference_iteration::kv_append_decode_b32::9,PushPop,78959,78959,1,3,8960,2986.7,3072.0,2720,3168,235.9,"void at_cuda_detail::cub::DeviceSelectSweepKernel<at_cuda_detail::cub::DispatchSelectIf<at_cuda_detail::cub::CountingInputIterator<long, long>, at_cuda_detail::cub::TransformInputIterator<bool, at::native::<unnamed>::NonZeroOp<bool>, const bool *, long>, long *, int *, at_cuda_detail::cub::NullType, at_cuda_detail::cub::NullType, int, (bool)0>::PtxSelectIfPolicyT, at_cuda_detail::cub::CountingInputIterator<long, long>, at_cuda_detail::cub::TransformInputIterator<bool, at::native::<unnamed>::NonZeroOp<bool>, const bool *, long>, long *, int *, at_cuda_detail::cub::ScanTileState<int, (bool)1>, at_cuda_detail::cub::NullType, at_cuda_detail::cub::NullType, int, (bool)0>(T2, T3, T4, T5, T6, T7, T8, T9, int)"
reference_iteration::kv_append_decode_b32::9,PushPop,78959,78959,1,3,8416,2805.3,2880.0,2560,2976,217.8,"void at_cuda_detail::cub::DeviceReduceSingleTileKernel<at_cuda_detail::cub::DeviceReducePolicy<bool, int, int, at_cuda_detail::cub::Sum>::Policy600, at_cuda_detail::cub::TransformInputIterator<bool, at::native::<unnamed>::NonZeroOp<bool>, const bool *, long>, int *, int, at_cuda_detail::cub::Sum, int>(T2, T3, T4, T5, T6)"
reference_iteration::kv_append_decode_b32::9,PushPop,78959,78959,1,3,5984,1994.7,2016.0,1920,2048,66.6,"void at_cuda_detail::cub::DeviceCompactInitKernel<at_cuda_detail::cub::ScanTileState<int, (bool)1>, int *>(T1, int, T2)"
reference_iteration::kv_append_decode_b32::9,PushPop,78959,78959,1,2,5088,2544.0,2544.0,2272,2816,384.7,"void at::native::vectorized_elementwise_kernel<(int)4, void at::native::compare_scalar_kernel<long>(at::TensorIteratorBase &, at::native::<unnamed>::OpType, T1)::[lambda(long) (instance 1)], std::array<char *, (unsigned long)2>>(int, T2, T3)"
reference_iteration::kv_append_decode_b32::9,PushPop,78959,78959,1,1,3680,3680.0,3680.0,3680,3680,0.0,"void at::native::index_elementwise_kernel<(int)128, (int)4, void at::native::gpu_index_kernel<void at::native::index_kernel_impl<at::native::OpaqueType<(int)8>>(at::TensorIteratorBase &, c10::ArrayRef<long>, c10::ArrayRef<long>)::[lambda(char *, const char *, long) (instance 1)]>(at::TensorIteratorBase &, c10::ArrayRef<long>, c10::ArrayRef<long>, const T1 &)::[lambda(int) (instance 1)]>(long, T3)"
reference_iteration::kv_append_decode_b32::9,PushPop,78959,78959,1,1,2527,2527.0,2527.0,2527,2527,0.0,"void at::native::vectorized_elementwise_kernel<(int)4, at::native::BinaryFunctor<bool, bool, bool, at::native::BitwiseAndFunctor<bool>>, std::array<char *, (unsigned long)3>>(int, T2, T3)"
reference_iteration::residual_rms_decode_b1::0,PushPop,78959,78959,1,3,17440,5813.3,4544.0,3712,9184,2948.6,"void at::native::unrolled_elementwise_kernel<at::native::direct_copy_kernel_cuda(at::TensorIteratorBase &)::[lambda() (instance 3)]::operator ()() const::[lambda() (instance 7)]::operator ()() const::[lambda(float) (instance 1)], std::array<char *, (unsigned long)2>, (int)4, TrivialOffsetCalculator<(int)1, unsigned int>, TrivialOffsetCalculator<(int)1, unsigned int>, at::native::memory::LoadWithCast<(int)1>, at::native::memory::StoreWithCast<(int)1>>(int, T1, T2, T4, T5, T6, T7)"
reference_iteration::residual_rms_decode_b1::0,PushPop,78959,78959,1,1,7200,7200.0,7200.0,7200,7200,0.0,"void at::native::reduce_kernel<(int)512, (int)1, at::native::ReduceOp<float, at::native::MeanOps<float, float, float, float>, unsigned int, float, (int)4, (int)4>>(T3)"
reference_iteration::residual_rms_decode_b1::0,PushPop,78959,78959,1,2,4544,2272.0,2272.0,2144,2400,181.0,"void at::native::vectorized_elementwise_kernel<(int)4, at::native::float16_copy_kernel_cuda(at::TensorIteratorBase &)::[lambda(float) (instance 1)], std::array<char *, (unsigned long)2>>(int, T2, T3)"
reference_iteration::residual_rms_decode_b1::0,PushPop,78959,78959,1,1,4192,4192.0,4192.0,4192,4192,0.0,"void at::native::vectorized_elementwise_kernel<(int)4, at::native::rsqrt_kernel_cuda(at::TensorIteratorBase &)::[lambda() (instance 2)]::operator ()() const::[lambda() (instance 2)]::operator ()() const::[lambda(float) (instance 1)], std::array<char *, (unsigned long)2>>(int, T2, T3)"
reference_iteration::residual_rms_decode_b1::0,PushPop,78959,78959,1,1,3808,3808.0,3808.0,3808,3808,0.0,"void at::native::elementwise_kernel<(int)128, (int)2, void at::native::gpu_kernel_impl_nocast<at::native::BinaryFunctor<float, float, float, at::native::binary_internal::MulFunctor<float>>>(at::TensorIteratorBase &, const T1 &)::[lambda(int) (instance 1)]>(int, T3)"
reference_iteration::residual_rms_decode_b1::0,PushPop,78959,78959,1,1,2880,2880.0,2880.0,2880,2880,0.0,"void at::native::vectorized_elementwise_kernel<(int)4, at::native::CUDAFunctorOnSelf_add<float>, std::array<char *, (unsigned long)2>>(int, T2, T3)"
reference_iteration::residual_rms_decode_b1::0,PushPop,78959,78959,1,1,2496,2496.0,2496.0,2496,2496,0.0,"void at::native::vectorized_elementwise_kernel<(int)4, at::native::CUDAFunctor_add<float>, std::array<char *, (unsigned long)3>>(int, T2, T3)"
reference_iteration::residual_rms_decode_b1::0,PushPop,78959,78959,1,1,2464,2464.0,2464.0,2464,2464,0.0,"void at::native::vectorized_elementwise_kernel<(int)4, at::native::BinaryFunctor<float, float, float, at::native::binary_internal::MulFunctor<float>>, std::array<char *, (unsigned long)3>>(int, T2, T3)"
reference_iteration::residual_rms_decode_b1::0,PushPop,78959,78959,1,1,2432,2432.0,2432.0,2432,2432,0.0,"void at::native::vectorized_elementwise_kernel<(int)4, void at::native::<unnamed>::pow_tensor_scalar_kernel_impl<float, float>(at::TensorIteratorBase &, T2)::[lambda(float) (instance 1)], std::array<char *, (unsigned long)2>>(int, T2, T3)"
reference_iteration::residual_rms_decode_b1::1,PushPop,78959,78959,1,3,11966,3988.7,3903.0,3840,4223,205.4,"void at::native::unrolled_elementwise_kernel<at::native::direct_copy_kernel_cuda(at::TensorIteratorBase &)::[lambda() (instance 3)]::operator ()() const::[lambda() (instance 7)]::operator ()() const::[lambda(float) (instance 1)], std::array<char *, (unsigned long)2>, (int)4, TrivialOffsetCalculator<(int)1, unsigned int>, TrivialOffsetCalculator<(int)1, unsigned int>, at::native::memory::LoadWithCast<(int)1>, at::native::memory::StoreWithCast<(int)1>>(int, T1, T2, T4, T5, T6, T7)"
reference_iteration::residual_rms_decode_b1::1,PushPop,78959,78959,1,1,5120,5120.0,5120.0,5120,5120,0.0,"void at::native::reduce_kernel<(int)512, (int)1, at::native::ReduceOp<float, at::native::MeanOps<float, float, float, float>, unsigned int, float, (int)4, (int)4>>(T3)"
reference_iteration::residual_rms_decode_b1::1,PushPop,78959,78959,1,2,4320,2160.0,2160.0,2144,2176,22.6,"void at::native::vectorized_elementwise_kernel<(int)4, at::native::float16_copy_kernel_cuda(at::TensorIteratorBase &)::[lambda(float) (instance 1)], std::array<char *, (unsigned long)2>>(int, T2, T3)"
reference_iteration::residual_rms_decode_b1::1,PushPop,78959,78959,1,1,2976,2976.0,2976.0,2976,2976,0.0,"void at::native::elementwise_kernel<(int)128, (int)2, void at::native::gpu_kernel_impl_nocast<at::native::BinaryFunctor<float, float, float, at::native::binary_internal::MulFunctor<float>>>(at::TensorIteratorBase &, const T1 &)::[lambda(int) (instance 1)]>(int, T3)"
reference_iteration::residual_rms_decode_b1::1,PushPop,78959,78959,1,1,2752,2752.0,2752.0,2752,2752,0.0,"void at::native::vectorized_elementwise_kernel<(int)4, at::native::rsqrt_kernel_cuda(at::TensorIteratorBase &)::[lambda() (instance 2)]::operator ()() const::[lambda() (instance 2)]::operator ()() const::[lambda(float) (instance 1)], std::array<char *, (unsigned long)2>>(int, T2, T3)"
reference_iteration::residual_rms_decode_b1::1,PushPop,78959,78959,1,1,2304,2304.0,2304.0,2304,2304,0.0,"void at::native::vectorized_elementwise_kernel<(int)4, at::native::BinaryFunctor<float, float, float, at::native::binary_internal::MulFunctor<float>>, std::array<char *, (unsigned long)3>>(int, T2, T3)"
reference_iteration::residual_rms_decode_b1::1,PushPop,78959,78959,1,1,2272,2272.0,2272.0,2272,2272,0.0,"void at::native::vectorized_elementwise_kernel<(int)4, at::native::CUDAFunctorOnSelf_add<float>, std::array<char *, (unsigned long)2>>(int, T2, T3)"
reference_iteration::residual_rms_decode_b1::1,PushPop,78959,78959,1,1,2240,2240.0,2240.0,2240,2240,0.0,"void at::native::vectorized_elementwise_kernel<(int)4, at::native::CUDAFunctor_add<float>, std::array<char *, (unsigned long)3>>(int, T2, T3)"
reference_iteration::residual_rms_decode_b1::1,PushPop,78959,78959,1,1,2240,2240.0,2240.0,2240,2240,0.0,"void at::native::vectorized_elementwise_kernel<(int)4, void at::native::<unnamed>::pow_tensor_scalar_kernel_impl<float, float>(at::TensorIteratorBase &, T2)::[lambda(float) (instance 1)], std::array<char *, (unsigned long)2>>(int, T2, T3)"
reference_iteration::residual_rms_decode_b1::10,PushPop,78959,78959,1,3,11808,3936.0,3808.0,3712,4288,308.6,"void at::native::unrolled_elementwise_kernel<at::native::direct_copy_kernel_cuda(at::TensorIteratorBase &)::[lambda() (instance 3)]::operator ()() const::[lambda() (instance 7)]::operator ()() const::[lambda(float) (instance 1)], std::array<char *, (unsigned long)2>, (int)4, TrivialOffsetCalculator<(int)1, unsigned int>, TrivialOffsetCalculator<(int)1, unsigned int>, at::native::memory::LoadWithCast<(int)1>, at::native::memory::StoreWithCast<(int)1>>(int, T1, T2, T4, T5, T6, T7)"
reference_iteration::residual_rms_decode_b1::10,PushPop,78959,78959,1,1,4800,4800.0,4800.0,4800,4800,0.0,"void at::native::reduce_kernel<(int)512, (int)1, at::native::ReduceOp<float, at::native::MeanOps<float, float, float, float>, unsigned int, float, (int)4, (int)4>>(T3)"
reference_iteration::residual_rms_decode_b1::10,PushPop,78959,78959,1,2,4320,2160.0,2160.0,2144,2176,22.6,"void at::native::vectorized_elementwise_kernel<(int)4, at::native::float16_copy_kernel_cuda(at::TensorIteratorBase &)::[lambda(float) (instance 1)], std::array<char *, (unsigned long)2>>(int, T2, T3)"
reference_iteration::residual_rms_decode_b1::10,PushPop,78959,78959,1,1,2912,2912.0,2912.0,2912,2912,0.0,"void at::native::elementwise_kernel<(int)128, (int)2, void at::native::gpu_kernel_impl_nocast<at::native::BinaryFunctor<float, float, float, at::native::binary_internal::MulFunctor<float>>>(at::TensorIteratorBase &, const T1 &)::[lambda(int) (instance 1)]>(int, T3)"
reference_iteration::residual_rms_decode_b1::10,PushPop,78959,78959,1,1,2720,2720.0,2720.0,2720,2720,0.0,"void at::native::vectorized_elementwise_kernel<(int)4, at::native::rsqrt_kernel_cuda(at::TensorIteratorBase &)::[lambda() (instance 2)]::operator ()() const::[lambda() (instance 2)]::operator ()() const::[lambda(float) (instance 1)], std::array<char *, (unsigned long)2>>(int, T2, T3)"
reference_iteration::residual_rms_decode_b1::10,PushPop,78959,78959,1,1,2272,2272.0,2272.0,2272,2272,0.0,"void at::native::vectorized_elementwise_kernel<(int)4, at::native::BinaryFunctor<float, float, float, at::native::binary_internal::MulFunctor<float>>, std::array<char *, (unsigned long)3>>(int, T2, T3)"
reference_iteration::residual_rms_decode_b1::10,PushPop,78959,78959,1,1,2272,2272.0,2272.0,2272,2272,0.0,"void at::native::vectorized_elementwise_kernel<(int)4, void at::native::<unnamed>::pow_tensor_scalar_kernel_impl<float, float>(at::TensorIteratorBase &, T2)::[lambda(float) (instance 1)], std::array<char *, (unsigned long)2>>(int, T2, T3)"
reference_iteration::residual_rms_decode_b1::10,PushPop,78959,78959,1,1,2176,2176.0,2176.0,2176,2176,0.0,"void at::native::vectorized_elementwise_kernel<(int)4, at::native::CUDAFunctor_add<float>, std::array<char *, (unsigned long)3>>(int, T2, T3)"
reference_iteration::residual_rms_decode_b1::10,PushPop,78959,78959,1,1,2112,2112.0,2112.0,2112,2112,0.0,"void at::native::vectorized_elementwise_kernel<(int)4, at::native::CUDAFunctorOnSelf_add<float>, std::array<char *, (unsigned long)2>>(int, T2, T3)"
reference_iteration::residual_rms_decode_b1::11,PushPop,78959,78959,1,3,11808,3936.0,3872.0,3744,4192,230.8,"void at::native::unrolled_elementwise_kernel<at::native::direct_copy_kernel_cuda(at::TensorIteratorBase &)::[lambda() (instance 3)]::operator ()() const::[lambda() (instance 7)]::operator ()() const::[lambda(float) (instance 1)], std::array<char *, (unsigned long)2>, (int)4, TrivialOffsetCalculator<(int)1, unsigned int>, TrivialOffsetCalculator<(int)1, unsigned int>, at::native::memory::LoadWithCast<(int)1>, at::native::memory::StoreWithCast<(int)1>>(int, T1, T2, T4, T5, T6, T7)"
reference_iteration::residual_rms_decode_b1::11,PushPop,78959,78959,1,1,4736,4736.0,4736.0,4736,4736,0.0,"void at::native::reduce_kernel<(int)512, (int)1, at::native::ReduceOp<float, at::native::MeanOps<float, float, float, float>, unsigned int, float, (int)4, (int)4>>(T3)"
reference_iteration::residual_rms_decode_b1::11,PushPop,78959,78959,1,2,4288,2144.0,2144.0,2112,2176,45.3,"void at::native::vectorized_elementwise_kernel<(int)4, at::native::float16_copy_kernel_cuda(at::TensorIteratorBase &)::[lambda(float) (instance 1)], std::array<char *, (unsigned long)2>>(int, T2, T3)"
reference_iteration::residual_rms_decode_b1::11,PushPop,78959,78959,1,1,2976,2976.0,2976.0,2976,2976,0.0,"void at::native::elementwise_kernel<(int)128, (int)2, void at::native::gpu_kernel_impl_nocast<at::native::BinaryFunctor<float, float, float, at::native::binary_internal::MulFunctor<float>>>(at::TensorIteratorBase &, const T1 &)::[lambda(int) (instance 1)]>(int, T3)"
reference_iteration::residual_rms_decode_b1::11,PushPop,78959,78959,1,1,2688,2688.0,2688.0,2688,2688,0.0,"void at::native::vectorized_elementwise_kernel<(int)4, at::native::rsqrt_kernel_cuda(at::TensorIteratorBase &)::[lambda() (instance 2)]::operator ()() const::[lambda() (instance 2)]::operator ()() const::[lambda(float) (instance 1)], std::array<char *, (unsigned long)2>>(int, T2, T3)"
reference_iteration::residual_rms_decode_b1::11,PushPop,78959,78959,1,1,2336,2336.0,2336.0,2336,2336,0.0,"void at::native::vectorized_elementwise_kernel<(int)4, at::native::BinaryFunctor<float, float, float, at::native::binary_internal::MulFunctor<float>>, std::array<char *, (unsigned long)3>>(int, T2, T3)"
reference_iteration::residual_rms_decode_b1::11,PushPop,78959,78959,1,1,2240,2240.0,2240.0,2240,2240,0.0,"void at::native::vectorized_elementwise_kernel<(int)4, void at::native::<unnamed>::pow_tensor_scalar_kernel_impl<float, float>(at::TensorIteratorBase &, T2)::[lambda(float) (instance 1)], std::array<char *, (unsigned long)2>>(int, T2, T3)"
reference_iteration::residual_rms_decode_b1::11,PushPop,78959,78959,1,1,2176,2176.0,2176.0,2176,2176,0.0,"void at::native::vectorized_elementwise_kernel<(int)4, at::native::CUDAFunctor_add<float>, std::array<char *, (unsigned long)3>>(int, T2, T3)"
reference_iteration::residual_rms_decode_b1::11,PushPop,78959,78959,1,1,2112,2112.0,2112.0,2112,2112,0.0,"void at::native::vectorized_elementwise_kernel<(int)4, at::native::CUDAFunctorOnSelf_add<float>, std::array<char *, (unsigned long)2>>(int, T2, T3)"
reference_iteration::residual_rms_decode_b1::2,PushPop,78959,78959,1,3,11903,3967.7,3807.0,3712,4384,363.7,"void at::native::unrolled_elementwise_kernel<at::native::direct_copy_kernel_cuda(at::TensorIteratorBase &)::[lambda() (instance 3)]::operator ()() const::[lambda() (instance 7)]::operator ()() const::[lambda(float) (instance 1)], std::array<char *, (unsigned long)2>, (int)4, TrivialOffsetCalculator<(int)1, unsigned int>, TrivialOffsetCalculator<(int)1, unsigned int>, at::native::memory::LoadWithCast<(int)1>, at::native::memory::StoreWithCast<(int)1>>(int, T1, T2, T4, T5, T6, T7)"
reference_iteration::residual_rms_decode_b1::2,PushPop,78959,78959,1,1,4768,4768.0,4768.0,4768,4768,0.0,"void at::native::reduce_kernel<(int)512, (int)1, at::native::ReduceOp<float, at::native::MeanOps<float, float, float, float>, unsigned int, float, (int)4, (int)4>>(T3)"
reference_iteration::residual_rms_decode_b1::2,PushPop,78959,78959,1,2,4352,2176.0,2176.0,2144,2208,45.3,"void at::native::vectorized_elementwise_kernel<(int)4, at::native::float16_copy_kernel_cuda(at::TensorIteratorBase &)::[lambda(float) (instance 1)], std::array<char *, (unsigned long)2>>(int, T2, T3)"
reference_iteration::residual_rms_decode_b1::2,PushPop,78959,78959,1,1,2912,2912.0,2912.0,2912,2912,0.0,"void at::native::elementwise_kernel<(int)128, (int)2, void at::native::gpu_kernel_impl_nocast<at::native::BinaryFunctor<float, float, float, at::native::binary_internal::MulFunctor<float>>>(at::TensorIteratorBase &, const T1 &)::[lambda(int) (instance 1)]>(int, T3)"
reference_iteration::residual_rms_decode_b1::2,PushPop,78959,78959,1,1,2624,2624.0,2624.0,2624,2624,0.0,"void at::native::vectorized_elementwise_kernel<(int)4, at::native::rsqrt_kernel_cuda(at::TensorIteratorBase &)::[lambda() (instance 2)]::operator ()() const::[lambda() (instance 2)]::operator ()() const::[lambda(float) (instance 1)], std::array<char *, (unsigned long)2>>(int, T2, T3)"
reference_iteration::residual_rms_decode_b1::2,PushPop,78959,78959,1,1,2400,2400.0,2400.0,2400,2400,0.0,"void at::native::vectorized_elementwise_kernel<(int)4, at::native::BinaryFunctor<float, float, float, at::native::binary_internal::MulFunctor<float>>, std::array<char *, (unsigned long)3>>(int, T2, T3)"
reference_iteration::residual_rms_decode_b1::2,PushPop,78959,78959,1,1,2272,2272.0,2272.0,2272,2272,0.0,"void at::native::vectorized_elementwise_kernel<(int)4, void at::native::<unnamed>::pow_tensor_scalar_kernel_impl<float, float>(at::TensorIteratorBase &, T2)::[lambda(float) (instance 1)], std::array<char *, (unsigned long)2>>(int, T2, T3)"
reference_iteration::residual_rms_decode_b1::2,PushPop,78959,78959,1,1,2176,2176.0,2176.0,2176,2176,0.0,"void at::native::vectorized_elementwise_kernel<(int)4, at::native::CUDAFunctor_add<float>, std::array<char *, (unsigned long)3>>(int, T2, T3)"
reference_iteration::residual_rms_decode_b1::2,PushPop,78959,78959,1,1,2111,2111.0,2111.0,2111,2111,0.0,"void at::native::vectorized_elementwise_kernel<(int)4, at::native::CUDAFunctorOnSelf_add<float>, std::array<char *, (unsigned long)2>>(int, T2, T3)"
reference_iteration::residual_rms_decode_b1::3,PushPop,78959,78959,1,3,11967,3989.0,3904.0,3807,4256,236.3,"void at::native::unrolled_elementwise_kernel<at::native::direct_copy_kernel_cuda(at::TensorIteratorBase &)::[lambda() (instance 3)]::operator ()() const::[lambda() (instance 7)]::operator ()() const::[lambda(float) (instance 1)], std::array<char *, (unsigned long)2>, (int)4, TrivialOffsetCalculator<(int)1, unsigned int>, TrivialOffsetCalculator<(int)1, unsigned int>, at::native::memory::LoadWithCast<(int)1>, at::native::memory::StoreWithCast<(int)1>>(int, T1, T2, T4, T5, T6, T7)"
reference_iteration::residual_rms_decode_b1::3,PushPop,78959,78959,1,1,4736,4736.0,4736.0,4736,4736,0.0,"void at::native::reduce_kernel<(int)512, (int)1, at::native::ReduceOp<float, at::native::MeanOps<float, float, float, float>, unsigned int, float, (int)4, (int)4>>(T3)"
reference_iteration::residual_rms_decode_b1::3,PushPop,78959,78959,1,2,4416,2208.0,2208.0,2176,2240,45.3,"void at::native::vectorized_elementwise_kernel<(int)4, at::native::float16_copy_kernel_cuda(at::TensorIteratorBase &)::[lambda(float) (instance 1)], std::array<char *, (unsigned long)2>>(int, T2, T3)"
reference_iteration::residual_rms_decode_b1::3,PushPop,78959,78959,1,1,2944,2944.0,2944.0,2944,2944,0.0,"void at::native::elementwise_kernel<(int)128, (int)2, void at::native::gpu_kernel_impl_nocast<at::native::BinaryFunctor<float, float, float, at::native::binary_internal::MulFunctor<float>>>(at::TensorIteratorBase &, const T1 &)::[lambda(int) (instance 1)]>(int, T3)"
reference_iteration::residual_rms_decode_b1::3,PushPop,78959,78959,1,1,2752,2752.0,2752.0,2752,2752,0.0,"void at::native::vectorized_elementwise_kernel<(int)4, at::native::rsqrt_kernel_cuda(at::TensorIteratorBase &)::[lambda() (instance 2)]::operator ()() const::[lambda() (instance 2)]::operator ()() const::[lambda(float) (instance 1)], std::array<char *, (unsigned long)2>>(int, T2, T3)"
reference_iteration::residual_rms_decode_b1::3,PushPop,78959,78959,1,1,2336,2336.0,2336.0,2336,2336,0.0,"void at::native::vectorized_elementwise_kernel<(int)4, at::native::BinaryFunctor<float, float, float, at::native::binary_internal::MulFunctor<float>>, std::array<char *, (unsigned long)3>>(int, T2, T3)"
reference_iteration::residual_rms_decode_b1::3,PushPop,78959,78959,1,1,2272,2272.0,2272.0,2272,2272,0.0,"void at::native::vectorized_elementwise_kernel<(int)4, void at::native::<unnamed>::pow_tensor_scalar_kernel_impl<float, float>(at::TensorIteratorBase &, T2)::[lambda(float) (instance 1)], std::array<char *, (unsigned long)2>>(int, T2, T3)"
reference_iteration::residual_rms_decode_b1::3,PushPop,78959,78959,1,1,2241,2241.0,2241.0,2241,2241,0.0,"void at::native::vectorized_elementwise_kernel<(int)4, at::native::CUDAFunctorOnSelf_add<float>, std::array<char *, (unsigned long)2>>(int, T2, T3)"
reference_iteration::residual_rms_decode_b1::3,PushPop,78959,78959,1,1,2208,2208.0,2208.0,2208,2208,0.0,"void at::native::vectorized_elementwise_kernel<(int)4, at::native::CUDAFunctor_add<float>, std::array<char *, (unsigned long)3>>(int, T2, T3)"
reference_iteration::residual_rms_decode_b1::4,PushPop,78959,78959,1,3,12224,4074.7,4096.0,3840,4288,224.8,"void at::native::unrolled_elementwise_kernel<at::native::direct_copy_kernel_cuda(at::TensorIteratorBase &)::[lambda() (instance 3)]::operator ()() const::[lambda() (instance 7)]::operator ()() const::[lambda(float) (instance 1)], std::array<char *, (unsigned long)2>, (int)4, TrivialOffsetCalculator<(int)1, unsigned int>, TrivialOffsetCalculator<(int)1, unsigned int>, at::native::memory::LoadWithCast<(int)1>, at::native::memory::StoreWithCast<(int)1>>(int, T1, T2, T4, T5, T6, T7)"
reference_iteration::residual_rms_decode_b1::4,PushPop,78959,78959,1,1,4768,4768.0,4768.0,4768,4768,0.0,"void at::native::reduce_kernel<(int)512, (int)1, at::native::ReduceOp<float, at::native::MeanOps<float, float, float, float>, unsigned int, float, (int)4, (int)4>>(T3)"
reference_iteration::residual_rms_decode_b1::4,PushPop,78959,78959,1,2,4288,2144.0,2144.0,2144,2144,0.0,"void at::native::vectorized_elementwise_kernel<(int)4, at::native::float16_copy_kernel_cuda(at::TensorIteratorBase &)::[lambda(float) (instance 1)], std::array<char *, (unsigned long)2>>(int, T2, T3)"
reference_iteration::residual_rms_decode_b1::4,PushPop,78959,78959,1,1,2912,2912.0,2912.0,2912,2912,0.0,"void at::native::elementwise_kernel<(int)128, (int)2, void at::native::gpu_kernel_impl_nocast<at::native::BinaryFunctor<float, float, float, at::native::binary_internal::MulFunctor<float>>>(at::TensorIteratorBase &, const T1 &)::[lambda(int) (instance 1)]>(int, T3)"
reference_iteration::residual_rms_decode_b1::4,PushPop,78959,78959,1,1,2848,2848.0,2848.0,2848,2848,0.0,"void at::native::vectorized_elementwise_kernel<(int)4, at::native::rsqrt_kernel_cuda(at::TensorIteratorBase &)::[lambda() (instance 2)]::operator ()() const::[lambda() (instance 2)]::operator ()() const::[lambda(float) (instance 1)], std::array<char *, (unsigned long)2>>(int, T2, T3)"
reference_iteration::residual_rms_decode_b1::4,PushPop,78959,78959,1,1,2336,2336.0,2336.0,2336,2336,0.0,"void at::native::vectorized_elementwise_kernel<(int)4, at::native::BinaryFunctor<float, float, float, at::native::binary_internal::MulFunctor<float>>, std::array<char *, (unsigned long)3>>(int, T2, T3)"
reference_iteration::residual_rms_decode_b1::4,PushPop,78959,78959,1,1,2272,2272.0,2272.0,2272,2272,0.0,"void at::native::vectorized_elementwise_kernel<(int)4, void at::native::<unnamed>::pow_tensor_scalar_kernel_impl<float, float>(at::TensorIteratorBase &, T2)::[lambda(float) (instance 1)], std::array<char *, (unsigned long)2>>(int, T2, T3)"
reference_iteration::residual_rms_decode_b1::4,PushPop,78959,78959,1,1,2208,2208.0,2208.0,2208,2208,0.0,"void at::native::vectorized_elementwise_kernel<(int)4, at::native::CUDAFunctor_add<float>, std::array<char *, (unsigned long)3>>(int, T2, T3)"
reference_iteration::residual_rms_decode_b1::4,PushPop,78959,78959,1,1,2112,2112.0,2112.0,2112,2112,0.0,"void at::native::vectorized_elementwise_kernel<(int)4, at::native::CUDAFunctorOnSelf_add<float>, std::array<char *, (unsigned long)2>>(int, T2, T3)"
reference_iteration::residual_rms_decode_b1::5,PushPop,78959,78959,1,3,11680,3893.3,3776.0,3712,4192,260.6,"void at::native::unrolled_elementwise_kernel<at::native::direct_copy_kernel_cuda(at::TensorIteratorBase &)::[lambda() (instance 3)]::operator ()() const::[lambda() (instance 7)]::operator ()() const::[lambda(float) (instance 1)], std::array<char *, (unsigned long)2>, (int)4, TrivialOffsetCalculator<(int)1, unsigned int>, TrivialOffsetCalculator<(int)1, unsigned int>, at::native::memory::LoadWithCast<(int)1>, at::native::memory::StoreWithCast<(int)1>>(int, T1, T2, T4, T5, T6, T7)"
reference_iteration::residual_rms_decode_b1::5,PushPop,78959,78959,1,1,4736,4736.0,4736.0,4736,4736,0.0,"void at::native::reduce_kernel<(int)512, (int)1, at::native::ReduceOp<float, at::native::MeanOps<float, float, float, float>, unsigned int, float, (int)4, (int)4>>(T3)"
reference_iteration::residual_rms_decode_b1::5,PushPop,78959,78959,1,2,4320,2160.0,2160.0,2144,2176,22.6,"void at::native::vectorized_elementwise_kernel<(int)4, at::native::float16_copy_kernel_cuda(at::TensorIteratorBase &)::[lambda(float) (instance 1)], std::array<char *, (unsigned long)2>>(int, T2, T3)"
reference_iteration::residual_rms_decode_b1::5,PushPop,78959,78959,1,1,3007,3007.0,3007.0,3007,3007,0.0,"void at::native::elementwise_kernel<(int)128, (int)2, void at::native::gpu_kernel_impl_nocast<at::native::BinaryFunctor<float, float, float, at::native::binary_internal::MulFunctor<float>>>(at::TensorIteratorBase &, const T1 &)::[lambda(int) (instance 1)]>(int, T3)"
reference_iteration::residual_rms_decode_b1::5,PushPop,78959,78959,1,1,2720,2720.0,2720.0,2720,2720,0.0,"void at::native::vectorized_elementwise_kernel<(int)4, at::native::rsqrt_kernel_cuda(at::TensorIteratorBase &)::[lambda() (instance 2)]::operator ()() const::[lambda() (instance 2)]::operator ()() const::[lambda(float) (instance 1)], std::array<char *, (unsigned long)2>>(int, T2, T3)"
reference_iteration::residual_rms_decode_b1::5,PushPop,78959,78959,1,1,2304,2304.0,2304.0,2304,2304,0.0,"void at::native::vectorized_elementwise_kernel<(int)4, at::native::BinaryFunctor<float, float, float, at::native::binary_internal::MulFunctor<float>>, std::array<char *, (unsigned long)3>>(int, T2, T3)"
reference_iteration::residual_rms_decode_b1::5,PushPop,78959,78959,1,1,2272,2272.0,2272.0,2272,2272,0.0,"void at::native::vectorized_elementwise_kernel<(int)4, void at::native::<unnamed>::pow_tensor_scalar_kernel_impl<float, float>(at::TensorIteratorBase &, T2)::[lambda(float) (instance 1)], std::array<char *, (unsigned long)2>>(int, T2, T3)"
reference_iteration::residual_rms_decode_b1::5,PushPop,78959,78959,1,1,2208,2208.0,2208.0,2208,2208,0.0,"void at::native::vectorized_elementwise_kernel<(int)4, at::native::CUDAFunctor_add<float>, std::array<char *, (unsigned long)3>>(int, T2, T3)"
reference_iteration::residual_rms_decode_b1::5,PushPop,78959,78959,1,1,2112,2112.0,2112.0,2112,2112,0.0,"void at::native::vectorized_elementwise_kernel<(int)4, at::native::CUDAFunctorOnSelf_add<float>, std::array<char *, (unsigned long)2>>(int, T2, T3)"
reference_iteration::residual_rms_decode_b1::6,PushPop,78959,78959,1,3,12032,4010.7,3904.0,3840,4288,242.3,"void at::native::unrolled_elementwise_kernel<at::native::direct_copy_kernel_cuda(at::TensorIteratorBase &)::[lambda() (instance 3)]::operator ()() const::[lambda() (instance 7)]::operator ()() const::[lambda(float) (instance 1)], std::array<char *, (unsigned long)2>, (int)4, TrivialOffsetCalculator<(int)1, unsigned int>, TrivialOffsetCalculator<(int)1, unsigned int>, at::native::memory::LoadWithCast<(int)1>, at::native::memory::StoreWithCast<(int)1>>(int, T1, T2, T4, T5, T6, T7)"
reference_iteration::residual_rms_decode_b1::6,PushPop,78959,78959,1,1,4768,4768.0,4768.0,4768,4768,0.0,"void at::native::reduce_kernel<(int)512, (int)1, at::native::ReduceOp<float, at::native::MeanOps<float, float, float, float>, unsigned int, float, (int)4, (int)4>>(T3)"
reference_iteration::residual_rms_decode_b1::6,PushPop,78959,78959,1,2,4320,2160.0,2160.0,2144,2176,22.6,"void at::native::vectorized_elementwise_kernel<(int)4, at::native::float16_copy_kernel_cuda(at::TensorIteratorBase &)::[lambda(float) (instance 1)], std::array<char *, (unsigned long)2>>(int, T2, T3)"
reference_iteration::residual_rms_decode_b1::6,PushPop,78959,78959,1,1,3232,3232.0,3232.0,3232,3232,0.0,"void at::native::elementwise_kernel<(int)128, (int)2, void at::native::gpu_kernel_impl_nocast<at::native::BinaryFunctor<float, float, float, at::native::binary_internal::MulFunctor<float>>>(at::TensorIteratorBase &, const T1 &)::[lambda(int) (instance 1)]>(int, T3)"
reference_iteration::residual_rms_decode_b1::6,PushPop,78959,78959,1,1,2720,2720.0,2720.0,2720,2720,0.0,"void at::native::vectorized_elementwise_kernel<(int)4, at::native::rsqrt_kernel_cuda(at::TensorIteratorBase &)::[lambda() (instance 2)]::operator ()() const::[lambda() (instance 2)]::operator ()() const::[lambda(float) (instance 1)], std::array<char *, (unsigned long)2>>(int, T2, T3)"
reference_iteration::residual_rms_decode_b1::6,PushPop,78959,78959,1,1,2272,2272.0,2272.0,2272,2272,0.0,"void at::native::vectorized_elementwise_kernel<(int)4, at::native::BinaryFunctor<float, float, float, at::native::binary_internal::MulFunctor<float>>, std::array<char *, (unsigned long)3>>(int, T2, T3)"
reference_iteration::residual_rms_decode_b1::6,PushPop,78959,78959,1,1,2272,2272.0,2272.0,2272,2272,0.0,"void at::native::vectorized_elementwise_kernel<(int)4, void at::native::<unnamed>::pow_tensor_scalar_kernel_impl<float, float>(at::TensorIteratorBase &, T2)::[lambda(float) (instance 1)], std::array<char *, (unsigned long)2>>(int, T2, T3)"
reference_iteration::residual_rms_decode_b1::6,PushPop,78959,78959,1,1,2207,2207.0,2207.0,2207,2207,0.0,"void at::native::vectorized_elementwise_kernel<(int)4, at::native::CUDAFunctor_add<float>, std::array<char *, (unsigned long)3>>(int, T2, T3)"
reference_iteration::residual_rms_decode_b1::6,PushPop,78959,78959,1,1,2143,2143.0,2143.0,2143,2143,0.0,"void at::native::vectorized_elementwise_kernel<(int)4, at::native::CUDAFunctorOnSelf_add<float>, std::array<char *, (unsigned long)2>>(int, T2, T3)"
reference_iteration::residual_rms_decode_b1::7,PushPop,78959,78959,1,3,11808,3936.0,3840.0,3744,4224,254.0,"void at::native::unrolled_elementwise_kernel<at::native::direct_copy_kernel_cuda(at::TensorIteratorBase &)::[lambda() (instance 3)]::operator ()() const::[lambda() (instance 7)]::operator ()() const::[lambda(float) (instance 1)], std::array<char *, (unsigned long)2>, (int)4, TrivialOffsetCalculator<(int)1, unsigned int>, TrivialOffsetCalculator<(int)1, unsigned int>, at::native::memory::LoadWithCast<(int)1>, at::native::memory::StoreWithCast<(int)1>>(int, T1, T2, T4, T5, T6, T7)"
reference_iteration::residual_rms_decode_b1::7,PushPop,78959,78959,1,1,4768,4768.0,4768.0,4768,4768,0.0,"void at::native::reduce_kernel<(int)512, (int)1, at::native::ReduceOp<float, at::native::MeanOps<float, float, float, float>, unsigned int, float, (int)4, (int)4>>(T3)"
reference_iteration::residual_rms_decode_b1::7,PushPop,78959,78959,1,2,4320,2160.0,2160.0,2144,2176,22.6,"void at::native::vectorized_elementwise_kernel<(int)4, at::native::float16_copy_kernel_cuda(at::TensorIteratorBase &)::[lambda(float) (instance 1)], std::array<char *, (unsigned long)2>>(int, T2, T3)"
reference_iteration::residual_rms_decode_b1::7,PushPop,78959,78959,1,1,3008,3008.0,3008.0,3008,3008,0.0,"void at::native::elementwise_kernel<(int)128, (int)2, void at::native::gpu_kernel_impl_nocast<at::native::BinaryFunctor<float, float, float, at::native::binary_internal::MulFunctor<float>>>(at::TensorIteratorBase &, const T1 &)::[lambda(int) (instance 1)]>(int, T3)"
reference_iteration::residual_rms_decode_b1::7,PushPop,78959,78959,1,1,2688,2688.0,2688.0,2688,2688,0.0,"void at::native::vectorized_elementwise_kernel<(int)4, at::native::rsqrt_kernel_cuda(at::TensorIteratorBase &)::[lambda() (instance 2)]::operator ()() const::[lambda() (instance 2)]::operator ()() const::[lambda(float) (instance 1)], std::array<char *, (unsigned long)2>>(int, T2, T3)"
reference_iteration::residual_rms_decode_b1::7,PushPop,78959,78959,1,1,2304,2304.0,2304.0,2304,2304,0.0,"void at::native::vectorized_elementwise_kernel<(int)4, at::native::BinaryFunctor<float, float, float, at::native::binary_internal::MulFunctor<float>>, std::array<char *, (unsigned long)3>>(int, T2, T3)"
reference_iteration::residual_rms_decode_b1::7,PushPop,78959,78959,1,1,2272,2272.0,2272.0,2272,2272,0.0,"void at::native::vectorized_elementwise_kernel<(int)4, void at::native::<unnamed>::pow_tensor_scalar_kernel_impl<float, float>(at::TensorIteratorBase &, T2)::[lambda(float) (instance 1)], std::array<char *, (unsigned long)2>>(int, T2, T3)"
reference_iteration::residual_rms_decode_b1::7,PushPop,78959,78959,1,1,2208,2208.0,2208.0,2208,2208,0.0,"void at::native::vectorized_elementwise_kernel<(int)4, at::native::CUDAFunctor_add<float>, std::array<char *, (unsigned long)3>>(int, T2, T3)"
reference_iteration::residual_rms_decode_b1::7,PushPop,78959,78959,1,1,2144,2144.0,2144.0,2144,2144,0.0,"void at::native::vectorized_elementwise_kernel<(int)4, at::native::CUDAFunctorOnSelf_add<float>, std::array<char *, (unsigned long)2>>(int, T2, T3)"
reference_iteration::residual_rms_decode_b1::8,PushPop,78959,78959,1,3,11840,3946.7,3840.0,3712,4288,302.5,"void at::native::unrolled_elementwise_kernel<at::native::direct_copy_kernel_cuda(at::TensorIteratorBase &)::[lambda() (instance 3)]::operator ()() const::[lambda() (instance 7)]::operator ()() const::[lambda(float) (instance 1)], std::array<char *, (unsigned long)2>, (int)4, TrivialOffsetCalculator<(int)1, unsigned int>, TrivialOffsetCalculator<(int)1, unsigned int>, at::native::memory::LoadWithCast<(int)1>, at::native::memory::StoreWithCast<(int)1>>(int, T1, T2, T4, T5, T6, T7)"
reference_iteration::residual_rms_decode_b1::8,PushPop,78959,78959,1,1,4992,4992.0,4992.0,4992,4992,0.0,"void at::native::reduce_kernel<(int)512, (int)1, at::native::ReduceOp<float, at::native::MeanOps<float, float, float, float>, unsigned int, float, (int)4, (int)4>>(T3)"
reference_iteration::residual_rms_decode_b1::8,PushPop,78959,78959,1,2,4320,2160.0,2160.0,2144,2176,22.6,"void at::native::vectorized_elementwise_kernel<(int)4, at::native::float16_copy_kernel_cuda(at::TensorIteratorBase &)::[lambda(float) (instance 1)], std::array<char *, (unsigned long)2>>(int, T2, T3)"
reference_iteration::residual_rms_decode_b1::8,PushPop,78959,78959,1,1,2912,2912.0,2912.0,2912,2912,0.0,"void at::native::elementwise_kernel<(int)128, (int)2, void at::native::gpu_kernel_impl_nocast<at::native::BinaryFunctor<float, float, float, at::native::binary_internal::MulFunctor<float>>>(at::TensorIteratorBase &, const T1 &)::[lambda(int) (instance 1)]>(int, T3)"
reference_iteration::residual_rms_decode_b1::8,PushPop,78959,78959,1,1,2720,2720.0,2720.0,2720,2720,0.0,"void at::native::vectorized_elementwise_kernel<(int)4, at::native::rsqrt_kernel_cuda(at::TensorIteratorBase &)::[lambda() (instance 2)]::operator ()() const::[lambda() (instance 2)]::operator ()() const::[lambda(float) (instance 1)], std::array<char *, (unsigned long)2>>(int, T2, T3)"
reference_iteration::residual_rms_decode_b1::8,PushPop,78959,78959,1,1,2304,2304.0,2304.0,2304,2304,0.0,"void at::native::vectorized_elementwise_kernel<(int)4, at::native::BinaryFunctor<float, float, float, at::native::binary_internal::MulFunctor<float>>, std::array<char *, (unsigned long)3>>(int, T2, T3)"
reference_iteration::residual_rms_decode_b1::8,PushPop,78959,78959,1,1,2272,2272.0,2272.0,2272,2272,0.0,"void at::native::vectorized_elementwise_kernel<(int)4, void at::native::<unnamed>::pow_tensor_scalar_kernel_impl<float, float>(at::TensorIteratorBase &, T2)::[lambda(float) (instance 1)], std::array<char *, (unsigned long)2>>(int, T2, T3)"
reference_iteration::residual_rms_decode_b1::8,PushPop,78959,78959,1,1,2240,2240.0,2240.0,2240,2240,0.0,"void at::native::vectorized_elementwise_kernel<(int)4, at::native::CUDAFunctor_add<float>, std::array<char *, (unsigned long)3>>(int, T2, T3)"
reference_iteration::residual_rms_decode_b1::8,PushPop,78959,78959,1,1,2112,2112.0,2112.0,2112,2112,0.0,"void at::native::vectorized_elementwise_kernel<(int)4, at::native::CUDAFunctorOnSelf_add<float>, std::array<char *, (unsigned long)2>>(int, T2, T3)"
reference_iteration::residual_rms_decode_b1::9,PushPop,78959,78959,1,3,11776,3925.3,3840.0,3712,4224,266.5,"void at::native::unrolled_elementwise_kernel<at::native::direct_copy_kernel_cuda(at::TensorIteratorBase &)::[lambda() (instance 3)]::operator ()() const::[lambda() (instance 7)]::operator ()() const::[lambda(float) (instance 1)], std::array<char *, (unsigned long)2>, (int)4, TrivialOffsetCalculator<(int)1, unsigned int>, TrivialOffsetCalculator<(int)1, unsigned int>, at::native::memory::LoadWithCast<(int)1>, at::native::memory::StoreWithCast<(int)1>>(int, T1, T2, T4, T5, T6, T7)"
reference_iteration::residual_rms_decode_b1::9,PushPop,78959,78959,1,1,4768,4768.0,4768.0,4768,4768,0.0,"void at::native::reduce_kernel<(int)512, (int)1, at::native::ReduceOp<float, at::native::MeanOps<float, float, float, float>, unsigned int, float, (int)4, (int)4>>(T3)"
reference_iteration::residual_rms_decode_b1::9,PushPop,78959,78959,1,2,4288,2144.0,2144.0,2112,2176,45.3,"void at::native::vectorized_elementwise_kernel<(int)4, at::native::float16_copy_kernel_cuda(at::TensorIteratorBase &)::[lambda(float) (instance 1)], std::array<char *, (unsigned long)2>>(int, T2, T3)"
reference_iteration::residual_rms_decode_b1::9,PushPop,78959,78959,1,1,3200,3200.0,3200.0,3200,3200,0.0,"void at::native::elementwise_kernel<(int)128, (int)2, void at::native::gpu_kernel_impl_nocast<at::native::BinaryFunctor<float, float, float, at::native::binary_internal::MulFunctor<float>>>(at::TensorIteratorBase &, const T1 &)::[lambda(int) (instance 1)]>(int, T3)"
reference_iteration::residual_rms_decode_b1::9,PushPop,78959,78959,1,1,2719,2719.0,2719.0,2719,2719,0.0,"void at::native::vectorized_elementwise_kernel<(int)4, at::native::rsqrt_kernel_cuda(at::TensorIteratorBase &)::[lambda() (instance 2)]::operator ()() const::[lambda() (instance 2)]::operator ()() const::[lambda(float) (instance 1)], std::array<char *, (unsigned long)2>>(int, T2, T3)"
reference_iteration::residual_rms_decode_b1::9,PushPop,78959,78959,1,1,2432,2432.0,2432.0,2432,2432,0.0,"void at::native::vectorized_elementwise_kernel<(int)4, void at::native::<unnamed>::pow_tensor_scalar_kernel_impl<float, float>(at::TensorIteratorBase &, T2)::[lambda(float) (instance 1)], std::array<char *, (unsigned long)2>>(int, T2, T3)"
reference_iteration::residual_rms_decode_b1::9,PushPop,78959,78959,1,1,2304,2304.0,2304.0,2304,2304,0.0,"void at::native::vectorized_elementwise_kernel<(int)4, at::native::BinaryFunctor<float, float, float, at::native::binary_internal::MulFunctor<float>>, std::array<char *, (unsigned long)3>>(int, T2, T3)"
reference_iteration::residual_rms_decode_b1::9,PushPop,78959,78959,1,1,2208,2208.0,2208.0,2208,2208,0.0,"void at::native::vectorized_elementwise_kernel<(int)4, at::native::CUDAFunctor_add<float>, std::array<char *, (unsigned long)3>>(int, T2, T3)"
reference_iteration::residual_rms_decode_b1::9,PushPop,78959,78959,1,1,2112,2112.0,2112.0,2112,2112,0.0,"void at::native::vectorized_elementwise_kernel<(int)4, at::native::CUDAFunctorOnSelf_add<float>, std::array<char *, (unsigned long)2>>(int, T2, T3)"
reference_iteration::residual_rms_decode_b32::0,PushPop,78959,78959,1,3,54941,18313.7,23775.0,5951,25215,10730.6,"void at::native::unrolled_elementwise_kernel<at::native::direct_copy_kernel_cuda(at::TensorIteratorBase &)::[lambda() (instance 3)]::operator ()() const::[lambda() (instance 7)]::operator ()() const::[lambda(float) (instance 1)], std::array<char *, (unsigned long)2>, (int)4, TrivialOffsetCalculator<(int)1, unsigned int>, TrivialOffsetCalculator<(int)1, unsigned int>, at::native::memory::LoadWithCast<(int)1>, at::native::memory::StoreWithCast<(int)1>>(int, T1, T2, T4, T5, T6, T7)"
reference_iteration::residual_rms_decode_b32::0,PushPop,78959,78959,1,2,27008,13504.0,13504.0,13440,13568,90.5,"void at::native::elementwise_kernel<(int)128, (int)2, void at::native::gpu_kernel_impl_nocast<at::native::BinaryFunctor<float, float, float, at::native::binary_internal::MulFunctor<float>>>(at::TensorIteratorBase &, const T1 &)::[lambda(int) (instance 1)]>(int, T3)"
reference_iteration::residual_rms_decode_b32::0,PushPop,78959,78959,1,2,14367,7183.5,7183.5,4639,9728,3598.5,"void at::native::vectorized_elementwise_kernel<(int)4, at::native::float16_copy_kernel_cuda(at::TensorIteratorBase &)::[lambda(float) (instance 1)], std::array<char *, (unsigned long)2>>(int, T2, T3)"
reference_iteration::residual_rms_decode_b32::0,PushPop,78959,78959,1,1,13535,13535.0,13535.0,13535,13535,0.0,"void at::native::reduce_kernel<(int)512, (int)1, at::native::ReduceOp<float, at::native::MeanOps<float, float, float, float>, unsigned int, float, (int)4, (int)4>>(T3)"
reference_iteration::residual_rms_decode_b32::0,PushPop,78959,78959,1,1,13055,13055.0,13055.0,13055,13055,0.0,"void at::native::vectorized_elementwise_kernel<(int)4, at::native::CUDAFunctor_add<float>, std::array<char *, (unsigned long)3>>(int, T2, T3)"
reference_iteration::residual_rms_decode_b32::0,PushPop,78959,78959,1,1,5664,5664.0,5664.0,5664,5664,0.0,"void at::native::vectorized_elementwise_kernel<(int)4, void at::native::<unnamed>::pow_tensor_scalar_kernel_impl<float, float>(at::TensorIteratorBase &, T2)::[lambda(float) (instance 1)], std::array<char *, (unsigned long)2>>(int, T2, T3)"
reference_iteration::residual_rms_decode_b32::0,PushPop,78959,78959,1,1,3712,3712.0,3712.0,3712,3712,0.0,"void at::native::vectorized_elementwise_kernel<(int)4, at::native::rsqrt_kernel_cuda(at::TensorIteratorBase &)::[lambda() (instance 2)]::operator ()() const::[lambda() (instance 2)]::operator ()() const::[lambda(float) (instance 1)], std::array<char *, (unsigned long)2>>(int, T2, T3)"
reference_iteration::residual_rms_decode_b32::0,PushPop,78959,78959,1,1,2912,2912.0,2912.0,2912,2912,0.0,"void at::native::vectorized_elementwise_kernel<(int)4, at::native::CUDAFunctorOnSelf_add<float>, std::array<char *, (unsigned long)2>>(int, T2, T3)"
reference_iteration::residual_rms_decode_b32::1,PushPop,78959,78959,1,3,55806,18602.0,24703.0,5376,25727,11465.5,"void at::native::unrolled_elementwise_kernel<at::native::direct_copy_kernel_cuda(at::TensorIteratorBase &)::[lambda() (instance 3)]::operator ()() const::[lambda() (instance 7)]::operator ()() const::[lambda(float) (instance 1)], std::array<char *, (unsigned long)2>, (int)4, TrivialOffsetCalculator<(int)1, unsigned int>, TrivialOffsetCalculator<(int)1, unsigned int>, at::native::memory::LoadWithCast<(int)1>, at::native::memory::StoreWithCast<(int)1>>(int, T1, T2, T4, T5, T6, T7)"
reference_iteration::residual_rms_decode_b32::1,PushPop,78959,78959,1,2,27328,13664.0,13664.0,13664,13664,0.0,"void at::native::elementwise_kernel<(int)128, (int)2, void at::native::gpu_kernel_impl_nocast<at::native::BinaryFunctor<float, float, float, at::native::binary_internal::MulFunctor<float>>>(at::TensorIteratorBase &, const T1 &)::[lambda(int) (instance 1)]>(int, T3)"
reference_iteration::residual_rms_decode_b32::1,PushPop,78959,78959,1,2,14271,7135.5,7135.5,4512,9759,3710.2,"void at::native::vectorized_elementwise_kernel<(int)4, at::native::float16_copy_kernel_cuda(at::TensorIteratorBase &)::[lambda(float) (instance 1)], std::array<char *, (unsigned long)2>>(int, T2, T3)"
reference_iteration::residual_rms_decode_b32::1,PushPop,78959,78959,1,1,13119,13119.0,13119.0,13119,13119,0.0,"void at::native::vectorized_elementwise_kernel<(int)4, at::native::CUDAFunctor_add<float>, std::array<char *, (unsigned long)3>>(int, T2, T3)"
reference_iteration::residual_rms_decode_b32::1,PushPop,78959,78959,1,1,11904,11904.0,11904.0,11904,11904,0.0,"void at::native::reduce_kernel<(int)512, (int)1, at::native::ReduceOp<float, at::native::MeanOps<float, float, float, float>, unsigned int, float, (int)4, (int)4>>(T3)"
reference_iteration::residual_rms_decode_b32::1,PushPop,78959,78959,1,1,5792,5792.0,5792.0,5792,5792,0.0,"void at::native::vectorized_elementwise_kernel<(int)4, void at::native::<unnamed>::pow_tensor_scalar_kernel_impl<float, float>(at::TensorIteratorBase &, T2)::[lambda(float) (instance 1)], std::array<char *, (unsigned long)2>>(int, T2, T3)"
reference_iteration::residual_rms_decode_b32::1,PushPop,78959,78959,1,1,3231,3231.0,3231.0,3231,3231,0.0,"void at::native::vectorized_elementwise_kernel<(int)4, at::native::rsqrt_kernel_cuda(at::TensorIteratorBase &)::[lambda() (instance 2)]::operator ()() const::[lambda() (instance 2)]::operator ()() const::[lambda(float) (instance 1)], std::array<char *, (unsigned long)2>>(int, T2, T3)"
reference_iteration::residual_rms_decode_b32::1,PushPop,78959,78959,1,1,2591,2591.0,2591.0,2591,2591,0.0,"void at::native::vectorized_elementwise_kernel<(int)4, at::native::CUDAFunctorOnSelf_add<float>, std::array<char *, (unsigned long)2>>(int, T2, T3)"
reference_iteration::residual_rms_decode_b32::10,PushPop,78959,78959,1,3,55646,18548.7,24991.0,5632,25023,11186.2,"void at::native::unrolled_elementwise_kernel<at::native::direct_copy_kernel_cuda(at::TensorIteratorBase &)::[lambda() (instance 3)]::operator ()() const::[lambda() (instance 7)]::operator ()() const::[lambda(float) (instance 1)], std::array<char *, (unsigned long)2>, (int)4, TrivialOffsetCalculator<(int)1, unsigned int>, TrivialOffsetCalculator<(int)1, unsigned int>, at::native::memory::LoadWithCast<(int)1>, at::native::memory::StoreWithCast<(int)1>>(int, T1, T2, T4, T5, T6, T7)"
reference_iteration::residual_rms_decode_b32::10,PushPop,78959,78959,1,2,26944,13472.0,13472.0,13472,13472,0.0,"void at::native::elementwise_kernel<(int)128, (int)2, void at::native::gpu_kernel_impl_nocast<at::native::BinaryFunctor<float, float, float, at::native::binary_internal::MulFunctor<float>>>(at::TensorIteratorBase &, const T1 &)::[lambda(int) (instance 1)]>(int, T3)"
reference_iteration::residual_rms_decode_b32::10,PushPop,78959,78959,1,2,14143,7071.5,7071.5,4448,9695,3710.2,"void at::native::vectorized_elementwise_kernel<(int)4, at::native::float16_copy_kernel_cuda(at::TensorIteratorBase &)::[lambda(float) (instance 1)], std::array<char *, (unsigned long)2>>(int, T2, T3)"
reference_iteration::residual_rms_decode_b32::10,PushPop,78959,78959,1,1,12575,12575.0,12575.0,12575,12575,0.0,"void at::native::vectorized_elementwise_kernel<(int)4, at::native::CUDAFunctor_add<float>, std::array<char *, (unsigned long)3>>(int, T2, T3)"
reference_iteration::residual_rms_decode_b32::10,PushPop,78959,78959,1,1,11616,11616.0,11616.0,11616,11616,0.0,"void at::native::reduce_kernel<(int)512, (int)1, at::native::ReduceOp<float, at::native::MeanOps<float, float, float, float>, unsigned int, float, (int)4, (int)4>>(T3)"
reference_iteration::residual_rms_decode_b32::10,PushPop,78959,78959,1,1,5728,5728.0,5728.0,5728,5728,0.0,"void at::native::vectorized_elementwise_kernel<(int)4, void at::native::<unnamed>::pow_tensor_scalar_kernel_impl<float, float>(at::TensorIteratorBase &, T2)::[lambda(float) (instance 1)], std::array<char *, (unsigned long)2>>(int, T2, T3)"
reference_iteration::residual_rms_decode_b32::10,PushPop,78959,78959,1,1,3232,3232.0,3232.0,3232,3232,0.0,"void at::native::vectorized_elementwise_kernel<(int)4, at::native::rsqrt_kernel_cuda(at::TensorIteratorBase &)::[lambda() (instance 2)]::operator ()() const::[lambda() (instance 2)]::operator ()() const::[lambda(float) (instance 1)], std::array<char *, (unsigned long)2>>(int, T2, T3)"
reference_iteration::residual_rms_decode_b32::10,PushPop,78959,78959,1,1,2560,2560.0,2560.0,2560,2560,0.0,"void at::native::vectorized_elementwise_kernel<(int)4, at::native::CUDAFunctorOnSelf_add<float>, std::array<char *, (unsigned long)2>>(int, T2, T3)"
reference_iteration::residual_rms_decode_b32::11,PushPop,78959,78959,1,3,55198,18399.3,24735.0,5248,25215,11391.9,"void at::native::unrolled_elementwise_kernel<at::native::direct_copy_kernel_cuda(at::TensorIteratorBase &)::[lambda() (instance 3)]::operator ()() const::[lambda() (instance 7)]::operator ()() const::[lambda(float) (instance 1)], std::array<char *, (unsigned long)2>, (int)4, TrivialOffsetCalculator<(int)1, unsigned int>, TrivialOffsetCalculator<(int)1, unsigned int>, at::native::memory::LoadWithCast<(int)1>, at::native::memory::StoreWithCast<(int)1>>(int, T1, T2, T4, T5, T6, T7)"
reference_iteration::residual_rms_decode_b32::11,PushPop,78959,78959,1,2,27391,13695.5,13695.5,13503,13888,272.2,"void at::native::elementwise_kernel<(int)128, (int)2, void at::native::gpu_kernel_impl_nocast<at::native::BinaryFunctor<float, float, float, at::native::binary_internal::MulFunctor<float>>>(at::TensorIteratorBase &, const T1 &)::[lambda(int) (instance 1)]>(int, T3)"
reference_iteration::residual_rms_decode_b32::11,PushPop,78959,78959,1,2,14271,7135.5,7135.5,4512,9759,3710.2,"void at::native::vectorized_elementwise_kernel<(int)4, at::native::float16_copy_kernel_cuda(at::TensorIteratorBase &)::[lambda(float) (instance 1)], std::array<char *, (unsigned long)2>>(int, T2, T3)"
reference_iteration::residual_rms_decode_b32::11,PushPop,78959,78959,1,1,12608,12608.0,12608.0,12608,12608,0.0,"void at::native::vectorized_elementwise_kernel<(int)4, at::native::CUDAFunctor_add<float>, std::array<char *, (unsigned long)3>>(int, T2, T3)"
reference_iteration::residual_rms_decode_b32::11,PushPop,78959,78959,1,1,11456,11456.0,11456.0,11456,11456,0.0,"void at::native::reduce_kernel<(int)512, (int)1, at::native::ReduceOp<float, at::native::MeanOps<float, float, float, float>, unsigned int, float, (int)4, (int)4>>(T3)"
reference_iteration::residual_rms_decode_b32::11,PushPop,78959,78959,1,1,5727,5727.0,5727.0,5727,5727,0.0,"void at::native::vectorized_elementwise_kernel<(int)4, void at::native::<unnamed>::pow_tensor_scalar_kernel_impl<float, float>(at::TensorIteratorBase &, T2)::[lambda(float) (instance 1)], std::array<char *, (unsigned long)2>>(int, T2, T3)"
reference_iteration::residual_rms_decode_b32::11,PushPop,78959,78959,1,1,3231,3231.0,3231.0,3231,3231,0.0,"void at::native::vectorized_elementwise_kernel<(int)4, at::native::rsqrt_kernel_cuda(at::TensorIteratorBase &)::[lambda() (instance 2)]::operator ()() const::[lambda() (instance 2)]::operator ()() const::[lambda(float) (instance 1)], std::array<char *, (unsigned long)2>>(int, T2, T3)"
reference_iteration::residual_rms_decode_b32::11,PushPop,78959,78959,1,1,2592,2592.0,2592.0,2592,2592,0.0,"void at::native::vectorized_elementwise_kernel<(int)4, at::native::CUDAFunctorOnSelf_add<float>, std::array<char *, (unsigned long)2>>(int, T2, T3)"
reference_iteration::residual_rms_decode_b32::2,PushPop,78959,78959,1,3,55134,18378.0,24703.0,5632,24799,11038.5,"void at::native::unrolled_elementwise_kernel<at::native::direct_copy_kernel_cuda(at::TensorIteratorBase &)::[lambda() (instance 3)]::operator ()() const::[lambda() (instance 7)]::operator ()() const::[lambda(float) (instance 1)], std::array<char *, (unsigned long)2>, (int)4, TrivialOffsetCalculator<(int)1, unsigned int>, TrivialOffsetCalculator<(int)1, unsigned int>, at::native::memory::LoadWithCast<(int)1>, at::native::memory::StoreWithCast<(int)1>>(int, T1, T2, T4, T5, T6, T7)"
reference_iteration::residual_rms_decode_b32::2,PushPop,78959,78959,1,2,27199,13599.5,13599.5,13535,13664,91.2,"void at::native::elementwise_kernel<(int)128, (int)2, void at::native::gpu_kernel_impl_nocast<at::native::BinaryFunctor<float, float, float, at::native::binary_internal::MulFunctor<float>>>(at::TensorIteratorBase &, const T1 &)::[lambda(int) (instance 1)]>(int, T3)"
reference_iteration::residual_rms_decode_b32::2,PushPop,78959,78959,1,2,14432,7216.0,7216.0,4512,9920,3824.0,"void at::native::vectorized_elementwise_kernel<(int)4, at::native::float16_copy_kernel_cuda(at::TensorIteratorBase &)::[lambda(float) (instance 1)], std::array<char *, (unsigned long)2>>(int, T2, T3)"
reference_iteration::residual_rms_decode_b32::2,PushPop,78959,78959,1,1,12384,12384.0,12384.0,12384,12384,0.0,"void at::native::vectorized_elementwise_kernel<(int)4, at::native::CUDAFunctor_add<float>, std::array<char *, (unsigned long)3>>(int, T2, T3)"
reference_iteration::residual_rms_decode_b32::2,PushPop,78959,78959,1,1,11456,11456.0,11456.0,11456,11456,0.0,"void at::native::reduce_kernel<(int)512, (int)1, at::native::ReduceOp<float, at::native::MeanOps<float, float, float, float>, unsigned int, float, (int)4, (int)4>>(T3)"
reference_iteration::residual_rms_decode_b32::2,PushPop,78959,78959,1,1,5375,5375.0,5375.0,5375,5375,0.0,"void at::native::vectorized_elementwise_kernel<(int)4, void at::native::<unnamed>::pow_tensor_scalar_kernel_impl<float, float>(at::TensorIteratorBase &, T2)::[lambda(float) (instance 1)], std::array<char *, (unsigned long)2>>(int, T2, T3)"
reference_iteration::residual_rms_decode_b32::2,PushPop,78959,78959,1,1,3231,3231.0,3231.0,3231,3231,0.0,"void at::native::vectorized_elementwise_kernel<(int)4, at::native::rsqrt_kernel_cuda(at::TensorIteratorBase &)::[lambda() (instance 2)]::operator ()() const::[lambda() (instance 2)]::operator ()() const::[lambda(float) (instance 1)], std::array<char *, (unsigned long)2>>(int, T2, T3)"
reference_iteration::residual_rms_decode_b32::2,PushPop,78959,78959,1,1,2592,2592.0,2592.0,2592,2592,0.0,"void at::native::vectorized_elementwise_kernel<(int)4, at::native::CUDAFunctorOnSelf_add<float>, std::array<char *, (unsigned long)2>>(int, T2, T3)"
reference_iteration::residual_rms_decode_b32::3,PushPop,78959,78959,1,3,56029,18676.3,24543.0,5216,26270,11688.9,"void at::native::unrolled_elementwise_kernel<at::native::direct_copy_kernel_cuda(at::TensorIteratorBase &)::[lambda() (instance 3)]::operator ()() const::[lambda() (instance 7)]::operator ()() const::[lambda(float) (instance 1)], std::array<char *, (unsigned long)2>, (int)4, TrivialOffsetCalculator<(int)1, unsigned int>, TrivialOffsetCalculator<(int)1, unsigned int>, at::native::memory::LoadWithCast<(int)1>, at::native::memory::StoreWithCast<(int)1>>(int, T1, T2, T4, T5, T6, T7)"
reference_iteration::residual_rms_decode_b32::3,PushPop,78959,78959,1,2,27102,13551.0,13551.0,13535,13567,22.6,"void at::native::elementwise_kernel<(int)128, (int)2, void at::native::gpu_kernel_impl_nocast<at::native::BinaryFunctor<float, float, float, at::native::binary_internal::MulFunctor<float>>>(at::TensorIteratorBase &, const T1 &)::[lambda(int) (instance 1)]>(int, T3)"
reference_iteration::residual_rms_decode_b32::3,PushPop,78959,78959,1,2,14208,7104.0,7104.0,4544,9664,3620.4,"void at::native::vectorized_elementwise_kernel<(int)4, at::native::float16_copy_kernel_cuda(at::TensorIteratorBase &)::[lambda(float) (instance 1)], std::array<char *, (unsigned long)2>>(int, T2, T3)"
reference_iteration::residual_rms_decode_b32::3,PushPop,78959,78959,1,1,13088,13088.0,13088.0,13088,13088,0.0,"void at::native::vectorized_elementwise_kernel<(int)4, at::native::CUDAFunctor_add<float>, std::array<char *, (unsigned long)3>>(int, T2, T3)"
reference_iteration::residual_rms_decode_b32::3,PushPop,78959,78959,1,1,11391,11391.0,11391.0,11391,11391,0.0,"void at::native::reduce_kernel<(int)512, (int)1, at::native::ReduceOp<float, at::native::MeanOps<float, float, float, float>, unsigned int, float, (int)4, (int)4>>(T3)"
reference_iteration::residual_rms_decode_b32::3,PushPop,78959,78959,1,1,5919,5919.0,5919.0,5919,5919,0.0,"void at::native::vectorized_elementwise_kernel<(int)4, void at::native::<unnamed>::pow_tensor_scalar_kernel_impl<float, float>(at::TensorIteratorBase &, T2)::[lambda(float) (instance 1)], std::array<char *, (unsigned long)2>>(int, T2, T3)"
reference_iteration::residual_rms_decode_b32::3,PushPop,78959,78959,1,1,3264,3264.0,3264.0,3264,3264,0.0,"void at::native::vectorized_elementwise_kernel<(int)4, at::native::rsqrt_kernel_cuda(at::TensorIteratorBase &)::[lambda() (instance 2)]::operator ()() const::[lambda() (instance 2)]::operator ()() const::[lambda(float) (instance 1)], std::array<char *, (unsigned long)2>>(int, T2, T3)"
reference_iteration::residual_rms_decode_b32::3,PushPop,78959,78959,1,1,2592,2592.0,2592.0,2592,2592,0.0,"void at::native::vectorized_elementwise_kernel<(int)4, at::native::CUDAFunctorOnSelf_add<float>, std::array<char *, (unsigned long)2>>(int, T2, T3)"
reference_iteration::residual_rms_decode_b32::4,PushPop,78959,78959,1,3,55902,18634.0,24543.0,5632,25727,11275.6,"void at::native::unrolled_elementwise_kernel<at::native::direct_copy_kernel_cuda(at::TensorIteratorBase &)::[lambda() (instance 3)]::operator ()() const::[lambda() (instance 7)]::operator ()() const::[lambda(float) (instance 1)], std::array<char *, (unsigned long)2>, (int)4, TrivialOffsetCalculator<(int)1, unsigned int>, TrivialOffsetCalculator<(int)1, unsigned int>, at::native::memory::LoadWithCast<(int)1>, at::native::memory::StoreWithCast<(int)1>>(int, T1, T2, T4, T5, T6, T7)"
reference_iteration::residual_rms_decode_b32::4,PushPop,78959,78959,1,2,26943,13471.5,13471.5,13312,13631,225.6,"void at::native::elementwise_kernel<(int)128, (int)2, void at::native::gpu_kernel_impl_nocast<at::native::BinaryFunctor<float, float, float, at::native::binary_internal::MulFunctor<float>>>(at::TensorIteratorBase &, const T1 &)::[lambda(int) (instance 1)]>(int, T3)"
reference_iteration::residual_rms_decode_b32::4,PushPop,78959,78959,1,2,14271,7135.5,7135.5,4607,9664,3575.8,"void at::native::vectorized_elementwise_kernel<(int)4, at::native::float16_copy_kernel_cuda(at::TensorIteratorBase &)::[lambda(float) (instance 1)], std::array<char *, (unsigned long)2>>(int, T2, T3)"
reference_iteration::residual_rms_decode_b32::4,PushPop,78959,78959,1,1,12703,12703.0,12703.0,12703,12703,0.0,"void at::native::vectorized_elementwise_kernel<(int)4, at::native::CUDAFunctor_add<float>, std::array<char *, (unsigned long)3>>(int, T2, T3)"
reference_iteration::residual_rms_decode_b32::4,PushPop,78959,78959,1,1,11775,11775.0,11775.0,11775,11775,0.0,"void at::native::reduce_kernel<(int)512, (int)1, at::native::ReduceOp<float, at::native::MeanOps<float, float, float, float>, unsigned int, float, (int)4, (int)4>>(T3)"
reference_iteration::residual_rms_decode_b32::4,PushPop,78959,78959,1,1,5856,5856.0,5856.0,5856,5856,0.0,"void at::native::vectorized_elementwise_kernel<(int)4, void at::native::<unnamed>::pow_tensor_scalar_kernel_impl<float, float>(at::TensorIteratorBase &, T2)::[lambda(float) (instance 1)], std::array<char *, (unsigned long)2>>(int, T2, T3)"
reference_iteration::residual_rms_decode_b32::4,PushPop,78959,78959,1,1,3232,3232.0,3232.0,3232,3232,0.0,"void at::native::vectorized_elementwise_kernel<(int)4, at::native::rsqrt_kernel_cuda(at::TensorIteratorBase &)::[lambda() (instance 2)]::operator ()() const::[lambda() (instance 2)]::operator ()() const::[lambda(float) (instance 1)], std::array<char *, (unsigned long)2>>(int, T2, T3)"
reference_iteration::residual_rms_decode_b32::4,PushPop,78959,78959,1,1,2592,2592.0,2592.0,2592,2592,0.0,"void at::native::vectorized_elementwise_kernel<(int)4, at::native::CUDAFunctorOnSelf_add<float>, std::array<char *, (unsigned long)2>>(int, T2, T3)"
reference_iteration::residual_rms_decode_b32::5,PushPop,78959,78959,1,3,55197,18399.0,24735.0,5247,25215,11392.5,"void at::native::unrolled_elementwise_kernel<at::native::direct_copy_kernel_cuda(at::TensorIteratorBase &)::[lambda() (instance 3)]::operator ()() const::[lambda() (instance 7)]::operator ()() const::[lambda(float) (instance 1)], std::array<char *, (unsigned long)2>, (int)4, TrivialOffsetCalculator<(int)1, unsigned int>, TrivialOffsetCalculator<(int)1, unsigned int>, at::native::memory::LoadWithCast<(int)1>, at::native::memory::StoreWithCast<(int)1>>(int, T1, T2, T4, T5, T6, T7)"
reference_iteration::residual_rms_decode_b32::5,PushPop,78959,78959,1,2,27200,13600.0,13600.0,13440,13760,226.3,"void at::native::elementwise_kernel<(int)128, (int)2, void at::native::gpu_kernel_impl_nocast<at::native::BinaryFunctor<float, float, float, at::native::binary_internal::MulFunctor<float>>>(at::TensorIteratorBase &, const T1 &)::[lambda(int) (instance 1)]>(int, T3)"
reference_iteration::residual_rms_decode_b32::5,PushPop,78959,78959,1,2,14206,7103.0,7103.0,4479,9727,3710.9,"void at::native::vectorized_elementwise_kernel<(int)4, at::native::float16_copy_kernel_cuda(at::TensorIteratorBase &)::[lambda(float) (instance 1)], std::array<char *, (unsigned long)2>>(int, T2, T3)"
reference_iteration::residual_rms_decode_b32::5,PushPop,78959,78959,1,1,12511,12511.0,12511.0,12511,12511,0.0,"void at::native::vectorized_elementwise_kernel<(int)4, at::native::CUDAFunctor_add<float>, std::array<char *, (unsigned long)3>>(int, T2, T3)"
reference_iteration::residual_rms_decode_b32::5,PushPop,78959,78959,1,1,11776,11776.0,11776.0,11776,11776,0.0,"void at::native::reduce_kernel<(int)512, (int)1, at::native::ReduceOp<float, at::native::MeanOps<float, float, float, float>, unsigned int, float, (int)4, (int)4>>(T3)"
reference_iteration::residual_rms_decode_b32::5,PushPop,78959,78959,1,1,5536,5536.0,5536.0,5536,5536,0.0,"void at::native::vectorized_elementwise_kernel<(int)4, void at::native::<unnamed>::pow_tensor_scalar_kernel_impl<float, float>(at::TensorIteratorBase &, T2)::[lambda(float) (instance 1)], std::array<char *, (unsigned long)2>>(int, T2, T3)"
reference_iteration::residual_rms_decode_b32::5,PushPop,78959,78959,1,1,3200,3200.0,3200.0,3200,3200,0.0,"void at::native::vectorized_elementwise_kernel<(int)4, at::native::rsqrt_kernel_cuda(at::TensorIteratorBase &)::[lambda() (instance 2)]::operator ()() const::[lambda() (instance 2)]::operator ()() const::[lambda(float) (instance 1)], std::array<char *, (unsigned long)2>>(int, T2, T3)"
reference_iteration::residual_rms_decode_b32::5,PushPop,78959,78959,1,1,2751,2751.0,2751.0,2751,2751,0.0,"void at::native::vectorized_elementwise_kernel<(int)4, at::native::CUDAFunctorOnSelf_add<float>, std::array<char *, (unsigned long)2>>(int, T2, T3)"
reference_iteration::residual_rms_decode_b32::6,PushPop,78959,78959,1,3,55486,18495.3,24543.0,5504,25439,11259.7,"void at::native::unrolled_elementwise_kernel<at::native::direct_copy_kernel_cuda(at::TensorIteratorBase &)::[lambda() (instance 3)]::operator ()() const::[lambda() (instance 7)]::operator ()() const::[lambda(float) (instance 1)], std::array<char *, (unsigned long)2>, (int)4, TrivialOffsetCalculator<(int)1, unsigned int>, TrivialOffsetCalculator<(int)1, unsigned int>, at::native::memory::LoadWithCast<(int)1>, at::native::memory::StoreWithCast<(int)1>>(int, T1, T2, T4, T5, T6, T7)"
reference_iteration::residual_rms_decode_b32::6,PushPop,78959,78959,1,2,27199,13599.5,13599.5,13599,13600,0.7,"void at::native::elementwise_kernel<(int)128, (int)2, void at::native::gpu_kernel_impl_nocast<at::native::BinaryFunctor<float, float, float, at::native::binary_internal::MulFunctor<float>>>(at::TensorIteratorBase &, const T1 &)::[lambda(int) (instance 1)]>(int, T3)"
reference_iteration::residual_rms_decode_b32::6,PushPop,78959,78959,1,2,14463,7231.5,7231.5,4448,10015,3936.5,"void at::native::vectorized_elementwise_kernel<(int)4, at::native::float16_copy_kernel_cuda(at::TensorIteratorBase &)::[lambda(float) (instance 1)], std::array<char *, (unsigned long)2>>(int, T2, T3)"
reference_iteration::residual_rms_decode_b32::6,PushPop,78959,78959,1,1,12928,12928.0,12928.0,12928,12928,0.0,"void at::native::vectorized_elementwise_kernel<(int)4, at::native::CUDAFunctor_add<float>, std::array<char *, (unsigned long)3>>(int, T2, T3)"
reference_iteration::residual_rms_decode_b32::6,PushPop,78959,78959,1,1,11392,11392.0,11392.0,11392,11392,0.0,"void at::native::reduce_kernel<(int)512, (int)1, at::native::ReduceOp<float, at::native::MeanOps<float, float, float, float>, unsigned int, float, (int)4, (int)4>>(T3)"
reference_iteration::residual_rms_decode_b32::6,PushPop,78959,78959,1,1,6303,6303.0,6303.0,6303,6303,0.0,"void at::native::vectorized_elementwise_kernel<(int)4, void at::native::<unnamed>::pow_tensor_scalar_kernel_impl<float, float>(at::TensorIteratorBase &, T2)::[lambda(float) (instance 1)], std::array<char *, (unsigned long)2>>(int, T2, T3)"
reference_iteration::residual_rms_decode_b32::6,PushPop,78959,78959,1,1,3007,3007.0,3007.0,3007,3007,0.0,"void at::native::vectorized_elementwise_kernel<(int)4, at::native::rsqrt_kernel_cuda(at::TensorIteratorBase &)::[lambda() (instance 2)]::operator ()() const::[lambda() (instance 2)]::operator ()() const::[lambda(float) (instance 1)], std::array<char *, (unsigned long)2>>(int, T2, T3)"
reference_iteration::residual_rms_decode_b32::6,PushPop,78959,78959,1,1,2591,2591.0,2591.0,2591,2591,0.0,"void at::native::vectorized_elementwise_kernel<(int)4, at::native::CUDAFunctorOnSelf_add<float>, std::array<char *, (unsigned long)2>>(int, T2, T3)"
reference_iteration::residual_rms_decode_b32::7,PushPop,78959,78959,1,3,54718,18239.3,23999.0,5408,25311,11131.6,"void at::native::unrolled_elementwise_kernel<at::native::direct_copy_kernel_cuda(at::TensorIteratorBase &)::[lambda() (instance 3)]::operator ()() const::[lambda() (instance 7)]::operator ()() const::[lambda(float) (instance 1)], std::array<char *, (unsigned long)2>, (int)4, TrivialOffsetCalculator<(int)1, unsigned int>, TrivialOffsetCalculator<(int)1, unsigned int>, at::native::memory::LoadWithCast<(int)1>, at::native::memory::StoreWithCast<(int)1>>(int, T1, T2, T4, T5, T6, T7)"
reference_iteration::residual_rms_decode_b32::7,PushPop,78959,78959,1,2,27454,13727.0,13727.0,13695,13759,45.3,"void at::native::elementwise_kernel<(int)128, (int)2, void at::native::gpu_kernel_impl_nocast<at::native::BinaryFunctor<float, float, float, at::native::binary_internal::MulFunctor<float>>>(at::TensorIteratorBase &, const T1 &)::[lambda(int) (instance 1)]>(int, T3)"
reference_iteration::residual_rms_decode_b32::7,PushPop,78959,78959,1,2,13984,6992.0,6992.0,4544,9440,3462.0,"void at::native::vectorized_elementwise_kernel<(int)4, at::native::float16_copy_kernel_cuda(at::TensorIteratorBase &)::[lambda(float) (instance 1)], std::array<char *, (unsigned long)2>>(int, T2, T3)"
reference_iteration::residual_rms_decode_b32::7,PushPop,78959,78959,1,1,12160,12160.0,12160.0,12160,12160,0.0,"void at::native::vectorized_elementwise_kernel<(int)4, at::native::CUDAFunctor_add<float>, std::array<char *, (unsigned long)3>>(int, T2, T3)"
reference_iteration::residual_rms_decode_b32::7,PushPop,78959,78959,1,1,11424,11424.0,11424.0,11424,11424,0.0,"void at::native::reduce_kernel<(int)512, (int)1, at::native::ReduceOp<float, at::native::MeanOps<float, float, float, float>, unsigned int, float, (int)4, (int)4>>(T3)"
reference_iteration::residual_rms_decode_b32::7,PushPop,78959,78959,1,1,5599,5599.0,5599.0,5599,5599,0.0,"void at::native::vectorized_elementwise_kernel<(int)4, void at::native::<unnamed>::pow_tensor_scalar_kernel_impl<float, float>(at::TensorIteratorBase &, T2)::[lambda(float) (instance 1)], std::array<char *, (unsigned long)2>>(int, T2, T3)"
reference_iteration::residual_rms_decode_b32::7,PushPop,78959,78959,1,1,3232,3232.0,3232.0,3232,3232,0.0,"void at::native::vectorized_elementwise_kernel<(int)4, at::native::rsqrt_kernel_cuda(at::TensorIteratorBase &)::[lambda() (instance 2)]::operator ()() const::[lambda() (instance 2)]::operator ()() const::[lambda(float) (instance 1)], std::array<char *, (unsigned long)2>>(int, T2, T3)"
reference_iteration::residual_rms_decode_b32::7,PushPop,78959,78959,1,1,2592,2592.0,2592.0,2592,2592,0.0,"void at::native::vectorized_elementwise_kernel<(int)4, at::native::CUDAFunctorOnSelf_add<float>, std::array<char *, (unsigned long)2>>(int, T2, T3)"
reference_iteration::residual_rms_decode_b32::8,PushPop,78959,78959,1,3,55069,18356.3,23679.0,5696,25694,11010.4,"void at::native::unrolled_elementwise_kernel<at::native::direct_copy_kernel_cuda(at::TensorIteratorBase &)::[lambda() (instance 3)]::operator ()() const::[lambda() (instance 7)]::operator ()() const::[lambda(float) (instance 1)], std::array<char *, (unsigned long)2>, (int)4, TrivialOffsetCalculator<(int)1, unsigned int>, TrivialOffsetCalculator<(int)1, unsigned int>, at::native::memory::LoadWithCast<(int)1>, at::native::memory::StoreWithCast<(int)1>>(int, T1, T2, T4, T5, T6, T7)"
reference_iteration::residual_rms_decode_b32::8,PushPop,78959,78959,1,2,27166,13583.0,13583.0,13471,13695,158.4,"void at::native::elementwise_kernel<(int)128, (int)2, void at::native::gpu_kernel_impl_nocast<at::native::BinaryFunctor<float, float, float, at::native::binary_internal::MulFunctor<float>>>(at::TensorIteratorBase &, const T1 &)::[lambda(int) (instance 1)]>(int, T3)"
reference_iteration::residual_rms_decode_b32::8,PushPop,78959,78959,1,2,14240,7120.0,7120.0,4576,9664,3597.8,"void at::native::vectorized_elementwise_kernel<(int)4, at::native::float16_copy_kernel_cuda(at::TensorIteratorBase &)::[lambda(float) (instance 1)], std::array<char *, (unsigned long)2>>(int, T2, T3)"
reference_iteration::residual_rms_decode_b32::8,PushPop,78959,78959,1,1,12832,12832.0,12832.0,12832,12832,0.0,"void at::native::vectorized_elementwise_kernel<(int)4, at::native::CUDAFunctor_add<float>, std::array<char *, (unsigned long)3>>(int, T2, T3)"
reference_iteration::residual_rms_decode_b32::8,PushPop,78959,78959,1,1,11743,11743.0,11743.0,11743,11743,0.0,"void at::native::reduce_kernel<(int)512, (int)1, at::native::ReduceOp<float, at::native::MeanOps<float, float, float, float>, unsigned int, float, (int)4, (int)4>>(T3)"
reference_iteration::residual_rms_decode_b32::8,PushPop,78959,78959,1,1,5792,5792.0,5792.0,5792,5792,0.0,"void at::native::vectorized_elementwise_kernel<(int)4, void at::native::<unnamed>::pow_tensor_scalar_kernel_impl<float, float>(at::TensorIteratorBase &, T2)::[lambda(float) (instance 1)], std::array<char *, (unsigned long)2>>(int, T2, T3)"
reference_iteration::residual_rms_decode_b32::8,PushPop,78959,78959,1,1,3264,3264.0,3264.0,3264,3264,0.0,"void at::native::vectorized_elementwise_kernel<(int)4, at::native::rsqrt_kernel_cuda(at::TensorIteratorBase &)::[lambda() (instance 2)]::operator ()() const::[lambda() (instance 2)]::operator ()() const::[lambda(float) (instance 1)], std::array<char *, (unsigned long)2>>(int, T2, T3)"
reference_iteration::residual_rms_decode_b32::8,PushPop,78959,78959,1,1,2592,2592.0,2592.0,2592,2592,0.0,"void at::native::vectorized_elementwise_kernel<(int)4, at::native::CUDAFunctorOnSelf_add<float>, std::array<char *, (unsigned long)2>>(int, T2, T3)"
reference_iteration::residual_rms_decode_b32::9,PushPop,78959,78959,1,3,54525,18175.0,24031.0,5023,25471,11412.7,"void at::native::unrolled_elementwise_kernel<at::native::direct_copy_kernel_cuda(at::TensorIteratorBase &)::[lambda() (instance 3)]::operator ()() const::[lambda() (instance 7)]::operator ()() const::[lambda(float) (instance 1)], std::array<char *, (unsigned long)2>, (int)4, TrivialOffsetCalculator<(int)1, unsigned int>, TrivialOffsetCalculator<(int)1, unsigned int>, at::native::memory::LoadWithCast<(int)1>, at::native::memory::StoreWithCast<(int)1>>(int, T1, T2, T4, T5, T6, T7)"
reference_iteration::residual_rms_decode_b32::9,PushPop,78959,78959,1,2,27456,13728.0,13728.0,13664,13792,90.5,"void at::native::elementwise_kernel<(int)128, (int)2, void at::native::gpu_kernel_impl_nocast<at::native::BinaryFunctor<float, float, float, at::native::binary_internal::MulFunctor<float>>>(at::TensorIteratorBase &, const T1 &)::[lambda(int) (instance 1)]>(int, T3)"
reference_iteration::residual_rms_decode_b32::9,PushPop,78959,78959,1,2,14431,7215.5,7215.5,4351,10080,4051.0,"void at::native::vectorized_elementwise_kernel<(int)4, at::native::float16_copy_kernel_cuda(at::TensorIteratorBase &)::[lambda(float) (instance 1)], std::array<char *, (unsigned long)2>>(int, T2, T3)"
reference_iteration::residual_rms_decode_b32::9,PushPop,78959,78959,1,1,13087,13087.0,13087.0,13087,13087,0.0,"void at::native::vectorized_elementwise_kernel<(int)4, at::native::CUDAFunctor_add<float>, std::array<char *, (unsigned long)3>>(int, T2, T3)"
reference_iteration::residual_rms_decode_b32::9,PushPop,78959,78959,1,1,11583,11583.0,11583.0,11583,11583,0.0,"void at::native::reduce_kernel<(int)512, (int)1, at::native::ReduceOp<float, at::native::MeanOps<float, float, float, float>, unsigned int, float, (int)4, (int)4>>(T3)"
reference_iteration::residual_rms_decode_b32::9,PushPop,78959,78959,1,1,5984,5984.0,5984.0,5984,5984,0.0,"void at::native::vectorized_elementwise_kernel<(int)4, void at::native::<unnamed>::pow_tensor_scalar_kernel_impl<float, float>(at::TensorIteratorBase &, T2)::[lambda(float) (instance 1)], std::array<char *, (unsigned long)2>>(int, T2, T3)"
reference_iteration::residual_rms_decode_b32::9,PushPop,78959,78959,1,1,2944,2944.0,2944.0,2944,2944,0.0,"void at::native::vectorized_elementwise_kernel<(int)4, at::native::rsqrt_kernel_cuda(at::TensorIteratorBase &)::[lambda() (instance 2)]::operator ()() const::[lambda() (instance 2)]::operator ()() const::[lambda(float) (instance 1)], std::array<char *, (unsigned long)2>>(int, T2, T3)"
reference_iteration::residual_rms_decode_b32::9,PushPop,78959,78959,1,1,2560,2560.0,2560.0,2560,2560,0.0,"void at::native::vectorized_elementwise_kernel<(int)4, at::native::CUDAFunctorOnSelf_add<float>, std::array<char *, (unsigned long)2>>(int, T2, T3)"
reference_iteration::rms_quant_decode_b32::0,PushPop,78959,78959,1,3,51262,17087.3,22847.0,5472,22943,10059.3,"void at::native::unrolled_elementwise_kernel<at::native::direct_copy_kernel_cuda(at::TensorIteratorBase &)::[lambda() (instance 3)]::operator ()() const::[lambda() (instance 7)]::operator ()() const::[lambda(float) (instance 1)], std::array<char *, (unsigned long)2>, (int)4, TrivialOffsetCalculator<(int)1, unsigned int>, TrivialOffsetCalculator<(int)1, unsigned int>, at::native::memory::LoadWithCast<(int)1>, at::native::memory::StoreWithCast<(int)1>>(int, T1, T2, T4, T5, T6, T7)"
reference_iteration::rms_quant_decode_b32::0,PushPop,78959,78959,1,2,27006,13503.0,13503.0,13471,13535,45.3,"void at::native::elementwise_kernel<(int)128, (int)2, void at::native::gpu_kernel_impl_nocast<at::native::BinaryFunctor<float, float, float, at::native::binary_internal::MulFunctor<float>>>(at::TensorIteratorBase &, const T1 &)::[lambda(int) (instance 1)]>(int, T3)"
reference_iteration::rms_quant_decode_b32::0,PushPop,78959,78959,1,1,15519,15519.0,15519.0,15519,15519,0.0,"void at::native::elementwise_kernel<(int)128, (int)2, void at::native::gpu_kernel_impl_nocast<at::native::BinaryFunctor<float, float, float, at::native::binary_internal::DivFunctor<float>>>(at::TensorIteratorBase &, const T1 &)::[lambda(int) (instance 1)]>(int, T3)"
reference_iteration::rms_quant_decode_b32::0,PushPop,78959,78959,1,1,15519,15519.0,15519.0,15519,15519,0.0,"void at::native::unrolled_elementwise_kernel<at::native::direct_copy_kernel_cuda(at::TensorIteratorBase &)::[lambda() (instance 3)]::operator ()() const::[lambda() (instance 2)]::operator ()() const::[lambda(signed char) (instance 1)], std::array<char *, (unsigned long)2>, (int)4, TrivialOffsetCalculator<(int)1, unsigned int>, TrivialOffsetCalculator<(int)1, unsigned int>, at::native::memory::LoadWithCast<(int)1>, at::native::memory::StoreWithCast<(int)1>>(int, T1, T2, T4, T5, T6, T7)"
reference_iteration::rms_quant_decode_b32::0,PushPop,78959,78959,1,1,13952,13952.0,13952.0,13952,13952,0.0,"void at::native::reduce_kernel<(int)512, (int)1, at::native::ReduceOp<float, at::native::func_wrapper_t<float, at::native::MaxNanFunctor<float>>, unsigned int, float, (int)4, (int)4>>(T3)"
reference_iteration::rms_quant_decode_b32::0,PushPop,78959,78959,1,1,11968,11968.0,11968.0,11968,11968,0.0,"void at::native::reduce_kernel<(int)512, (int)1, at::native::ReduceOp<float, at::native::MeanOps<float, float, float, float>, unsigned int, float, (int)4, (int)4>>(T3)"
reference_iteration::rms_quant_decode_b32::0,PushPop,78959,78959,1,2,10944,5472.0,5472.0,3904,7040,2217.5,"void at::native::vectorized_elementwise_kernel<(int)4, at::native::<unnamed>::launch_clamp_scalar(at::TensorIteratorBase &, c10::Scalar, c10::Scalar, at::native::detail::ClampLimits)::[lambda() (instance 1)]::operator ()() const::[lambda() (instance 7)]::operator ()() const::[lambda(float) (instance 1)], std::array<char *, (unsigned long)2>>(int, T2, T3)"
reference_iteration::rms_quant_decode_b32::0,PushPop,78959,78959,1,1,6111,6111.0,6111.0,6111,6111,0.0,"void at::native::vectorized_elementwise_kernel<(int)4, void at::native::<unnamed>::pow_tensor_scalar_kernel_impl<float, float>(at::TensorIteratorBase &, T2)::[lambda(float) (instance 1)], std::array<char *, (unsigned long)2>>(int, T2, T3)"
reference_iteration::rms_quant_decode_b32::0,PushPop,78959,78959,1,1,5568,5568.0,5568.0,5568,5568,0.0,"void at::native::vectorized_elementwise_kernel<(int)4, at::native::round_kernel_cuda(at::TensorIteratorBase &)::[lambda() (instance 1)]::operator ()() const::[lambda() (instance 2)]::operator ()() const::[lambda(float) (instance 1)], std::array<char *, (unsigned long)2>>(int, T2, T3)"
reference_iteration::rms_quant_decode_b32::0,PushPop,78959,78959,1,1,5471,5471.0,5471.0,5471,5471,0.0,"void at::native::vectorized_elementwise_kernel<(int)4, at::native::AbsFunctor<float>, std::array<char *, (unsigned long)2>>(int, T2, T3)"
reference_iteration::rms_quant_decode_b32::0,PushPop,78959,78959,1,1,4064,4064.0,4064.0,4064,4064,0.0,"void at::native::vectorized_elementwise_kernel<(int)4, at::native::float16_copy_kernel_cuda(at::TensorIteratorBase &)::[lambda(float) (instance 1)], std::array<char *, (unsigned long)2>>(int, T2, T3)"
reference_iteration::rms_quant_decode_b32::0,PushPop,78959,78959,1,1,3520,3520.0,3520.0,3520,3520,0.0,"void at::native::vectorized_elementwise_kernel<(int)4, at::native::rsqrt_kernel_cuda(at::TensorIteratorBase &)::[lambda() (instance 2)]::operator ()() const::[lambda() (instance 2)]::operator ()() const::[lambda(float) (instance 1)], std::array<char *, (unsigned long)2>>(int, T2, T3)"
reference_iteration::rms_quant_decode_b32::0,PushPop,78959,78959,1,1,2655,2655.0,2655.0,2655,2655,0.0,"void at::native::vectorized_elementwise_kernel<(int)4, at::native::BUnaryFunctor<float, float, float, at::native::binary_internal::MulFunctor<float>>, std::array<char *, (unsigned long)2>>(int, T2, T3)"
reference_iteration::rms_quant_decode_b32::0,PushPop,78959,78959,1,1,2464,2464.0,2464.0,2464,2464,0.0,"void at::native::vectorized_elementwise_kernel<(int)4, at::native::CUDAFunctorOnSelf_add<float>, std::array<char *, (unsigned long)2>>(int, T2, T3)"
reference_iteration::rms_quant_decode_b32::1,PushPop,78959,78959,1,3,55804,18601.3,22943.0,6015,26846,11073.4,"void at::native::unrolled_elementwise_kernel<at::native::direct_copy_kernel_cuda(at::TensorIteratorBase &)::[lambda() (instance 3)]::operator ()() const::[lambda() (instance 7)]::operator ()() const::[lambda(float) (instance 1)], std::array<char *, (unsigned long)2>, (int)4, TrivialOffsetCalculator<(int)1, unsigned int>, TrivialOffsetCalculator<(int)1, unsigned int>, at::native::memory::LoadWithCast<(int)1>, at::native::memory::StoreWithCast<(int)1>>(int, T1, T2, T4, T5, T6, T7)"
reference_iteration::rms_quant_decode_b32::1,PushPop,78959,78959,1,2,27648,13824.0,13824.0,13664,13984,226.3,"void at::native::elementwise_kernel<(int)128, (int)2, void at::native::gpu_kernel_impl_nocast<at::native::BinaryFunctor<float, float, float, at::native::binary_internal::MulFunctor<float>>>(at::TensorIteratorBase &, const T1 &)::[lambda(int) (instance 1)]>(int, T3)"
reference_iteration::rms_quant_decode_b32::1,PushPop,78959,78959,1,1,19583,19583.0,19583.0,19583,19583,0.0,"void at::native::elementwise_kernel<(int)128, (int)2, void at::native::gpu_kernel_impl_nocast<at::native::BinaryFunctor<float, float, float, at::native::binary_internal::DivFunctor<float>>>(at::TensorIteratorBase &, const T1 &)::[lambda(int) (instance 1)]>(int, T3)"
reference_iteration::rms_quant_decode_b32::1,PushPop,78959,78959,1,1,14719,14719.0,14719.0,14719,14719,0.0,"void at::native::unrolled_elementwise_kernel<at::native::direct_copy_kernel_cuda(at::TensorIteratorBase &)::[lambda() (instance 3)]::operator ()() const::[lambda() (instance 2)]::operator ()() const::[lambda(signed char) (instance 1)], std::array<char *, (unsigned long)2>, (int)4, TrivialOffsetCalculator<(int)1, unsigned int>, TrivialOffsetCalculator<(int)1, unsigned int>, at::native::memory::LoadWithCast<(int)1>, at::native::memory::StoreWithCast<(int)1>>(int, T1, T2, T4, T5, T6, T7)"
reference_iteration::rms_quant_decode_b32::1,PushPop,78959,78959,1,1,13856,13856.0,13856.0,13856,13856,0.0,"void at::native::reduce_kernel<(int)512, (int)1, at::native::ReduceOp<float, at::native::func_wrapper_t<float, at::native::MaxNanFunctor<float>>, unsigned int, float, (int)4, (int)4>>(T3)"
reference_iteration::rms_quant_decode_b32::1,PushPop,78959,78959,1,1,13248,13248.0,13248.0,13248,13248,0.0,"void at::native::reduce_kernel<(int)512, (int)1, at::native::ReduceOp<float, at::native::MeanOps<float, float, float, float>, unsigned int, float, (int)4, (int)4>>(T3)"
reference_iteration::rms_quant_decode_b32::1,PushPop,78959,78959,1,2,9759,4879.5,4879.5,3680,6079,1696.3,"void at::native::vectorized_elementwise_kernel<(int)4, at::native::<unnamed>::launch_clamp_scalar(at::TensorIteratorBase &, c10::Scalar, c10::Scalar, at::native::detail::ClampLimits)::[lambda() (instance 1)]::operator ()() const::[lambda() (instance 7)]::operator ()() const::[lambda(float) (instance 1)], std::array<char *, (unsigned long)2>>(int, T2, T3)"
reference_iteration::rms_quant_decode_b32::1,PushPop,78959,78959,1,1,5760,5760.0,5760.0,5760,5760,0.0,"void at::native::vectorized_elementwise_kernel<(int)4, void at::native::<unnamed>::pow_tensor_scalar_kernel_impl<float, float>(at::TensorIteratorBase &, T2)::[lambda(float) (instance 1)], std::array<char *, (unsigned long)2>>(int, T2, T3)"
reference_iteration::rms_quant_decode_b32::1,PushPop,78959,78959,1,1,5376,5376.0,5376.0,5376,5376,0.0,"void at::native::vectorized_elementwise_kernel<(int)4, at::native::round_kernel_cuda(at::TensorIteratorBase &)::[lambda() (instance 1)]::operator ()() const::[lambda() (instance 2)]::operator ()() const::[lambda(float) (instance 1)], std::array<char *, (unsigned long)2>>(int, T2, T3)"
reference_iteration::rms_quant_decode_b32::1,PushPop,78959,78959,1,1,5247,5247.0,5247.0,5247,5247,0.0,"void at::native::vectorized_elementwise_kernel<(int)4, at::native::AbsFunctor<float>, std::array<char *, (unsigned long)2>>(int, T2, T3)"
reference_iteration::rms_quant_decode_b32::1,PushPop,78959,78959,1,1,4320,4320.0,4320.0,4320,4320,0.0,"void at::native::vectorized_elementwise_kernel<(int)4, at::native::float16_copy_kernel_cuda(at::TensorIteratorBase &)::[lambda(float) (instance 1)], std::array<char *, (unsigned long)2>>(int, T2, T3)"
reference_iteration::rms_quant_decode_b32::1,PushPop,78959,78959,1,1,4256,4256.0,4256.0,4256,4256,0.0,"void at::native::vectorized_elementwise_kernel<(int)4, at::native::rsqrt_kernel_cuda(at::TensorIteratorBase &)::[lambda() (instance 2)]::operator ()() const::[lambda() (instance 2)]::operator ()() const::[lambda(float) (instance 1)], std::array<char *, (unsigned long)2>>(int, T2, T3)"
reference_iteration::rms_quant_decode_b32::1,PushPop,78959,78959,1,1,3007,3007.0,3007.0,3007,3007,0.0,"void at::native::vectorized_elementwise_kernel<(int)4, at::native::CUDAFunctorOnSelf_add<float>, std::array<char *, (unsigned long)2>>(int, T2, T3)"
reference_iteration::rms_quant_decode_b32::1,PushPop,78959,78959,1,1,2528,2528.0,2528.0,2528,2528,0.0,"void at::native::vectorized_elementwise_kernel<(int)4, at::native::BUnaryFunctor<float, float, float, at::native::binary_internal::MulFunctor<float>>, std::array<char *, (unsigned long)2>>(int, T2, T3)"
reference_iteration::rms_quant_decode_b32::10,PushPop,78959,78959,1,3,54876,18292.0,22911.0,5631,26334,11097.5,"void at::native::unrolled_elementwise_kernel<at::native::direct_copy_kernel_cuda(at::TensorIteratorBase &)::[lambda() (instance 3)]::operator ()() const::[lambda() (instance 7)]::operator ()() const::[lambda(float) (instance 1)], std::array<char *, (unsigned long)2>, (int)4, TrivialOffsetCalculator<(int)1, unsigned int>, TrivialOffsetCalculator<(int)1, unsigned int>, at::native::memory::LoadWithCast<(int)1>, at::native::memory::StoreWithCast<(int)1>>(int, T1, T2, T4, T5, T6, T7)"
reference_iteration::rms_quant_decode_b32::10,PushPop,78959,78959,1,2,27072,13536.0,13536.0,13120,13952,588.3,"void at::native::elementwise_kernel<(int)128, (int)2, void at::native::gpu_kernel_impl_nocast<at::native::BinaryFunctor<float, float, float, at::native::binary_internal::MulFunctor<float>>>(at::TensorIteratorBase &, const T1 &)::[lambda(int) (instance 1)]>(int, T3)"
reference_iteration::rms_quant_decode_b32::10,PushPop,78959,78959,1,1,15487,15487.0,15487.0,15487,15487,0.0,"void at::native::elementwise_kernel<(int)128, (int)2, void at::native::gpu_kernel_impl_nocast<at::native::BinaryFunctor<float, float, float, at::native::binary_internal::DivFunctor<float>>>(at::TensorIteratorBase &, const T1 &)::[lambda(int) (instance 1)]>(int, T3)"
reference_iteration::rms_quant_decode_b32::10,PushPop,78959,78959,1,1,14912,14912.0,14912.0,14912,14912,0.0,"void at::native::unrolled_elementwise_kernel<at::native::direct_copy_kernel_cuda(at::TensorIteratorBase &)::[lambda() (instance 3)]::operator ()() const::[lambda() (instance 2)]::operator ()() const::[lambda(signed char) (instance 1)], std::array<char *, (unsigned long)2>, (int)4, TrivialOffsetCalculator<(int)1, unsigned int>, TrivialOffsetCalculator<(int)1, unsigned int>, at::native::memory::LoadWithCast<(int)1>, at::native::memory::StoreWithCast<(int)1>>(int, T1, T2, T4, T5, T6, T7)"
reference_iteration::rms_quant_decode_b32::10,PushPop,78959,78959,1,1,14144,14144.0,14144.0,14144,14144,0.0,"void at::native::reduce_kernel<(int)512, (int)1, at::native::ReduceOp<float, at::native::func_wrapper_t<float, at::native::MaxNanFunctor<float>>, unsigned int, float, (int)4, (int)4>>(T3)"
reference_iteration::rms_quant_decode_b32::10,PushPop,78959,78959,1,1,13183,13183.0,13183.0,13183,13183,0.0,"void at::native::reduce_kernel<(int)512, (int)1, at::native::ReduceOp<float, at::native::MeanOps<float, float, float, float>, unsigned int, float, (int)4, (int)4>>(T3)"
reference_iteration::rms_quant_decode_b32::10,PushPop,78959,78959,1,2,10560,5280.0,5280.0,3809,6751,2080.3,"void at::native::vectorized_elementwise_kernel<(int)4, at::native::<unnamed>::launch_clamp_scalar(at::TensorIteratorBase &, c10::Scalar, c10::Scalar, at::native::detail::ClampLimits)::[lambda() (instance 1)]::operator ()() const::[lambda() (instance 7)]::operator ()() const::[lambda(float) (instance 1)], std::array<char *, (unsigned long)2>>(int, T2, T3)"
reference_iteration::rms_quant_decode_b32::10,PushPop,78959,78959,1,1,6432,6432.0,6432.0,6432,6432,0.0,"void at::native::vectorized_elementwise_kernel<(int)4, at::native::round_kernel_cuda(at::TensorIteratorBase &)::[lambda() (instance 1)]::operator ()() const::[lambda() (instance 2)]::operator ()() const::[lambda(float) (instance 1)], std::array<char *, (unsigned long)2>>(int, T2, T3)"
reference_iteration::rms_quant_decode_b32::10,PushPop,78959,78959,1,1,6112,6112.0,6112.0,6112,6112,0.0,"void at::native::vectorized_elementwise_kernel<(int)4, void at::native::<unnamed>::pow_tensor_scalar_kernel_impl<float, float>(at::TensorIteratorBase &, T2)::[lambda(float) (instance 1)], std::array<char *, (unsigned long)2>>(int, T2, T3)"
reference_iteration::rms_quant_decode_b32::10,PushPop,78959,78959,1,1,5439,5439.0,5439.0,5439,5439,0.0,"void at::native::vectorized_elementwise_kernel<(int)4, at::native::AbsFunctor<float>, std::array<char *, (unsigned long)2>>(int, T2, T3)"
reference_iteration::rms_quant_decode_b32::10,PushPop,78959,78959,1,1,4543,4543.0,4543.0,4543,4543,0.0,"void at::native::vectorized_elementwise_kernel<(int)4, at::native::float16_copy_kernel_cuda(at::TensorIteratorBase &)::[lambda(float) (instance 1)], std::array<char *, (unsigned long)2>>(int, T2, T3)"
reference_iteration::rms_quant_decode_b32::10,PushPop,78959,78959,1,1,3840,3840.0,3840.0,3840,3840,0.0,"void at::native::vectorized_elementwise_kernel<(int)4, at::native::rsqrt_kernel_cuda(at::TensorIteratorBase &)::[lambda() (instance 2)]::operator ()() const::[lambda() (instance 2)]::operator ()() const::[lambda(float) (instance 1)], std::array<char *, (unsigned long)2>>(int, T2, T3)"
reference_iteration::rms_quant_decode_b32::10,PushPop,78959,78959,1,1,3105,3105.0,3105.0,3105,3105,0.0,"void at::native::vectorized_elementwise_kernel<(int)4, at::native::CUDAFunctorOnSelf_add<float>, std::array<char *, (unsigned long)2>>(int, T2, T3)"
reference_iteration::rms_quant_decode_b32::10,PushPop,78959,78959,1,1,2816,2816.0,2816.0,2816,2816,0.0,"void at::native::vectorized_elementwise_kernel<(int)4, at::native::BUnaryFunctor<float, float, float, at::native::binary_internal::MulFunctor<float>>, std::array<char *, (unsigned long)2>>(int, T2, T3)"
reference_iteration::rms_quant_decode_b32::11,PushPop,78959,78959,1,3,54333,18111.0,23199.0,5791,25343,10723.2,"void at::native::unrolled_elementwise_kernel<at::native::direct_copy_kernel_cuda(at::TensorIteratorBase &)::[lambda() (instance 3)]::operator ()() const::[lambda() (instance 7)]::operator ()() const::[lambda(float) (instance 1)], std::array<char *, (unsigned long)2>, (int)4, TrivialOffsetCalculator<(int)1, unsigned int>, TrivialOffsetCalculator<(int)1, unsigned int>, at::native::memory::LoadWithCast<(int)1>, at::native::memory::StoreWithCast<(int)1>>(int, T1, T2, T4, T5, T6, T7)"
reference_iteration::rms_quant_decode_b32::11,PushPop,78959,78959,1,2,27616,13808.0,13808.0,13600,14016,294.2,"void at::native::elementwise_kernel<(int)128, (int)2, void at::native::gpu_kernel_impl_nocast<at::native::BinaryFunctor<float, float, float, at::native::binary_internal::MulFunctor<float>>>(at::TensorIteratorBase &, const T1 &)::[lambda(int) (instance 1)]>(int, T3)"
reference_iteration::rms_quant_decode_b32::11,PushPop,78959,78959,1,1,15136,15136.0,15136.0,15136,15136,0.0,"void at::native::elementwise_kernel<(int)128, (int)2, void at::native::gpu_kernel_impl_nocast<at::native::BinaryFunctor<float, float, float, at::native::binary_internal::DivFunctor<float>>>(at::TensorIteratorBase &, const T1 &)::[lambda(int) (instance 1)]>(int, T3)"
reference_iteration::rms_quant_decode_b32::11,PushPop,78959,78959,1,1,14624,14624.0,14624.0,14624,14624,0.0,"void at::native::unrolled_elementwise_kernel<at::native::direct_copy_kernel_cuda(at::TensorIteratorBase &)::[lambda() (instance 3)]::operator ()() const::[lambda() (instance 2)]::operator ()() const::[lambda(signed char) (instance 1)], std::array<char *, (unsigned long)2>, (int)4, TrivialOffsetCalculator<(int)1, unsigned int>, TrivialOffsetCalculator<(int)1, unsigned int>, at::native::memory::LoadWithCast<(int)1>, at::native::memory::StoreWithCast<(int)1>>(int, T1, T2, T4, T5, T6, T7)"
reference_iteration::rms_quant_decode_b32::11,PushPop,78959,78959,1,1,13952,13952.0,13952.0,13952,13952,0.0,"void at::native::reduce_kernel<(int)512, (int)1, at::native::ReduceOp<float, at::native::func_wrapper_t<float, at::native::MaxNanFunctor<float>>, unsigned int, float, (int)4, (int)4>>(T3)"
reference_iteration::rms_quant_decode_b32::11,PushPop,78959,78959,1,1,12960,12960.0,12960.0,12960,12960,0.0,"void at::native::reduce_kernel<(int)512, (int)1, at::native::ReduceOp<float, at::native::MeanOps<float, float, float, float>, unsigned int, float, (int)4, (int)4>>(T3)"
reference_iteration::rms_quant_decode_b32::11,PushPop,78959,78959,1,2,10240,5120.0,5120.0,3840,6400,1810.2,"void at::native::vectorized_elementwise_kernel<(int)4, at::native::<unnamed>::launch_clamp_scalar(at::TensorIteratorBase &, c10::Scalar, c10::Scalar, at::native::detail::ClampLimits)::[lambda() (instance 1)]::operator ()() const::[lambda() (instance 7)]::operator ()() const::[lambda(float) (instance 1)], std::array<char *, (unsigned long)2>>(int, T2, T3)"
reference_iteration::rms_quant_decode_b32::11,PushPop,78959,78959,1,1,5983,5983.0,5983.0,5983,5983,0.0,"void at::native::vectorized_elementwise_kernel<(int)4, at::native::round_kernel_cuda(at::TensorIteratorBase &)::[lambda() (instance 1)]::operator ()() const::[lambda() (instance 2)]::operator ()() const::[lambda(float) (instance 1)], std::array<char *, (unsigned long)2>>(int, T2, T3)"
reference_iteration::rms_quant_decode_b32::11,PushPop,78959,78959,1,1,5600,5600.0,5600.0,5600,5600,0.0,"void at::native::vectorized_elementwise_kernel<(int)4, void at::native::<unnamed>::pow_tensor_scalar_kernel_impl<float, float>(at::TensorIteratorBase &, T2)::[lambda(float) (instance 1)], std::array<char *, (unsigned long)2>>(int, T2, T3)"
reference_iteration::rms_quant_decode_b32::11,PushPop,78959,78959,1,1,5248,5248.0,5248.0,5248,5248,0.0,"void at::native::vectorized_elementwise_kernel<(int)4, at::native::AbsFunctor<float>, std::array<char *, (unsigned long)2>>(int, T2, T3)"
reference_iteration::rms_quant_decode_b32::11,PushPop,78959,78959,1,1,4448,4448.0,4448.0,4448,4448,0.0,"void at::native::vectorized_elementwise_kernel<(int)4, at::native::float16_copy_kernel_cuda(at::TensorIteratorBase &)::[lambda(float) (instance 1)], std::array<char *, (unsigned long)2>>(int, T2, T3)"
reference_iteration::rms_quant_decode_b32::11,PushPop,78959,78959,1,1,4063,4063.0,4063.0,4063,4063,0.0,"void at::native::vectorized_elementwise_kernel<(int)4, at::native::rsqrt_kernel_cuda(at::TensorIteratorBase &)::[lambda() (instance 2)]::operator ()() const::[lambda() (instance 2)]::operator ()() const::[lambda(float) (instance 1)], std::array<char *, (unsigned long)2>>(int, T2, T3)"
reference_iteration::rms_quant_decode_b32::11,PushPop,78959,78959,1,1,3264,3264.0,3264.0,3264,3264,0.0,"void at::native::vectorized_elementwise_kernel<(int)4, at::native::CUDAFunctorOnSelf_add<float>, std::array<char *, (unsigned long)2>>(int, T2, T3)"
reference_iteration::rms_quant_decode_b32::11,PushPop,78959,78959,1,1,2528,2528.0,2528.0,2528,2528,0.0,"void at::native::vectorized_elementwise_kernel<(int)4, at::native::BUnaryFunctor<float, float, float, at::native::binary_internal::MulFunctor<float>>, std::array<char *, (unsigned long)2>>(int, T2, T3)"
reference_iteration::rms_quant_decode_b32::2,PushPop,78959,78959,1,3,55902,18634.0,23391.0,5952,26559,11096.6,"void at::native::unrolled_elementwise_kernel<at::native::direct_copy_kernel_cuda(at::TensorIteratorBase &)::[lambda() (instance 3)]::operator ()() const::[lambda() (instance 7)]::operator ()() const::[lambda(float) (instance 1)], std::array<char *, (unsigned long)2>, (int)4, TrivialOffsetCalculator<(int)1, unsigned int>, TrivialOffsetCalculator<(int)1, unsigned int>, at::native::memory::LoadWithCast<(int)1>, at::native::memory::StoreWithCast<(int)1>>(int, T1, T2, T4, T5, T6, T7)"
reference_iteration::rms_quant_decode_b32::2,PushPop,78959,78959,1,2,27550,13775.0,13775.0,13727,13823,67.9,"void at::native::elementwise_kernel<(int)128, (int)2, void at::native::gpu_kernel_impl_nocast<at::native::BinaryFunctor<float, float, float, at::native::binary_internal::MulFunctor<float>>>(at::TensorIteratorBase &, const T1 &)::[lambda(int) (instance 1)]>(int, T3)"
reference_iteration::rms_quant_decode_b32::2,PushPop,78959,78959,1,1,15328,15328.0,15328.0,15328,15328,0.0,"void at::native::elementwise_kernel<(int)128, (int)2, void at::native::gpu_kernel_impl_nocast<at::native::BinaryFunctor<float, float, float, at::native::binary_internal::DivFunctor<float>>>(at::TensorIteratorBase &, const T1 &)::[lambda(int) (instance 1)]>(int, T3)"
reference_iteration::rms_quant_decode_b32::2,PushPop,78959,78959,1,1,14591,14591.0,14591.0,14591,14591,0.0,"void at::native::unrolled_elementwise_kernel<at::native::direct_copy_kernel_cuda(at::TensorIteratorBase &)::[lambda() (instance 3)]::operator ()() const::[lambda() (instance 2)]::operator ()() const::[lambda(signed char) (instance 1)], std::array<char *, (unsigned long)2>, (int)4, TrivialOffsetCalculator<(int)1, unsigned int>, TrivialOffsetCalculator<(int)1, unsigned int>, at::native::memory::LoadWithCast<(int)1>, at::native::memory::StoreWithCast<(int)1>>(int, T1, T2, T4, T5, T6, T7)"
reference_iteration::rms_quant_decode_b32::2,PushPop,78959,78959,1,1,13983,13983.0,13983.0,13983,13983,0.0,"void at::native::reduce_kernel<(int)512, (int)1, at::native::ReduceOp<float, at::native::func_wrapper_t<float, at::native::MaxNanFunctor<float>>, unsigned int, float, (int)4, (int)4>>(T3)"
reference_iteration::rms_quant_decode_b32::2,PushPop,78959,78959,1,1,13087,13087.0,13087.0,13087,13087,0.0,"void at::native::reduce_kernel<(int)512, (int)1, at::native::ReduceOp<float, at::native::MeanOps<float, float, float, float>, unsigned int, float, (int)4, (int)4>>(T3)"
reference_iteration::rms_quant_decode_b32::2,PushPop,78959,78959,1,2,10783,5391.5,5391.5,3744,7039,2329.9,"void at::native::vectorized_elementwise_kernel<(int)4, at::native::<unnamed>::launch_clamp_scalar(at::TensorIteratorBase &, c10::Scalar, c10::Scalar, at::native::detail::ClampLimits)::[lambda() (instance 1)]::operator ()() const::[lambda() (instance 7)]::operator ()() const::[lambda(float) (instance 1)], std::array<char *, (unsigned long)2>>(int, T2, T3)"
reference_iteration::rms_quant_decode_b32::2,PushPop,78959,78959,1,1,6176,6176.0,6176.0,6176,6176,0.0,"void at::native::vectorized_elementwise_kernel<(int)4, void at::native::<unnamed>::pow_tensor_scalar_kernel_impl<float, float>(at::TensorIteratorBase &, T2)::[lambda(float) (instance 1)], std::array<char *, (unsigned long)2>>(int, T2, T3)"
reference_iteration::rms_quant_decode_b32::2,PushPop,78959,78959,1,1,5664,5664.0,5664.0,5664,5664,0.0,"void at::native::vectorized_elementwise_kernel<(int)4, at::native::AbsFunctor<float>, std::array<char *, (unsigned long)2>>(int, T2, T3)"
reference_iteration::rms_quant_decode_b32::2,PushPop,78959,78959,1,1,5280,5280.0,5280.0,5280,5280,0.0,"void at::native::vectorized_elementwise_kernel<(int)4, at::native::round_kernel_cuda(at::TensorIteratorBase &)::[lambda() (instance 1)]::operator ()() const::[lambda() (instance 2)]::operator ()() const::[lambda(float) (instance 1)], std::array<char *, (unsigned long)2>>(int, T2, T3)"
reference_iteration::rms_quant_decode_b32::2,PushPop,78959,78959,1,1,4224,4224.0,4224.0,4224,4224,0.0,"void at::native::vectorized_elementwise_kernel<(int)4, at::native::float16_copy_kernel_cuda(at::TensorIteratorBase &)::[lambda(float) (instance 1)], std::array<char *, (unsigned long)2>>(int, T2, T3)"
reference_iteration::rms_quant_decode_b32::2,PushPop,78959,78959,1,1,4128,4128.0,4128.0,4128,4128,0.0,"void at::native::vectorized_elementwise_kernel<(int)4, at::native::rsqrt_kernel_cuda(at::TensorIteratorBase &)::[lambda() (instance 2)]::operator ()() const::[lambda() (instance 2)]::operator ()() const::[lambda(float) (instance 1)], std::array<char *, (unsigned long)2>>(int, T2, T3)"
reference_iteration::rms_quant_decode_b32::2,PushPop,78959,78959,1,1,3136,3136.0,3136.0,3136,3136,0.0,"void at::native::vectorized_elementwise_kernel<(int)4, at::native::CUDAFunctorOnSelf_add<float>, std::array<char *, (unsigned long)2>>(int, T2, T3)"
reference_iteration::rms_quant_decode_b32::2,PushPop,78959,78959,1,1,2528,2528.0,2528.0,2528,2528,0.0,"void at::native::vectorized_elementwise_kernel<(int)4, at::native::BUnaryFunctor<float, float, float, at::native::binary_internal::MulFunctor<float>>, std::array<char *, (unsigned long)2>>(int, T2, T3)"
reference_iteration::rms_quant_decode_b32::3,PushPop,78959,78959,1,1,87420,87420.0,87420.0,87420,87420,0.0,"void at::native::reduce_kernel<(int)512, (int)1, at::native::ReduceOp<float, at::native::MeanOps<float, float, float, float>, unsigned int, float, (int)4, (int)4>>(T3)"
reference_iteration::rms_quant_decode_b32::3,PushPop,78959,78959,1,3,59070,19690.0,23231.0,9600,26239,8866.7,"void at::native::unrolled_elementwise_kernel<at::native::direct_copy_kernel_cuda(at::TensorIteratorBase &)::[lambda() (instance 3)]::operator ()() const::[lambda() (instance 7)]::operator ()() const::[lambda(float) (instance 1)], std::array<char *, (unsigned long)2>, (int)4, TrivialOffsetCalculator<(int)1, unsigned int>, TrivialOffsetCalculator<(int)1, unsigned int>, at::native::memory::LoadWithCast<(int)1>, at::native::memory::StoreWithCast<(int)1>>(int, T1, T2, T4, T5, T6, T7)"
reference_iteration::rms_quant_decode_b32::3,PushPop,78959,78959,1,2,28127,14063.5,14063.5,13503,14624,792.7,"void at::native::elementwise_kernel<(int)128, (int)2, void at::native::gpu_kernel_impl_nocast<at::native::BinaryFunctor<float, float, float, at::native::binary_internal::MulFunctor<float>>>(at::TensorIteratorBase &, const T1 &)::[lambda(int) (instance 1)]>(int, T3)"
reference_iteration::rms_quant_decode_b32::3,PushPop,78959,78959,1,1,15904,15904.0,15904.0,15904,15904,0.0,"void at::native::unrolled_elementwise_kernel<at::native::direct_copy_kernel_cuda(at::TensorIteratorBase &)::[lambda() (instance 3)]::operator ()() const::[lambda() (instance 2)]::operator ()() const::[lambda(signed char) (instance 1)], std::array<char *, (unsigned long)2>, (int)4, TrivialOffsetCalculator<(int)1, unsigned int>, TrivialOffsetCalculator<(int)1, unsigned int>, at::native::memory::LoadWithCast<(int)1>, at::native::memory::StoreWithCast<(int)1>>(int, T1, T2, T4, T5, T6, T7)"
reference_iteration::rms_quant_decode_b32::3,PushPop,78959,78959,1,1,15551,15551.0,15551.0,15551,15551,0.0,"void at::native::elementwise_kernel<(int)128, (int)2, void at::native::gpu_kernel_impl_nocast<at::native::BinaryFunctor<float, float, float, at::native::binary_internal::DivFunctor<float>>>(at::TensorIteratorBase &, const T1 &)::[lambda(int) (instance 1)]>(int, T3)"
reference_iteration::rms_quant_decode_b32::3,PushPop,78959,78959,1,1,14176,14176.0,14176.0,14176,14176,0.0,"void at::native::reduce_kernel<(int)512, (int)1, at::native::ReduceOp<float, at::native::func_wrapper_t<float, at::native::MaxNanFunctor<float>>, unsigned int, float, (int)4, (int)4>>(T3)"
reference_iteration::rms_quant_decode_b32::3,PushPop,78959,78959,1,2,10048,5024.0,5024.0,3872,6176,1629.2,"void at::native::vectorized_elementwise_kernel<(int)4, at::native::<unnamed>::launch_clamp_scalar(at::TensorIteratorBase &, c10::Scalar, c10::Scalar, at::native::detail::ClampLimits)::[lambda() (instance 1)]::operator ()() const::[lambda() (instance 7)]::operator ()() const::[lambda(float) (instance 1)], std::array<char *, (unsigned long)2>>(int, T2, T3)"
reference_iteration::rms_quant_decode_b32::3,PushPop,78959,78959,1,1,6592,6592.0,6592.0,6592,6592,0.0,"void at::native::vectorized_elementwise_kernel<(int)4, at::native::round_kernel_cuda(at::TensorIteratorBase &)::[lambda() (instance 1)]::operator ()() const::[lambda() (instance 2)]::operator ()() const::[lambda(float) (instance 1)], std::array<char *, (unsigned long)2>>(int, T2, T3)"
reference_iteration::rms_quant_decode_b32::3,PushPop,78959,78959,1,1,5536,5536.0,5536.0,5536,5536,0.0,"void at::native::vectorized_elementwise_kernel<(int)4, void at::native::<unnamed>::pow_tensor_scalar_kernel_impl<float, float>(at::TensorIteratorBase &, T2)::[lambda(float) (instance 1)], std::array<char *, (unsigned long)2>>(int, T2, T3)"
reference_iteration::rms_quant_decode_b32::3,PushPop,78959,78959,1,1,5215,5215.0,5215.0,5215,5215,0.0,"void at::native::vectorized_elementwise_kernel<(int)4, at::native::AbsFunctor<float>, std::array<char *, (unsigned long)2>>(int, T2, T3)"
reference_iteration::rms_quant_decode_b32::3,PushPop,78959,78959,1,1,4544,4544.0,4544.0,4544,4544,0.0,"void at::native::vectorized_elementwise_kernel<(int)4, at::native::float16_copy_kernel_cuda(at::TensorIteratorBase &)::[lambda(float) (instance 1)], std::array<char *, (unsigned long)2>>(int, T2, T3)"
reference_iteration::rms_quant_decode_b32::3,PushPop,78959,78959,1,1,4095,4095.0,4095.0,4095,4095,0.0,"void at::native::vectorized_elementwise_kernel<(int)4, at::native::rsqrt_kernel_cuda(at::TensorIteratorBase &)::[lambda() (instance 2)]::operator ()() const::[lambda() (instance 2)]::operator ()() const::[lambda(float) (instance 1)], std::array<char *, (unsigned long)2>>(int, T2, T3)"
reference_iteration::rms_quant_decode_b32::3,PushPop,78959,78959,1,1,3232,3232.0,3232.0,3232,3232,0.0,"void at::native::vectorized_elementwise_kernel<(int)4, at::native::CUDAFunctorOnSelf_add<float>, std::array<char *, (unsigned long)2>>(int, T2, T3)"
reference_iteration::rms_quant_decode_b32::3,PushPop,78959,78959,1,1,2720,2720.0,2720.0,2720,2720,0.0,"void at::native::vectorized_elementwise_kernel<(int)4, at::native::BUnaryFunctor<float, float, float, at::native::binary_internal::MulFunctor<float>>, std::array<char *, (unsigned long)2>>(int, T2, T3)"
reference_iteration::rms_quant_decode_b32::4,PushPop,78959,78959,1,3,54109,18036.3,23487.0,5536,25086,10855.1,"void at::native::unrolled_elementwise_kernel<at::native::direct_copy_kernel_cuda(at::TensorIteratorBase &)::[lambda() (instance 3)]::operator ()() const::[lambda() (instance 7)]::operator ()() const::[lambda(float) (instance 1)], std::array<char *, (unsigned long)2>, (int)4, TrivialOffsetCalculator<(int)1, unsigned int>, TrivialOffsetCalculator<(int)1, unsigned int>, at::native::memory::LoadWithCast<(int)1>, at::native::memory::StoreWithCast<(int)1>>(int, T1, T2, T4, T5, T6, T7)"
reference_iteration::rms_quant_decode_b32::4,PushPop,78959,78959,1,2,27520,13760.0,13760.0,13632,13888,181.0,"void at::native::elementwise_kernel<(int)128, (int)2, void at::native::gpu_kernel_impl_nocast<at::native::BinaryFunctor<float, float, float, at::native::binary_internal::MulFunctor<float>>>(at::TensorIteratorBase &, const T1 &)::[lambda(int) (instance 1)]>(int, T3)"
reference_iteration::rms_quant_decode_b32::4,PushPop,78959,78959,1,1,15903,15903.0,15903.0,15903,15903,0.0,"void at::native::unrolled_elementwise_kernel<at::native::direct_copy_kernel_cuda(at::TensorIteratorBase &)::[lambda() (instance 3)]::operator ()() const::[lambda() (instance 2)]::operator ()() const::[lambda(signed char) (instance 1)], std::array<char *, (unsigned long)2>, (int)4, TrivialOffsetCalculator<(int)1, unsigned int>, TrivialOffsetCalculator<(int)1, unsigned int>, at::native::memory::LoadWithCast<(int)1>, at::native::memory::StoreWithCast<(int)1>>(int, T1, T2, T4, T5, T6, T7)"
reference_iteration::rms_quant_decode_b32::4,PushPop,78959,78959,1,1,15840,15840.0,15840.0,15840,15840,0.0,"void at::native::elementwise_kernel<(int)128, (int)2, void at::native::gpu_kernel_impl_nocast<at::native::BinaryFunctor<float, float, float, at::native::binary_internal::DivFunctor<float>>>(at::TensorIteratorBase &, const T1 &)::[lambda(int) (instance 1)]>(int, T3)"
reference_iteration::rms_quant_decode_b32::4,PushPop,78959,78959,1,1,13856,13856.0,13856.0,13856,13856,0.0,"void at::native::reduce_kernel<(int)512, (int)1, at::native::ReduceOp<float, at::native::func_wrapper_t<float, at::native::MaxNanFunctor<float>>, unsigned int, float, (int)4, (int)4>>(T3)"
reference_iteration::rms_quant_decode_b32::4,PushPop,78959,78959,1,1,13344,13344.0,13344.0,13344,13344,0.0,"void at::native::reduce_kernel<(int)512, (int)1, at::native::ReduceOp<float, at::native::MeanOps<float, float, float, float>, unsigned int, float, (int)4, (int)4>>(T3)"
reference_iteration::rms_quant_decode_b32::4,PushPop,78959,78959,1,2,10272,5136.0,5136.0,3808,6464,1878.1,"void at::native::vectorized_elementwise_kernel<(int)4, at::native::<unnamed>::launch_clamp_scalar(at::TensorIteratorBase &, c10::Scalar, c10::Scalar, at::native::detail::ClampLimits)::[lambda() (instance 1)]::operator ()() const::[lambda() (instance 7)]::operator ()() const::[lambda(float) (instance 1)], std::array<char *, (unsigned long)2>>(int, T2, T3)"
reference_iteration::rms_quant_decode_b32::4,PushPop,78959,78959,1,1,5983,5983.0,5983.0,5983,5983,0.0,"void at::native::vectorized_elementwise_kernel<(int)4, at::native::round_kernel_cuda(at::TensorIteratorBase &)::[lambda() (instance 1)]::operator ()() const::[lambda() (instance 2)]::operator ()() const::[lambda(float) (instance 1)], std::array<char *, (unsigned long)2>>(int, T2, T3)"
reference_iteration::rms_quant_decode_b32::4,PushPop,78959,78959,1,1,5888,5888.0,5888.0,5888,5888,0.0,"void at::native::vectorized_elementwise_kernel<(int)4, void at::native::<unnamed>::pow_tensor_scalar_kernel_impl<float, float>(at::TensorIteratorBase &, T2)::[lambda(float) (instance 1)], std::array<char *, (unsigned long)2>>(int, T2, T3)"
reference_iteration::rms_quant_decode_b32::4,PushPop,78959,78959,1,1,5440,5440.0,5440.0,5440,5440,0.0,"void at::native::vectorized_elementwise_kernel<(int)4, at::native::AbsFunctor<float>, std::array<char *, (unsigned long)2>>(int, T2, T3)"
reference_iteration::rms_quant_decode_b32::4,PushPop,78959,78959,1,1,4320,4320.0,4320.0,4320,4320,0.0,"void at::native::vectorized_elementwise_kernel<(int)4, at::native::float16_copy_kernel_cuda(at::TensorIteratorBase &)::[lambda(float) (instance 1)], std::array<char *, (unsigned long)2>>(int, T2, T3)"
reference_iteration::rms_quant_decode_b32::4,PushPop,78959,78959,1,1,3968,3968.0,3968.0,3968,3968,0.0,"void at::native::vectorized_elementwise_kernel<(int)4, at::native::rsqrt_kernel_cuda(at::TensorIteratorBase &)::[lambda() (instance 2)]::operator ()() const::[lambda() (instance 2)]::operator ()() const::[lambda(float) (instance 1)], std::array<char *, (unsigned long)2>>(int, T2, T3)"
reference_iteration::rms_quant_decode_b32::4,PushPop,78959,78959,1,1,3103,3103.0,3103.0,3103,3103,0.0,"void at::native::vectorized_elementwise_kernel<(int)4, at::native::CUDAFunctorOnSelf_add<float>, std::array<char *, (unsigned long)2>>(int, T2, T3)"
reference_iteration::rms_quant_decode_b32::4,PushPop,78959,78959,1,1,2528,2528.0,2528.0,2528,2528,0.0,"void at::native::vectorized_elementwise_kernel<(int)4, at::native::BUnaryFunctor<float, float, float, at::native::binary_internal::MulFunctor<float>>, std::array<char *, (unsigned long)2>>(int, T2, T3)"
reference_iteration::rms_quant_decode_b32::5,PushPop,78959,78959,1,3,55420,18473.3,22943.0,5567,26910,11351.8,"void at::native::unrolled_elementwise_kernel<at::native::direct_copy_kernel_cuda(at::TensorIteratorBase &)::[lambda() (instance 3)]::operator ()() const::[lambda() (instance 7)]::operator ()() const::[lambda(float) (instance 1)], std::array<char *, (unsigned long)2>, (int)4, TrivialOffsetCalculator<(int)1, unsigned int>, TrivialOffsetCalculator<(int)1, unsigned int>, at::native::memory::LoadWithCast<(int)1>, at::native::memory::StoreWithCast<(int)1>>(int, T1, T2, T4, T5, T6, T7)"
reference_iteration::rms_quant_decode_b32::5,PushPop,78959,78959,1,2,27583,13791.5,13791.5,13472,14111,451.8,"void at::native::elementwise_kernel<(int)128, (int)2, void at::native::gpu_kernel_impl_nocast<at::native::BinaryFunctor<float, float, float, at::native::binary_internal::MulFunctor<float>>>(at::TensorIteratorBase &, const T1 &)::[lambda(int) (instance 1)]>(int, T3)"
reference_iteration::rms_quant_decode_b32::5,PushPop,78959,78959,1,1,15296,15296.0,15296.0,15296,15296,0.0,"void at::native::elementwise_kernel<(int)128, (int)2, void at::native::gpu_kernel_impl_nocast<at::native::BinaryFunctor<float, float, float, at::native::binary_internal::DivFunctor<float>>>(at::TensorIteratorBase &, const T1 &)::[lambda(int) (instance 1)]>(int, T3)"
reference_iteration::rms_quant_decode_b32::5,PushPop,78959,78959,1,1,14463,14463.0,14463.0,14463,14463,0.0,"void at::native::unrolled_elementwise_kernel<at::native::direct_copy_kernel_cuda(at::TensorIteratorBase &)::[lambda() (instance 3)]::operator ()() const::[lambda() (instance 2)]::operator ()() const::[lambda(signed char) (instance 1)], std::array<char *, (unsigned long)2>, (int)4, TrivialOffsetCalculator<(int)1, unsigned int>, TrivialOffsetCalculator<(int)1, unsigned int>, at::native::memory::LoadWithCast<(int)1>, at::native::memory::StoreWithCast<(int)1>>(int, T1, T2, T4, T5, T6, T7)"
reference_iteration::rms_quant_decode_b32::5,PushPop,78959,78959,1,1,13952,13952.0,13952.0,13952,13952,0.0,"void at::native::reduce_kernel<(int)512, (int)1, at::native::ReduceOp<float, at::native::func_wrapper_t<float, at::native::MaxNanFunctor<float>>, unsigned int, float, (int)4, (int)4>>(T3)"
reference_iteration::rms_quant_decode_b32::5,PushPop,78959,78959,1,1,13439,13439.0,13439.0,13439,13439,0.0,"void at::native::reduce_kernel<(int)512, (int)1, at::native::ReduceOp<float, at::native::MeanOps<float, float, float, float>, unsigned int, float, (int)4, (int)4>>(T3)"
reference_iteration::rms_quant_decode_b32::5,PushPop,78959,78959,1,2,10688,5344.0,5344.0,3872,6816,2081.7,"void at::native::vectorized_elementwise_kernel<(int)4, at::native::<unnamed>::launch_clamp_scalar(at::TensorIteratorBase &, c10::Scalar, c10::Scalar, at::native::detail::ClampLimits)::[lambda() (instance 1)]::operator ()() const::[lambda() (instance 7)]::operator ()() const::[lambda(float) (instance 1)], std::array<char *, (unsigned long)2>>(int, T2, T3)"
reference_iteration::rms_quant_decode_b32::5,PushPop,78959,78959,1,1,6272,6272.0,6272.0,6272,6272,0.0,"void at::native::vectorized_elementwise_kernel<(int)4, void at::native::<unnamed>::pow_tensor_scalar_kernel_impl<float, float>(at::TensorIteratorBase &, T2)::[lambda(float) (instance 1)], std::array<char *, (unsigned long)2>>(int, T2, T3)"
reference_iteration::rms_quant_decode_b32::5,PushPop,78959,78959,1,1,5567,5567.0,5567.0,5567,5567,0.0,"void at::native::vectorized_elementwise_kernel<(int)4, at::native::round_kernel_cuda(at::TensorIteratorBase &)::[lambda() (instance 1)]::operator ()() const::[lambda() (instance 2)]::operator ()() const::[lambda(float) (instance 1)], std::array<char *, (unsigned long)2>>(int, T2, T3)"
reference_iteration::rms_quant_decode_b32::5,PushPop,78959,78959,1,1,5471,5471.0,5471.0,5471,5471,0.0,"void at::native::vectorized_elementwise_kernel<(int)4, at::native::AbsFunctor<float>, std::array<char *, (unsigned long)2>>(int, T2, T3)"
reference_iteration::rms_quant_decode_b32::5,PushPop,78959,78959,1,1,4671,4671.0,4671.0,4671,4671,0.0,"void at::native::vectorized_elementwise_kernel<(int)4, at::native::float16_copy_kernel_cuda(at::TensorIteratorBase &)::[lambda(float) (instance 1)], std::array<char *, (unsigned long)2>>(int, T2, T3)"
reference_iteration::rms_quant_decode_b32::5,PushPop,78959,78959,1,1,4096,4096.0,4096.0,4096,4096,0.0,"void at::native::vectorized_elementwise_kernel<(int)4, at::native::rsqrt_kernel_cuda(at::TensorIteratorBase &)::[lambda() (instance 2)]::operator ()() const::[lambda() (instance 2)]::operator ()() const::[lambda(float) (instance 1)], std::array<char *, (unsigned long)2>>(int, T2, T3)"
reference_iteration::rms_quant_decode_b32::5,PushPop,78959,78959,1,1,3136,3136.0,3136.0,3136,3136,0.0,"void at::native::vectorized_elementwise_kernel<(int)4, at::native::CUDAFunctorOnSelf_add<float>, std::array<char *, (unsigned long)2>>(int, T2, T3)"
reference_iteration::rms_quant_decode_b32::5,PushPop,78959,78959,1,1,2879,2879.0,2879.0,2879,2879,0.0,"void at::native::vectorized_elementwise_kernel<(int)4, at::native::BUnaryFunctor<float, float, float, at::native::binary_internal::MulFunctor<float>>, std::array<char *, (unsigned long)2>>(int, T2, T3)"
reference_iteration::rms_quant_decode_b32::6,PushPop,78959,78959,1,3,54973,18324.3,23295.0,4800,26878,11848.6,"void at::native::unrolled_elementwise_kernel<at::native::direct_copy_kernel_cuda(at::TensorIteratorBase &)::[lambda() (instance 3)]::operator ()() const::[lambda() (instance 7)]::operator ()() const::[lambda(float) (instance 1)], std::array<char *, (unsigned long)2>, (int)4, TrivialOffsetCalculator<(int)1, unsigned int>, TrivialOffsetCalculator<(int)1, unsigned int>, at::native::memory::LoadWithCast<(int)1>, at::native::memory::StoreWithCast<(int)1>>(int, T1, T2, T4, T5, T6, T7)"
reference_iteration::rms_quant_decode_b32::6,PushPop,78959,78959,1,2,27584,13792.0,13792.0,13344,14240,633.6,"void at::native::elementwise_kernel<(int)128, (int)2, void at::native::gpu_kernel_impl_nocast<at::native::BinaryFunctor<float, float, float, at::native::binary_internal::MulFunctor<float>>>(at::TensorIteratorBase &, const T1 &)::[lambda(int) (instance 1)]>(int, T3)"
reference_iteration::rms_quant_decode_b32::6,PushPop,78959,78959,1,1,16191,16191.0,16191.0,16191,16191,0.0,"void at::native::unrolled_elementwise_kernel<at::native::direct_copy_kernel_cuda(at::TensorIteratorBase &)::[lambda() (instance 3)]::operator ()() const::[lambda() (instance 2)]::operator ()() const::[lambda(signed char) (instance 1)], std::array<char *, (unsigned long)2>, (int)4, TrivialOffsetCalculator<(int)1, unsigned int>, TrivialOffsetCalculator<(int)1, unsigned int>, at::native::memory::LoadWithCast<(int)1>, at::native::memory::StoreWithCast<(int)1>>(int, T1, T2, T4, T5, T6, T7)"
reference_iteration::rms_quant_decode_b32::6,PushPop,78959,78959,1,1,16096,16096.0,16096.0,16096,16096,0.0,"void at::native::elementwise_kernel<(int)128, (int)2, void at::native::gpu_kernel_impl_nocast<at::native::BinaryFunctor<float, float, float, at::native::binary_internal::DivFunctor<float>>>(at::TensorIteratorBase &, const T1 &)::[lambda(int) (instance 1)]>(int, T3)"
reference_iteration::rms_quant_decode_b32::6,PushPop,78959,78959,1,1,14784,14784.0,14784.0,14784,14784,0.0,"void at::native::reduce_kernel<(int)512, (int)1, at::native::ReduceOp<float, at::native::func_wrapper_t<float, at::native::MaxNanFunctor<float>>, unsigned int, float, (int)4, (int)4>>(T3)"
reference_iteration::rms_quant_decode_b32::6,PushPop,78959,78959,1,1,13408,13408.0,13408.0,13408,13408,0.0,"void at::native::reduce_kernel<(int)512, (int)1, at::native::ReduceOp<float, at::native::MeanOps<float, float, float, float>, unsigned int, float, (int)4, (int)4>>(T3)"
reference_iteration::rms_quant_decode_b32::6,PushPop,78959,78959,1,2,11423,5711.5,5711.5,4063,7360,2331.3,"void at::native::vectorized_elementwise_kernel<(int)4, at::native::<unnamed>::launch_clamp_scalar(at::TensorIteratorBase &, c10::Scalar, c10::Scalar, at::native::detail::ClampLimits)::[lambda() (instance 1)]::operator ()() const::[lambda() (instance 7)]::operator ()() const::[lambda(float) (instance 1)], std::array<char *, (unsigned long)2>>(int, T2, T3)"
reference_iteration::rms_quant_decode_b32::6,PushPop,78959,78959,1,1,7743,7743.0,7743.0,7743,7743,0.0,"void at::native::vectorized_elementwise_kernel<(int)4, at::native::round_kernel_cuda(at::TensorIteratorBase &)::[lambda() (instance 1)]::operator ()() const::[lambda() (instance 2)]::operator ()() const::[lambda(float) (instance 1)], std::array<char *, (unsigned long)2>>(int, T2, T3)"
reference_iteration::rms_quant_decode_b32::6,PushPop,78959,78959,1,1,5887,5887.0,5887.0,5887,5887,0.0,"void at::native::vectorized_elementwise_kernel<(int)4, at::native::AbsFunctor<float>, std::array<char *, (unsigned long)2>>(int, T2, T3)"
reference_iteration::rms_quant_decode_b32::6,PushPop,78959,78959,1,1,5696,5696.0,5696.0,5696,5696,0.0,"void at::native::vectorized_elementwise_kernel<(int)4, void at::native::<unnamed>::pow_tensor_scalar_kernel_impl<float, float>(at::TensorIteratorBase &, T2)::[lambda(float) (instance 1)], std::array<char *, (unsigned long)2>>(int, T2, T3)"
reference_iteration::rms_quant_decode_b32::6,PushPop,78959,78959,1,1,4608,4608.0,4608.0,4608,4608,0.0,"void at::native::vectorized_elementwise_kernel<(int)4, at::native::float16_copy_kernel_cuda(at::TensorIteratorBase &)::[lambda(float) (instance 1)], std::array<char *, (unsigned long)2>>(int, T2, T3)"
reference_iteration::rms_quant_decode_b32::6,PushPop,78959,78959,1,1,4128,4128.0,4128.0,4128,4128,0.0,"void at::native::vectorized_elementwise_kernel<(int)4, at::native::rsqrt_kernel_cuda(at::TensorIteratorBase &)::[lambda() (instance 2)]::operator ()() const::[lambda() (instance 2)]::operator ()() const::[lambda(float) (instance 1)], std::array<char *, (unsigned long)2>>(int, T2, T3)"
reference_iteration::rms_quant_decode_b32::6,PushPop,78959,78959,1,1,3103,3103.0,3103.0,3103,3103,0.0,"void at::native::vectorized_elementwise_kernel<(int)4, at::native::CUDAFunctorOnSelf_add<float>, std::array<char *, (unsigned long)2>>(int, T2, T3)"
reference_iteration::rms_quant_decode_b32::6,PushPop,78959,78959,1,1,2719,2719.0,2719.0,2719,2719,0.0,"void at::native::vectorized_elementwise_kernel<(int)4, at::native::BUnaryFunctor<float, float, float, at::native::binary_internal::MulFunctor<float>>, std::array<char *, (unsigned long)2>>(int, T2, T3)"
reference_iteration::rms_quant_decode_b32::7,PushPop,78959,78959,1,3,55326,18442.0,22975.0,5664,26687,11220.6,"void at::native::unrolled_elementwise_kernel<at::native::direct_copy_kernel_cuda(at::TensorIteratorBase &)::[lambda() (instance 3)]::operator ()() const::[lambda() (instance 7)]::operator ()() const::[lambda(float) (instance 1)], std::array<char *, (unsigned long)2>, (int)4, TrivialOffsetCalculator<(int)1, unsigned int>, TrivialOffsetCalculator<(int)1, unsigned int>, at::native::memory::LoadWithCast<(int)1>, at::native::memory::StoreWithCast<(int)1>>(int, T1, T2, T4, T5, T6, T7)"
reference_iteration::rms_quant_decode_b32::7,PushPop,78959,78959,1,2,27934,13967.0,13967.0,13663,14271,429.9,"void at::native::elementwise_kernel<(int)128, (int)2, void at::native::gpu_kernel_impl_nocast<at::native::BinaryFunctor<float, float, float, at::native::binary_internal::MulFunctor<float>>>(at::TensorIteratorBase &, const T1 &)::[lambda(int) (instance 1)]>(int, T3)"
reference_iteration::rms_quant_decode_b32::7,PushPop,78959,78959,1,1,15295,15295.0,15295.0,15295,15295,0.0,"void at::native::elementwise_kernel<(int)128, (int)2, void at::native::gpu_kernel_impl_nocast<at::native::BinaryFunctor<float, float, float, at::native::binary_internal::DivFunctor<float>>>(at::TensorIteratorBase &, const T1 &)::[lambda(int) (instance 1)]>(int, T3)"
reference_iteration::rms_quant_decode_b32::7,PushPop,78959,78959,1,1,14911,14911.0,14911.0,14911,14911,0.0,"void at::native::unrolled_elementwise_kernel<at::native::direct_copy_kernel_cuda(at::TensorIteratorBase &)::[lambda() (instance 3)]::operator ()() const::[lambda() (instance 2)]::operator ()() const::[lambda(signed char) (instance 1)], std::array<char *, (unsigned long)2>, (int)4, TrivialOffsetCalculator<(int)1, unsigned int>, TrivialOffsetCalculator<(int)1, unsigned int>, at::native::memory::LoadWithCast<(int)1>, at::native::memory::StoreWithCast<(int)1>>(int, T1, T2, T4, T5, T6, T7)"
reference_iteration::rms_quant_decode_b32::7,PushPop,78959,78959,1,1,14271,14271.0,14271.0,14271,14271,0.0,"void at::native::reduce_kernel<(int)512, (int)1, at::native::ReduceOp<float, at::native::MeanOps<float, float, float, float>, unsigned int, float, (int)4, (int)4>>(T3)"
reference_iteration::rms_quant_decode_b32::7,PushPop,78959,78959,1,1,14240,14240.0,14240.0,14240,14240,0.0,"void at::native::reduce_kernel<(int)512, (int)1, at::native::ReduceOp<float, at::native::func_wrapper_t<float, at::native::MaxNanFunctor<float>>, unsigned int, float, (int)4, (int)4>>(T3)"
reference_iteration::rms_quant_decode_b32::7,PushPop,78959,78959,1,2,9696,4848.0,4848.0,3744,5952,1561.3,"void at::native::vectorized_elementwise_kernel<(int)4, at::native::<unnamed>::launch_clamp_scalar(at::TensorIteratorBase &, c10::Scalar, c10::Scalar, at::native::detail::ClampLimits)::[lambda() (instance 1)]::operator ()() const::[lambda() (instance 7)]::operator ()() const::[lambda(float) (instance 1)], std::array<char *, (unsigned long)2>>(int, T2, T3)"
reference_iteration::rms_quant_decode_b32::7,PushPop,78959,78959,1,1,6880,6880.0,6880.0,6880,6880,0.0,"void at::native::vectorized_elementwise_kernel<(int)4, void at::native::<unnamed>::pow_tensor_scalar_kernel_impl<float, float>(at::TensorIteratorBase &, T2)::[lambda(float) (instance 1)], std::array<char *, (unsigned long)2>>(int, T2, T3)"
reference_iteration::rms_quant_decode_b32::7,PushPop,78959,78959,1,1,6207,6207.0,6207.0,6207,6207,0.0,"void at::native::vectorized_elementwise_kernel<(int)4, at::native::round_kernel_cuda(at::TensorIteratorBase &)::[lambda() (instance 1)]::operator ()() const::[lambda() (instance 2)]::operator ()() const::[lambda(float) (instance 1)], std::array<char *, (unsigned long)2>>(int, T2, T3)"
reference_iteration::rms_quant_decode_b32::7,PushPop,78959,78959,1,1,5568,5568.0,5568.0,5568,5568,0.0,"void at::native::vectorized_elementwise_kernel<(int)4, at::native::AbsFunctor<float>, std::array<char *, (unsigned long)2>>(int, T2, T3)"
reference_iteration::rms_quant_decode_b32::7,PushPop,78959,78959,1,1,4512,4512.0,4512.0,4512,4512,0.0,"void at::native::vectorized_elementwise_kernel<(int)4, at::native::rsqrt_kernel_cuda(at::TensorIteratorBase &)::[lambda() (instance 2)]::operator ()() const::[lambda() (instance 2)]::operator ()() const::[lambda(float) (instance 1)], std::array<char *, (unsigned long)2>>(int, T2, T3)"
reference_iteration::rms_quant_decode_b32::7,PushPop,78959,78959,1,1,4479,4479.0,4479.0,4479,4479,0.0,"void at::native::vectorized_elementwise_kernel<(int)4, at::native::float16_copy_kernel_cuda(at::TensorIteratorBase &)::[lambda(float) (instance 1)], std::array<char *, (unsigned long)2>>(int, T2, T3)"
reference_iteration::rms_quant_decode_b32::7,PushPop,78959,78959,1,1,3168,3168.0,3168.0,3168,3168,0.0,"void at::native::vectorized_elementwise_kernel<(int)4, at::native::CUDAFunctorOnSelf_add<float>, std::array<char *, (unsigned long)2>>(int, T2, T3)"
reference_iteration::rms_quant_decode_b32::7,PushPop,78959,78959,1,1,2560,2560.0,2560.0,2560,2560,0.0,"void at::native::vectorized_elementwise_kernel<(int)4, at::native::BUnaryFunctor<float, float, float, at::native::binary_internal::MulFunctor<float>>, std::array<char *, (unsigned long)2>>(int, T2, T3)"
reference_iteration::rms_quant_decode_b32::8,PushPop,78959,78959,1,3,55070,18356.7,22847.0,5632,26591,11177.8,"void at::native::unrolled_elementwise_kernel<at::native::direct_copy_kernel_cuda(at::TensorIteratorBase &)::[lambda() (instance 3)]::operator ()() const::[lambda() (instance 7)]::operator ()() const::[lambda(float) (instance 1)], std::array<char *, (unsigned long)2>, (int)4, TrivialOffsetCalculator<(int)1, unsigned int>, TrivialOffsetCalculator<(int)1, unsigned int>, at::native::memory::LoadWithCast<(int)1>, at::native::memory::StoreWithCast<(int)1>>(int, T1, T2, T4, T5, T6, T7)"
reference_iteration::rms_quant_decode_b32::8,PushPop,78959,78959,1,2,27551,13775.5,13775.5,13696,13855,112.4,"void at::native::elementwise_kernel<(int)128, (int)2, void at::native::gpu_kernel_impl_nocast<at::native::BinaryFunctor<float, float, float, at::native::binary_internal::MulFunctor<float>>>(at::TensorIteratorBase &, const T1 &)::[lambda(int) (instance 1)]>(int, T3)"
reference_iteration::rms_quant_decode_b32::8,PushPop,78959,78959,1,1,15552,15552.0,15552.0,15552,15552,0.0,"void at::native::unrolled_elementwise_kernel<at::native::direct_copy_kernel_cuda(at::TensorIteratorBase &)::[lambda() (instance 3)]::operator ()() const::[lambda() (instance 2)]::operator ()() const::[lambda(signed char) (instance 1)], std::array<char *, (unsigned long)2>, (int)4, TrivialOffsetCalculator<(int)1, unsigned int>, TrivialOffsetCalculator<(int)1, unsigned int>, at::native::memory::LoadWithCast<(int)1>, at::native::memory::StoreWithCast<(int)1>>(int, T1, T2, T4, T5, T6, T7)"
reference_iteration::rms_quant_decode_b32::8,PushPop,78959,78959,1,1,15232,15232.0,15232.0,15232,15232,0.0,"void at::native::elementwise_kernel<(int)128, (int)2, void at::native::gpu_kernel_impl_nocast<at::native::BinaryFunctor<float, float, float, at::native::binary_internal::DivFunctor<float>>>(at::TensorIteratorBase &, const T1 &)::[lambda(int) (instance 1)]>(int, T3)"
reference_iteration::rms_quant_decode_b32::8,PushPop,78959,78959,1,1,13888,13888.0,13888.0,13888,13888,0.0,"void at::native::reduce_kernel<(int)512, (int)1, at::native::ReduceOp<float, at::native::func_wrapper_t<float, at::native::MaxNanFunctor<float>>, unsigned int, float, (int)4, (int)4>>(T3)"
reference_iteration::rms_quant_decode_b32::8,PushPop,78959,78959,1,1,12927,12927.0,12927.0,12927,12927,0.0,"void at::native::reduce_kernel<(int)512, (int)1, at::native::ReduceOp<float, at::native::MeanOps<float, float, float, float>, unsigned int, float, (int)4, (int)4>>(T3)"
reference_iteration::rms_quant_decode_b32::8,PushPop,78959,78959,1,1,10719,10719.0,10719.0,10719,10719,0.0,"void at::native::vectorized_elementwise_kernel<(int)4, at::native::round_kernel_cuda(at::TensorIteratorBase &)::[lambda() (instance 1)]::operator ()() const::[lambda() (instance 2)]::operator ()() const::[lambda(float) (instance 1)], std::array<char *, (unsigned long)2>>(int, T2, T3)"
reference_iteration::rms_quant_decode_b32::8,PushPop,78959,78959,1,2,10592,5296.0,5296.0,4128,6464,1651.8,"void at::native::vectorized_elementwise_kernel<(int)4, at::native::<unnamed>::launch_clamp_scalar(at::TensorIteratorBase &, c10::Scalar, c10::Scalar, at::native::detail::ClampLimits)::[lambda() (instance 1)]::operator ()() const::[lambda() (instance 7)]::operator ()() const::[lambda(float) (instance 1)], std::array<char *, (unsigned long)2>>(int, T2, T3)"
reference_iteration::rms_quant_decode_b32::8,PushPop,78959,78959,1,1,6016,6016.0,6016.0,6016,6016,0.0,"void at::native::vectorized_elementwise_kernel<(int)4, void at::native::<unnamed>::pow_tensor_scalar_kernel_impl<float, float>(at::TensorIteratorBase &, T2)::[lambda(float) (instance 1)], std::array<char *, (unsigned long)2>>(int, T2, T3)"
reference_iteration::rms_quant_decode_b32::8,PushPop,78959,78959,1,1,5408,5408.0,5408.0,5408,5408,0.0,"void at::native::vectorized_elementwise_kernel<(int)4, at::native::AbsFunctor<float>, std::array<char *, (unsigned long)2>>(int, T2, T3)"
reference_iteration::rms_quant_decode_b32::8,PushPop,78959,78959,1,1,4703,4703.0,4703.0,4703,4703,0.0,"void at::native::vectorized_elementwise_kernel<(int)4, at::native::float16_copy_kernel_cuda(at::TensorIteratorBase &)::[lambda(float) (instance 1)], std::array<char *, (unsigned long)2>>(int, T2, T3)"
reference_iteration::rms_quant_decode_b32::8,PushPop,78959,78959,1,1,4128,4128.0,4128.0,4128,4128,0.0,"void at::native::vectorized_elementwise_kernel<(int)4, at::native::rsqrt_kernel_cuda(at::TensorIteratorBase &)::[lambda() (instance 2)]::operator ()() const::[lambda() (instance 2)]::operator ()() const::[lambda(float) (instance 1)], std::array<char *, (unsigned long)2>>(int, T2, T3)"
reference_iteration::rms_quant_decode_b32::8,PushPop,78959,78959,1,1,3104,3104.0,3104.0,3104,3104,0.0,"void at::native::vectorized_elementwise_kernel<(int)4, at::native::CUDAFunctorOnSelf_add<float>, std::array<char *, (unsigned long)2>>(int, T2, T3)"
reference_iteration::rms_quant_decode_b32::8,PushPop,78959,78959,1,1,2304,2304.0,2304.0,2304,2304,0.0,"void at::native::vectorized_elementwise_kernel<(int)4, at::native::BUnaryFunctor<float, float, float, at::native::binary_internal::MulFunctor<float>>, std::array<char *, (unsigned long)2>>(int, T2, T3)"
reference_iteration::rms_quant_decode_b32::9,PushPop,78959,78959,1,3,54973,18324.3,23358.0,5536,26079,11158.3,"void at::native::unrolled_elementwise_kernel<at::native::direct_copy_kernel_cuda(at::TensorIteratorBase &)::[lambda() (instance 3)]::operator ()() const::[lambda() (instance 7)]::operator ()() const::[lambda(float) (instance 1)], std::array<char *, (unsigned long)2>, (int)4, TrivialOffsetCalculator<(int)1, unsigned int>, TrivialOffsetCalculator<(int)1, unsigned int>, at::native::memory::LoadWithCast<(int)1>, at::native::memory::StoreWithCast<(int)1>>(int, T1, T2, T4, T5, T6, T7)"
reference_iteration::rms_quant_decode_b32::9,PushPop,78959,78959,1,2,27552,13776.0,13776.0,13344,14208,610.9,"void at::native::elementwise_kernel<(int)128, (int)2, void at::native::gpu_kernel_impl_nocast<at::native::BinaryFunctor<float, float, float, at::native::binary_internal::MulFunctor<float>>>(at::TensorIteratorBase &, const T1 &)::[lambda(int) (instance 1)]>(int, T3)"
reference_iteration::rms_quant_decode_b32::9,PushPop,78959,78959,1,1,15744,15744.0,15744.0,15744,15744,0.0,"void at::native::elementwise_kernel<(int)128, (int)2, void at::native::gpu_kernel_impl_nocast<at::native::BinaryFunctor<float, float, float, at::native::binary_internal::DivFunctor<float>>>(at::TensorIteratorBase &, const T1 &)::[lambda(int) (instance 1)]>(int, T3)"
reference_iteration::rms_quant_decode_b32::9,PushPop,78959,78959,1,1,14336,14336.0,14336.0,14336,14336,0.0,"void at::native::unrolled_elementwise_kernel<at::native::direct_copy_kernel_cuda(at::TensorIteratorBase &)::[lambda() (instance 3)]::operator ()() const::[lambda() (instance 2)]::operator ()() const::[lambda(signed char) (instance 1)], std::array<char *, (unsigned long)2>, (int)4, TrivialOffsetCalculator<(int)1, unsigned int>, TrivialOffsetCalculator<(int)1, unsigned int>, at::native::memory::LoadWithCast<(int)1>, at::native::memory::StoreWithCast<(int)1>>(int, T1, T2, T4, T5, T6, T7)"
reference_iteration::rms_quant_decode_b32::9,PushPop,78959,78959,1,1,13952,13952.0,13952.0,13952,13952,0.0,"void at::native::reduce_kernel<(int)512, (int)1, at::native::ReduceOp<float, at::native::func_wrapper_t<float, at::native::MaxNanFunctor<float>>, unsigned int, float, (int)4, (int)4>>(T3)"
reference_iteration::rms_quant_decode_b32::9,PushPop,78959,78959,1,1,13408,13408.0,13408.0,13408,13408,0.0,"void at::native::reduce_kernel<(int)512, (int)1, at::native::ReduceOp<float, at::native::MeanOps<float, float, float, float>, unsigned int, float, (int)4, (int)4>>(T3)"
reference_iteration::rms_quant_decode_b32::9,PushPop,78959,78959,1,2,10302,5151.0,5151.0,3871,6431,1810.2,"void at::native::vectorized_elementwise_kernel<(int)4, at::native::<unnamed>::launch_clamp_scalar(at::TensorIteratorBase &, c10::Scalar, c10::Scalar, at::native::detail::ClampLimits)::[lambda() (instance 1)]::operator ()() const::[lambda() (instance 7)]::operator ()() const::[lambda(float) (instance 1)], std::array<char *, (unsigned long)2>>(int, T2, T3)"
reference_iteration::rms_quant_decode_b32::9,PushPop,78959,78959,1,1,6176,6176.0,6176.0,6176,6176,0.0,"void at::native::vectorized_elementwise_kernel<(int)4, at::native::round_kernel_cuda(at::TensorIteratorBase &)::[lambda() (instance 1)]::operator ()() const::[lambda() (instance 2)]::operator ()() const::[lambda(float) (instance 1)], std::array<char *, (unsigned long)2>>(int, T2, T3)"
reference_iteration::rms_quant_decode_b32::9,PushPop,78959,78959,1,1,5536,5536.0,5536.0,5536,5536,0.0,"void at::native::vectorized_elementwise_kernel<(int)4, void at::native::<unnamed>::pow_tensor_scalar_kernel_impl<float, float>(at::TensorIteratorBase &, T2)::[lambda(float) (instance 1)], std::array<char *, (unsigned long)2>>(int, T2, T3)"
reference_iteration::rms_quant_decode_b32::9,PushPop,78959,78959,1,1,5344,5344.0,5344.0,5344,5344,0.0,"void at::native::vectorized_elementwise_kernel<(int)4, at::native::AbsFunctor<float>, std::array<char *, (unsigned long)2>>(int, T2, T3)"
reference_iteration::rms_quant_decode_b32::9,PushPop,78959,78959,1,1,4480,4480.0,4480.0,4480,4480,0.0,"void at::native::vectorized_elementwise_kernel<(int)4, at::native::float16_copy_kernel_cuda(at::TensorIteratorBase &)::[lambda(float) (instance 1)], std::array<char *, (unsigned long)2>>(int, T2, T3)"
reference_iteration::rms_quant_decode_b32::9,PushPop,78959,78959,1,1,4160,4160.0,4160.0,4160,4160,0.0,"void at::native::vectorized_elementwise_kernel<(int)4, at::native::rsqrt_kernel_cuda(at::TensorIteratorBase &)::[lambda() (instance 2)]::operator ()() const::[lambda() (instance 2)]::operator ()() const::[lambda(float) (instance 1)], std::array<char *, (unsigned long)2>>(int, T2, T3)"
reference_iteration::rms_quant_decode_b32::9,PushPop,78959,78959,1,1,3072,3072.0,3072.0,3072,3072,0.0,"void at::native::vectorized_elementwise_kernel<(int)4, at::native::CUDAFunctorOnSelf_add<float>, std::array<char *, (unsigned long)2>>(int, T2, T3)"
reference_iteration::rms_quant_decode_b32::9,PushPop,78959,78959,1,1,2687,2687.0,2687.0,2687,2687,0.0,"void at::native::vectorized_elementwise_kernel<(int)4, at::native::BUnaryFunctor<float, float, float, at::native::binary_internal::MulFunctor<float>>, std::array<char *, (unsigned long)2>>(int, T2, T3)"
reference_iteration::rope_gqa_decode_b32::0,PushPop,78959,78959,1,12,85403,7116.9,6767.5,3647,13791,3594.8,"void at::native::elementwise_kernel<(int)128, (int)2, void at::native::gpu_kernel_impl_nocast<at::native::BinaryFunctor<float, float, float, at::native::binary_internal::MulFunctor<float>>>(at::TensorIteratorBase &, const T1 &)::[lambda(int) (instance 1)]>(int, T3)"
reference_iteration::rope_gqa_decode_b32::0,PushPop,78959,78959,1,10,80892,8089.2,3008.0,2432,23711,8483.1,"void at::native::unrolled_elementwise_kernel<at::native::direct_copy_kernel_cuda(at::TensorIteratorBase &)::[lambda() (instance 3)]::operator ()() const::[lambda() (instance 7)]::operator ()() const::[lambda(float) (instance 1)], std::array<char *, (unsigned long)2>, (int)4, TrivialOffsetCalculator<(int)1, unsigned int>, TrivialOffsetCalculator<(int)1, unsigned int>, at::native::memory::LoadWithCast<(int)1>, at::native::memory::StoreWithCast<(int)1>>(int, T1, T2, T4, T5, T6, T7)"
reference_iteration::rope_gqa_decode_b32::0,PushPop,78959,78959,1,2,31615,15807.5,15807.5,8544,23071,10272.1,"void at::native::<unnamed>::CatArrayBatchedCopy_aligned16_contig<at::native::<unnamed>::OpaqueType<(unsigned int)4>, unsigned int, (int)4, (int)128, (int)1>(T1 *, at::native::<unnamed>::CatArrInputTensorMetadata<T1, T2, T4, T5>, at::native::<unnamed>::TensorSizeStride<T2, (unsigned int)4>, int, T2)"
reference_iteration::rope_gqa_decode_b32::0,PushPop,78959,78959,1,2,24639,12319.5,12319.5,8032,16607,6063.4,"void at::native::reduce_kernel<(int)512, (int)1, at::native::ReduceOp<float, at::native::MeanOps<float, float, float, float>, unsigned int, float, (int)4, (int)4>>(T3)"
reference_iteration::rope_gqa_decode_b32::0,PushPop,78959,78959,1,4,13822,3455.5,3439.5,2527,4416,938.9,"void at::native::vectorized_elementwise_kernel<(int)4, at::native::CUDAFunctor_add<float>, std::array<char *, (unsigned long)3>>(int, T2, T3)"
reference_iteration::rope_gqa_decode_b32::0,PushPop,78959,78959,1,4,13727,3431.8,3375.5,2528,4448,1047.6,"void at::native::vectorized_elementwise_kernel<(int)4, at::native::float16_copy_kernel_cuda(at::TensorIteratorBase &)::[lambda(float) (instance 1)], std::array<char *, (unsigned long)2>>(int, T2, T3)"
reference_iteration::rope_gqa_decode_b32::0,PushPop,78959,78959,1,2,11648,5824.0,5824.0,4160,7488,2353.3,"void at::native::vectorized_elementwise_kernel<(int)4, at::native::rsqrt_kernel_cuda(at::TensorIteratorBase &)::[lambda() (instance 2)]::operator ()() const::[lambda() (instance 2)]::operator ()() const::[lambda(float) (instance 1)], std::array<char *, (unsigned long)2>>(int, T2, T3)"
reference_iteration::rope_gqa_decode_b32::0,PushPop,78959,78959,1,2,8288,4144.0,4144.0,2944,5344,1697.1,"void at::native::vectorized_elementwise_kernel<(int)4, void at::native::<unnamed>::pow_tensor_scalar_kernel_impl<float, float>(at::TensorIteratorBase &, T2)::[lambda(float) (instance 1)], std::array<char *, (unsigned long)2>>(int, T2, T3)"
reference_iteration::rope_gqa_decode_b32::0,PushPop,78959,78959,1,2,5568,2784.0,2784.0,2624,2944,226.3,"void at::native::vectorized_elementwise_kernel<(int)4, at::native::CUDAFunctorOnSelf_add<float>, std::array<char *, (unsigned long)2>>(int, T2, T3)"
reference_iteration::rope_gqa_decode_b32::1,PushPop,78959,78959,1,12,84988,7082.3,6624.0,3680,13567,3547.7,"void at::native::elementwise_kernel<(int)128, (int)2, void at::native::gpu_kernel_impl_nocast<at::native::BinaryFunctor<float, float, float, at::native::binary_internal::MulFunctor<float>>>(at::TensorIteratorBase &, const T1 &)::[lambda(int) (instance 1)]>(int, T3)"
reference_iteration::rope_gqa_decode_b32::1,PushPop,78959,78959,1,10,78973,7897.3,2751.5,2432,23999,8664.5,"void at::native::unrolled_elementwise_kernel<at::native::direct_copy_kernel_cuda(at::TensorIteratorBase &)::[lambda() (instance 3)]::operator ()() const::[lambda() (instance 7)]::operator ()() const::[lambda(float) (instance 1)], std::array<char *, (unsigned long)2>, (int)4, TrivialOffsetCalculator<(int)1, unsigned int>, TrivialOffsetCalculator<(int)1, unsigned int>, at::native::memory::LoadWithCast<(int)1>, at::native::memory::StoreWithCast<(int)1>>(int, T1, T2, T4, T5, T6, T7)"
reference_iteration::rope_gqa_decode_b32::1,PushPop,78959,78959,1,2,29406,14703.0,14703.0,8799,20607,8349.5,"void at::native::<unnamed>::CatArrayBatchedCopy_aligned16_contig<at::native::<unnamed>::OpaqueType<(unsigned int)4>, unsigned int, (int)4, (int)128, (int)1>(T1 *, at::native::<unnamed>::CatArrInputTensorMetadata<T1, T2, T4, T5>, at::native::<unnamed>::TensorSizeStride<T2, (unsigned int)4>, int, T2)"
reference_iteration::rope_gqa_decode_b32::1,PushPop,78959,78959,1,2,21055,10527.5,10527.5,6431,14624,5793.3,"void at::native::reduce_kernel<(int)512, (int)1, at::native::ReduceOp<float, at::native::MeanOps<float, float, float, float>, unsigned int, float, (int)4, (int)4>>(T3)"
reference_iteration::rope_gqa_decode_b32::1,PushPop,78959,78959,1,4,13344,3336.0,3408.0,2496,4032,780.5,"void at::native::vectorized_elementwise_kernel<(int)4, at::native::float16_copy_kernel_cuda(at::TensorIteratorBase &)::[lambda(float) (instance 1)], std::array<char *, (unsigned long)2>>(int, T2, T3)"
reference_iteration::rope_gqa_decode_b32::1,PushPop,78959,78959,1,4,13216,3304.0,3264.0,2496,4192,918.0,"void at::native::vectorized_elementwise_kernel<(int)4, at::native::CUDAFunctor_add<float>, std::array<char *, (unsigned long)3>>(int, T2, T3)"
reference_iteration::rope_gqa_decode_b32::1,PushPop,78959,78959,1,2,8576,4288.0,4288.0,2912,5664,1946.0,"void at::native::vectorized_elementwise_kernel<(int)4, void at::native::<unnamed>::pow_tensor_scalar_kernel_impl<float, float>(at::TensorIteratorBase &, T2)::[lambda(float) (instance 1)], std::array<char *, (unsigned long)2>>(int, T2, T3)"
reference_iteration::rope_gqa_decode_b32::1,PushPop,78959,78959,1,2,6304,3152.0,3152.0,2336,3968,1154.0,"void at::native::vectorized_elementwise_kernel<(int)4, at::native::rsqrt_kernel_cuda(at::TensorIteratorBase &)::[lambda() (instance 2)]::operator ()() const::[lambda() (instance 2)]::operator ()() const::[lambda(float) (instance 1)], std::array<char *, (unsigned long)2>>(int, T2, T3)"
reference_iteration::rope_gqa_decode_b32::1,PushPop,78959,78959,1,2,5184,2592.0,2592.0,2560,2624,45.3,"void at::native::vectorized_elementwise_kernel<(int)4, at::native::CUDAFunctorOnSelf_add<float>, std::array<char *, (unsigned long)2>>(int, T2, T3)"
reference_iteration::rope_gqa_decode_b32::10,PushPop,78959,78959,1,12,85856,7154.7,6528.0,3712,13600,3587.1,"void at::native::elementwise_kernel<(int)128, (int)2, void at::native::gpu_kernel_impl_nocast<at::native::BinaryFunctor<float, float, float, at::native::binary_internal::MulFunctor<float>>>(at::TensorIteratorBase &, const T1 &)::[lambda(int) (instance 1)]>(int, T3)"
reference_iteration::rope_gqa_decode_b32::10,PushPop,78959,78959,1,10,78587,7858.7,2911.5,2464,23679,8434.5,"void at::native::unrolled_elementwise_kernel<at::native::direct_copy_kernel_cuda(at::TensorIteratorBase &)::[lambda() (instance 3)]::operator ()() const::[lambda() (instance 7)]::operator ()() const::[lambda(float) (instance 1)], std::array<char *, (unsigned long)2>, (int)4, TrivialOffsetCalculator<(int)1, unsigned int>, TrivialOffsetCalculator<(int)1, unsigned int>, at::native::memory::LoadWithCast<(int)1>, at::native::memory::StoreWithCast<(int)1>>(int, T1, T2, T4, T5, T6, T7)"
reference_iteration::rope_gqa_decode_b32::10,PushPop,78959,78959,1,2,28480,14240.0,14240.0,8416,20064,8236.4,"void at::native::<unnamed>::CatArrayBatchedCopy_aligned16_contig<at::native::<unnamed>::OpaqueType<(unsigned int)4>, unsigned int, (int)4, (int)128, (int)1>(T1 *, at::native::<unnamed>::CatArrInputTensorMetadata<T1, T2, T4, T5>, at::native::<unnamed>::TensorSizeStride<T2, (unsigned int)4>, int, T2)"
reference_iteration::rope_gqa_decode_b32::10,PushPop,78959,78959,1,2,20959,10479.5,10479.5,6400,14559,5769.3,"void at::native::reduce_kernel<(int)512, (int)1, at::native::ReduceOp<float, at::native::MeanOps<float, float, float, float>, unsigned int, float, (int)4, (int)4>>(T3)"
reference_iteration::rope_gqa_decode_b32::10,PushPop,78959,78959,1,4,13279,3319.8,3296.0,2464,4223,953.8,"void at::native::vectorized_elementwise_kernel<(int)4, at::native::CUDAFunctor_add<float>, std::array<char *, (unsigned long)3>>(int, T2, T3)"
reference_iteration::rope_gqa_decode_b32::10,PushPop,78959,78959,1,4,13152,3288.0,3248.0,2496,4160,882.7,"void at::native::vectorized_elementwise_kernel<(int)4, at::native::float16_copy_kernel_cuda(at::TensorIteratorBase &)::[lambda(float) (instance 1)], std::array<char *, (unsigned long)2>>(int, T2, T3)"
reference_iteration::rope_gqa_decode_b32::10,PushPop,78959,78959,1,2,7936,3968.0,3968.0,2880,5056,1538.7,"void at::native::vectorized_elementwise_kernel<(int)4, void at::native::<unnamed>::pow_tensor_scalar_kernel_impl<float, float>(at::TensorIteratorBase &, T2)::[lambda(float) (instance 1)], std::array<char *, (unsigned long)2>>(int, T2, T3)"
reference_iteration::rope_gqa_decode_b32::10,PushPop,78959,78959,1,2,6335,3167.5,3167.5,2528,3807,904.4,"void at::native::vectorized_elementwise_kernel<(int)4, at::native::rsqrt_kernel_cuda(at::TensorIteratorBase &)::[lambda() (instance 2)]::operator ()() const::[lambda() (instance 2)]::operator ()() const::[lambda(float) (instance 1)], std::array<char *, (unsigned long)2>>(int, T2, T3)"
reference_iteration::rope_gqa_decode_b32::10,PushPop,78959,78959,1,2,5088,2544.0,2544.0,2464,2624,113.1,"void at::native::vectorized_elementwise_kernel<(int)4, at::native::CUDAFunctorOnSelf_add<float>, std::array<char *, (unsigned long)2>>(int, T2, T3)"
reference_iteration::rope_gqa_decode_b32::11,PushPop,78959,78959,1,12,85118,7093.2,6400.0,3648,13504,3616.8,"void at::native::elementwise_kernel<(int)128, (int)2, void at::native::gpu_kernel_impl_nocast<at::native::BinaryFunctor<float, float, float, at::native::binary_internal::MulFunctor<float>>>(at::TensorIteratorBase &, const T1 &)::[lambda(int) (instance 1)]>(int, T3)"
reference_iteration::rope_gqa_decode_b32::11,PushPop,78959,78959,1,10,79164,7916.4,3023.0,2464,23935,8488.3,"void at::native::unrolled_elementwise_kernel<at::native::direct_copy_kernel_cuda(at::TensorIteratorBase &)::[lambda() (instance 3)]::operator ()() const::[lambda() (instance 7)]::operator ()() const::[lambda(float) (instance 1)], std::array<char *, (unsigned long)2>, (int)4, TrivialOffsetCalculator<(int)1, unsigned int>, TrivialOffsetCalculator<(int)1, unsigned int>, at::native::memory::LoadWithCast<(int)1>, at::native::memory::StoreWithCast<(int)1>>(int, T1, T2, T4, T5, T6, T7)"
reference_iteration::rope_gqa_decode_b32::11,PushPop,78959,78959,1,2,28734,14367.0,14367.0,8543,20191,8236.4,"void at::native::<unnamed>::CatArrayBatchedCopy_aligned16_contig<at::native::<unnamed>::OpaqueType<(unsigned int)4>, unsigned int, (int)4, (int)128, (int)1>(T1 *, at::native::<unnamed>::CatArrInputTensorMetadata<T1, T2, T4, T5>, at::native::<unnamed>::TensorSizeStride<T2, (unsigned int)4>, int, T2)"
reference_iteration::rope_gqa_decode_b32::11,PushPop,78959,78959,1,2,20864,10432.0,10432.0,6432,14432,5656.9,"void at::native::reduce_kernel<(int)512, (int)1, at::native::ReduceOp<float, at::native::MeanOps<float, float, float, float>, unsigned int, float, (int)4, (int)4>>(T3)"
reference_iteration::rope_gqa_decode_b32::11,PushPop,78959,78959,1,4,13119,3279.8,3200.0,2464,4255,934.6,"void at::native::vectorized_elementwise_kernel<(int)4, at::native::CUDAFunctor_add<float>, std::array<char *, (unsigned long)3>>(int, T2, T3)"
reference_iteration::rope_gqa_decode_b32::11,PushPop,78959,78959,1,4,13024,3256.0,3312.0,2464,3936,773.9,"void at::native::vectorized_elementwise_kernel<(int)4, at::native::float16_copy_kernel_cuda(at::TensorIteratorBase &)::[lambda(float) (instance 1)], std::array<char *, (unsigned long)2>>(int, T2, T3)"
reference_iteration::rope_gqa_decode_b32::11,PushPop,78959,78959,1,2,8287,4143.5,4143.5,2879,5408,1788.3,"void at::native::vectorized_elementwise_kernel<(int)4, void at::native::<unnamed>::pow_tensor_scalar_kernel_impl<float, float>(at::TensorIteratorBase &, T2)::[lambda(float) (instance 1)], std::array<char *, (unsigned long)2>>(int, T2, T3)"
reference_iteration::rope_gqa_decode_b32::11,PushPop,78959,78959,1,2,6400,3200.0,3200.0,2528,3872,950.4,"void at::native::vectorized_elementwise_kernel<(int)4, at::native::rsqrt_kernel_cuda(at::TensorIteratorBase &)::[lambda() (instance 2)]::operator ()() const::[lambda() (instance 2)]::operator ()() const::[lambda(float) (instance 1)], std::array<char *, (unsigned long)2>>(int, T2, T3)"
reference_iteration::rope_gqa_decode_b32::11,PushPop,78959,78959,1,2,4511,2255.5,2255.5,2208,2303,67.2,"void at::native::vectorized_elementwise_kernel<(int)4, at::native::CUDAFunctorOnSelf_add<float>, std::array<char *, (unsigned long)2>>(int, T2, T3)"
reference_iteration::rope_gqa_decode_b32::2,PushPop,78959,78959,1,12,84830,7069.2,6416.0,3680,13343,3559.2,"void at::native::elementwise_kernel<(int)128, (int)2, void at::native::gpu_kernel_impl_nocast<at::native::BinaryFunctor<float, float, float, at::native::binary_internal::MulFunctor<float>>>(at::TensorIteratorBase &, const T1 &)::[lambda(int) (instance 1)]>(int, T3)"
reference_iteration::rope_gqa_decode_b32::2,PushPop,78959,78959,1,10,78846,7884.6,2688.0,2464,24287,8663.1,"void at::native::unrolled_elementwise_kernel<at::native::direct_copy_kernel_cuda(at::TensorIteratorBase &)::[lambda() (instance 3)]::operator ()() const::[lambda() (instance 7)]::operator ()() const::[lambda(float) (instance 1)], std::array<char *, (unsigned long)2>, (int)4, TrivialOffsetCalculator<(int)1, unsigned int>, TrivialOffsetCalculator<(int)1, unsigned int>, at::native::memory::LoadWithCast<(int)1>, at::native::memory::StoreWithCast<(int)1>>(int, T1, T2, T4, T5, T6, T7)"
reference_iteration::rope_gqa_decode_b32::2,PushPop,78959,78959,1,2,28734,14367.0,14367.0,8543,20191,8236.4,"void at::native::<unnamed>::CatArrayBatchedCopy_aligned16_contig<at::native::<unnamed>::OpaqueType<(unsigned int)4>, unsigned int, (int)4, (int)128, (int)1>(T1 *, at::native::<unnamed>::CatArrInputTensorMetadata<T1, T2, T4, T5>, at::native::<unnamed>::TensorSizeStride<T2, (unsigned int)4>, int, T2)"
reference_iteration::rope_gqa_decode_b32::2,PushPop,78959,78959,1,2,20862,10431.0,10431.0,6303,14559,5837.9,"void at::native::reduce_kernel<(int)512, (int)1, at::native::ReduceOp<float, at::native::MeanOps<float, float, float, float>, unsigned int, float, (int)4, (int)4>>(T3)"
reference_iteration::rope_gqa_decode_b32::2,PushPop,78959,78959,1,4,13374,3343.5,3327.5,2496,4223,878.0,"void at::native::vectorized_elementwise_kernel<(int)4, at::native::float16_copy_kernel_cuda(at::TensorIteratorBase &)::[lambda(float) (instance 1)], std::array<char *, (unsigned long)2>>(int, T2, T3)"
reference_iteration::rope_gqa_decode_b32::2,PushPop,78959,78959,1,4,13312,3328.0,3296.0,2496,4224,944.6,"void at::native::vectorized_elementwise_kernel<(int)4, at::native::CUDAFunctor_add<float>, std::array<char *, (unsigned long)3>>(int, T2, T3)"
reference_iteration::rope_gqa_decode_b32::2,PushPop,78959,78959,1,2,8928,4464.0,4464.0,2944,5984,2149.6,"void at::native::vectorized_elementwise_kernel<(int)4, void at::native::<unnamed>::pow_tensor_scalar_kernel_impl<float, float>(at::TensorIteratorBase &, T2)::[lambda(float) (instance 1)], std::array<char *, (unsigned long)2>>(int, T2, T3)"
reference_iteration::rope_gqa_decode_b32::2,PushPop,78959,78959,1,2,6496,3248.0,3248.0,2528,3968,1018.2,"void at::native::vectorized_elementwise_kernel<(int)4, at::native::rsqrt_kernel_cuda(at::TensorIteratorBase &)::[lambda() (instance 2)]::operator ()() const::[lambda() (instance 2)]::operator ()() const::[lambda(float) (instance 1)], std::array<char *, (unsigned long)2>>(int, T2, T3)"
reference_iteration::rope_gqa_decode_b32::2,PushPop,78959,78959,1,2,5056,2528.0,2528.0,2432,2624,135.8,"void at::native::vectorized_elementwise_kernel<(int)4, at::native::CUDAFunctorOnSelf_add<float>, std::array<char *, (unsigned long)2>>(int, T2, T3)"
reference_iteration::rope_gqa_decode_b32::3,PushPop,78959,78959,1,12,85116,7093.0,6431.5,3679,13600,3603.3,"void at::native::elementwise_kernel<(int)128, (int)2, void at::native::gpu_kernel_impl_nocast<at::native::BinaryFunctor<float, float, float, at::native::binary_internal::MulFunctor<float>>>(at::TensorIteratorBase &, const T1 &)::[lambda(int) (instance 1)]>(int, T3)"
reference_iteration::rope_gqa_decode_b32::3,PushPop,78959,78959,1,10,78460,7846.0,2784.0,2464,24191,8566.9,"void at::native::unrolled_elementwise_kernel<at::native::direct_copy_kernel_cuda(at::TensorIteratorBase &)::[lambda() (instance 3)]::operator ()() const::[lambda() (instance 7)]::operator ()() const::[lambda(float) (instance 1)], std::array<char *, (unsigned long)2>, (int)4, TrivialOffsetCalculator<(int)1, unsigned int>, TrivialOffsetCalculator<(int)1, unsigned int>, at::native::memory::LoadWithCast<(int)1>, at::native::memory::StoreWithCast<(int)1>>(int, T1, T2, T4, T5, T6, T7)"
reference_iteration::rope_gqa_decode_b32::3,PushPop,78959,78959,1,2,29439,14719.5,14719.5,8704,20735,8507.2,"void at::native::<unnamed>::CatArrayBatchedCopy_aligned16_contig<at::native::<unnamed>::OpaqueType<(unsigned int)4>, unsigned int, (int)4, (int)128, (int)1>(T1 *, at::native::<unnamed>::CatArrInputTensorMetadata<T1, T2, T4, T5>, at::native::<unnamed>::TensorSizeStride<T2, (unsigned int)4>, int, T2)"
reference_iteration::rope_gqa_decode_b32::3,PushPop,78959,78959,1,2,20672,10336.0,10336.0,6144,14528,5928.4,"void at::native::reduce_kernel<(int)512, (int)1, at::native::ReduceOp<float, at::native::MeanOps<float, float, float, float>, unsigned int, float, (int)4, (int)4>>(T3)"
reference_iteration::rope_gqa_decode_b32::3,PushPop,78959,78959,1,4,13535,3383.8,3376.0,2528,4255,970.1,"void at::native::vectorized_elementwise_kernel<(int)4, at::native::CUDAFunctor_add<float>, std::array<char *, (unsigned long)3>>(int, T2, T3)"
reference_iteration::rope_gqa_decode_b32::3,PushPop,78959,78959,1,4,13247,3311.8,3327.5,2528,4064,816.2,"void at::native::vectorized_elementwise_kernel<(int)4, at::native::float16_copy_kernel_cuda(at::TensorIteratorBase &)::[lambda(float) (instance 1)], std::array<char *, (unsigned long)2>>(int, T2, T3)"
reference_iteration::rope_gqa_decode_b32::3,PushPop,78959,78959,1,2,8064,4032.0,4032.0,2912,5152,1583.9,"void at::native::vectorized_elementwise_kernel<(int)4, void at::native::<unnamed>::pow_tensor_scalar_kernel_impl<float, float>(at::TensorIteratorBase &, T2)::[lambda(float) (instance 1)], std::array<char *, (unsigned long)2>>(int, T2, T3)"
reference_iteration::rope_gqa_decode_b32::3,PushPop,78959,78959,1,2,6336,3168.0,3168.0,2528,3808,905.1,"void at::native::vectorized_elementwise_kernel<(int)4, at::native::rsqrt_kernel_cuda(at::TensorIteratorBase &)::[lambda() (instance 2)]::operator ()() const::[lambda() (instance 2)]::operator ()() const::[lambda(float) (instance 1)], std::array<char *, (unsigned long)2>>(int, T2, T3)"
reference_iteration::rope_gqa_decode_b32::3,PushPop,78959,78959,1,2,4991,2495.5,2495.5,2368,2623,180.3,"void at::native::vectorized_elementwise_kernel<(int)4, at::native::CUDAFunctorOnSelf_add<float>, std::array<char *, (unsigned long)2>>(int, T2, T3)"
reference_iteration::rope_gqa_decode_b32::4,PushPop,78959,78959,1,12,85214,7101.2,6543.5,3648,13440,3566.9,"void at::native::elementwise_kernel<(int)128, (int)2, void at::native::gpu_kernel_impl_nocast<at::native::BinaryFunctor<float, float, float, at::native::binary_internal::MulFunctor<float>>>(at::TensorIteratorBase &, const T1 &)::[lambda(int) (instance 1)]>(int, T3)"
reference_iteration::rope_gqa_decode_b32::4,PushPop,78959,78959,1,10,79387,7938.7,2911.5,2431,24255,8646.9,"void at::native::unrolled_elementwise_kernel<at::native::direct_copy_kernel_cuda(at::TensorIteratorBase &)::[lambda() (instance 3)]::operator ()() const::[lambda() (instance 7)]::operator ()() const::[lambda(float) (instance 1)], std::array<char *, (unsigned long)2>, (int)4, TrivialOffsetCalculator<(int)1, unsigned int>, TrivialOffsetCalculator<(int)1, unsigned int>, at::native::memory::LoadWithCast<(int)1>, at::native::memory::StoreWithCast<(int)1>>(int, T1, T2, T4, T5, T6, T7)"
reference_iteration::rope_gqa_decode_b32::4,PushPop,78959,78959,1,2,28639,14319.5,14319.5,8576,20063,8122.5,"void at::native::<unnamed>::CatArrayBatchedCopy_aligned16_contig<at::native::<unnamed>::OpaqueType<(unsigned int)4>, unsigned int, (int)4, (int)128, (int)1>(T1 *, at::native::<unnamed>::CatArrInputTensorMetadata<T1, T2, T4, T5>, at::native::<unnamed>::TensorSizeStride<T2, (unsigned int)4>, int, T2)"
reference_iteration::rope_gqa_decode_b32::4,PushPop,78959,78959,1,2,21312,10656.0,10656.0,6656,14656,5656.9,"void at::native::reduce_kernel<(int)512, (int)1, at::native::ReduceOp<float, at::native::MeanOps<float, float, float, float>, unsigned int, float, (int)4, (int)4>>(T3)"
reference_iteration::rope_gqa_decode_b32::4,PushPop,78959,78959,1,4,13440,3360.0,3344.0,2496,4256,866.2,"void at::native::vectorized_elementwise_kernel<(int)4, at::native::float16_copy_kernel_cuda(at::TensorIteratorBase &)::[lambda(float) (instance 1)], std::array<char *, (unsigned long)2>>(int, T2, T3)"
reference_iteration::rope_gqa_decode_b32::4,PushPop,78959,78959,1,4,13248,3312.0,3264.0,2496,4224,945.5,"void at::native::vectorized_elementwise_kernel<(int)4, at::native::CUDAFunctor_add<float>, std::array<char *, (unsigned long)3>>(int, T2, T3)"
reference_iteration::rope_gqa_decode_b32::4,PushPop,78959,78959,1,2,8767,4383.5,4383.5,2944,5823,2035.8,"void at::native::vectorized_elementwise_kernel<(int)4, void at::native::<unnamed>::pow_tensor_scalar_kernel_impl<float, float>(at::TensorIteratorBase &, T2)::[lambda(float) (instance 1)], std::array<char *, (unsigned long)2>>(int, T2, T3)"
reference_iteration::rope_gqa_decode_b32::4,PushPop,78959,78959,1,2,6431,3215.5,3215.5,2559,3872,928.4,"void at::native::vectorized_elementwise_kernel<(int)4, at::native::rsqrt_kernel_cuda(at::TensorIteratorBase &)::[lambda() (instance 2)]::operator ()() const::[lambda() (instance 2)]::operator ()() const::[lambda(float) (instance 1)], std::array<char *, (unsigned long)2>>(int, T2, T3)"
reference_iteration::rope_gqa_decode_b32::4,PushPop,78959,78959,1,2,4960,2480.0,2480.0,2176,2784,429.9,"void at::native::vectorized_elementwise_kernel<(int)4, at::native::CUDAFunctorOnSelf_add<float>, std::array<char *, (unsigned long)2>>(int, T2, T3)"
reference_iteration::rope_gqa_decode_b32::5,PushPop,78959,78959,1,12,85050,7087.5,6416.0,3648,13439,3589.1,"void at::native::elementwise_kernel<(int)128, (int)2, void at::native::gpu_kernel_impl_nocast<at::native::BinaryFunctor<float, float, float, at::native::binary_internal::MulFunctor<float>>>(at::TensorIteratorBase &, const T1 &)::[lambda(int) (instance 1)]>(int, T3)"
reference_iteration::rope_gqa_decode_b32::5,PushPop,78959,78959,1,10,78942,7894.2,3008.0,2464,24063,8479.2,"void at::native::unrolled_elementwise_kernel<at::native::direct_copy_kernel_cuda(at::TensorIteratorBase &)::[lambda() (instance 3)]::operator ()() const::[lambda() (instance 7)]::operator ()() const::[lambda(float) (instance 1)], std::array<char *, (unsigned long)2>, (int)4, TrivialOffsetCalculator<(int)1, unsigned int>, TrivialOffsetCalculator<(int)1, unsigned int>, at::native::memory::LoadWithCast<(int)1>, at::native::memory::StoreWithCast<(int)1>>(int, T1, T2, T4, T5, T6, T7)"
reference_iteration::rope_gqa_decode_b32::5,PushPop,78959,78959,1,2,28958,14479.0,14479.0,8575,20383,8349.5,"void at::native::<unnamed>::CatArrayBatchedCopy_aligned16_contig<at::native::<unnamed>::OpaqueType<(unsigned int)4>, unsigned int, (int)4, (int)128, (int)1>(T1 *, at::native::<unnamed>::CatArrInputTensorMetadata<T1, T2, T4, T5>, at::native::<unnamed>::TensorSizeStride<T2, (unsigned int)4>, int, T2)"
reference_iteration::rope_gqa_decode_b32::5,PushPop,78959,78959,1,2,20990,10495.0,10495.0,6559,14431,5566.3,"void at::native::reduce_kernel<(int)512, (int)1, at::native::ReduceOp<float, at::native::MeanOps<float, float, float, float>, unsigned int, float, (int)4, (int)4>>(T3)"
reference_iteration::rope_gqa_decode_b32::5,PushPop,78959,78959,1,4,13344,3336.0,3376.0,2560,4032,806.3,"void at::native::vectorized_elementwise_kernel<(int)4, at::native::float16_copy_kernel_cuda(at::TensorIteratorBase &)::[lambda(float) (instance 1)], std::array<char *, (unsigned long)2>>(int, T2, T3)"
reference_iteration::rope_gqa_decode_b32::5,PushPop,78959,78959,1,4,13248,3312.0,3280.0,2496,4192,926.2,"void at::native::vectorized_elementwise_kernel<(int)4, at::native::CUDAFunctor_add<float>, std::array<char *, (unsigned long)3>>(int, T2, T3)"
reference_iteration::rope_gqa_decode_b32::5,PushPop,78959,78959,1,2,8928,4464.0,4464.0,2912,6016,2194.9,"void at::native::vectorized_elementwise_kernel<(int)4, void at::native::<unnamed>::pow_tensor_scalar_kernel_impl<float, float>(at::TensorIteratorBase &, T2)::[lambda(float) (instance 1)], std::array<char *, (unsigned long)2>>(int, T2, T3)"
reference_iteration::rope_gqa_decode_b32::5,PushPop,78959,78959,1,2,6304,3152.0,3152.0,2528,3776,882.5,"void at::native::vectorized_elementwise_kernel<(int)4, at::native::rsqrt_kernel_cuda(at::TensorIteratorBase &)::[lambda() (instance 2)]::operator ()() const::[lambda() (instance 2)]::operator ()() const::[lambda(float) (instance 1)], std::array<char *, (unsigned long)2>>(int, T2, T3)"
reference_iteration::rope_gqa_decode_b32::5,PushPop,78959,78959,1,2,4832,2416.0,2416.0,2208,2624,294.2,"void at::native::vectorized_elementwise_kernel<(int)4, at::native::CUDAFunctorOnSelf_add<float>, std::array<char *, (unsigned long)2>>(int, T2, T3)"
reference_iteration::rope_gqa_decode_b32::6,PushPop,78959,78959,1,12,85214,7101.2,6416.0,3647,13439,3580.5,"void at::native::elementwise_kernel<(int)128, (int)2, void at::native::gpu_kernel_impl_nocast<at::native::BinaryFunctor<float, float, float, at::native::binary_internal::MulFunctor<float>>>(at::TensorIteratorBase &, const T1 &)::[lambda(int) (instance 1)]>(int, T3)"
reference_iteration::rope_gqa_decode_b32::6,PushPop,78959,78959,1,10,78909,7890.9,3008.0,2432,23839,8506.6,"void at::native::unrolled_elementwise_kernel<at::native::direct_copy_kernel_cuda(at::TensorIteratorBase &)::[lambda() (instance 3)]::operator ()() const::[lambda() (instance 7)]::operator ()() const::[lambda(float) (instance 1)], std::array<char *, (unsigned long)2>, (int)4, TrivialOffsetCalculator<(int)1, unsigned int>, TrivialOffsetCalculator<(int)1, unsigned int>, at::native::memory::LoadWithCast<(int)1>, at::native::memory::StoreWithCast<(int)1>>(int, T1, T2, T4, T5, T6, T7)"
reference_iteration::rope_gqa_decode_b32::6,PushPop,78959,78959,1,2,29376,14688.0,14688.0,8864,20512,8236.4,"void at::native::<unnamed>::CatArrayBatchedCopy_aligned16_contig<at::native::<unnamed>::OpaqueType<(unsigned int)4>, unsigned int, (int)4, (int)128, (int)1>(T1 *, at::native::<unnamed>::CatArrInputTensorMetadata<T1, T2, T4, T5>, at::native::<unnamed>::TensorSizeStride<T2, (unsigned int)4>, int, T2)"
reference_iteration::rope_gqa_decode_b32::6,PushPop,78959,78959,1,2,20831,10415.5,10415.5,6368,14463,5724.0,"void at::native::reduce_kernel<(int)512, (int)1, at::native::ReduceOp<float, at::native::MeanOps<float, float, float, float>, unsigned int, float, (int)4, (int)4>>(T3)"
reference_iteration::rope_gqa_decode_b32::6,PushPop,78959,78959,1,4,13310,3327.5,3295.5,2496,4223,944.0,"void at::native::vectorized_elementwise_kernel<(int)4, at::native::CUDAFunctor_add<float>, std::array<char *, (unsigned long)3>>(int, T2, T3)"
reference_iteration::rope_gqa_decode_b32::6,PushPop,78959,78959,1,4,13214,3303.5,3327.5,2527,4032,790.1,"void at::native::vectorized_elementwise_kernel<(int)4, at::native::float16_copy_kernel_cuda(at::TensorIteratorBase &)::[lambda(float) (instance 1)], std::array<char *, (unsigned long)2>>(int, T2, T3)"
reference_iteration::rope_gqa_decode_b32::6,PushPop,78959,78959,1,2,8384,4192.0,4192.0,2912,5472,1810.2,"void at::native::vectorized_elementwise_kernel<(int)4, void at::native::<unnamed>::pow_tensor_scalar_kernel_impl<float, float>(at::TensorIteratorBase &, T2)::[lambda(float) (instance 1)], std::array<char *, (unsigned long)2>>(int, T2, T3)"
reference_iteration::rope_gqa_decode_b32::6,PushPop,78959,78959,1,2,6368,3184.0,3184.0,2560,3808,882.5,"void at::native::vectorized_elementwise_kernel<(int)4, at::native::rsqrt_kernel_cuda(at::TensorIteratorBase &)::[lambda() (instance 2)]::operator ()() const::[lambda() (instance 2)]::operator ()() const::[lambda(float) (instance 1)], std::array<char *, (unsigned long)2>>(int, T2, T3)"
reference_iteration::rope_gqa_decode_b32::6,PushPop,78959,78959,1,2,5376,2688.0,2688.0,2656,2720,45.3,"void at::native::vectorized_elementwise_kernel<(int)4, at::native::CUDAFunctorOnSelf_add<float>, std::array<char *, (unsigned long)2>>(int, T2, T3)"
reference_iteration::rope_gqa_decode_b32::7,PushPop,78959,78959,1,12,85469,7122.4,6383.5,3648,13568,3623.3,"void at::native::elementwise_kernel<(int)128, (int)2, void at::native::gpu_kernel_impl_nocast<at::native::BinaryFunctor<float, float, float, at::native::binary_internal::MulFunctor<float>>>(at::TensorIteratorBase &, const T1 &)::[lambda(int) (instance 1)]>(int, T3)"
reference_iteration::rope_gqa_decode_b32::7,PushPop,78959,78959,1,10,78876,7887.6,3008.0,2432,23903,8467.3,"void at::native::unrolled_elementwise_kernel<at::native::direct_copy_kernel_cuda(at::TensorIteratorBase &)::[lambda() (instance 3)]::operator ()() const::[lambda() (instance 7)]::operator ()() const::[lambda(float) (instance 1)], std::array<char *, (unsigned long)2>, (int)4, TrivialOffsetCalculator<(int)1, unsigned int>, TrivialOffsetCalculator<(int)1, unsigned int>, at::native::memory::LoadWithCast<(int)1>, at::native::memory::StoreWithCast<(int)1>>(int, T1, T2, T4, T5, T6, T7)"
reference_iteration::rope_gqa_decode_b32::7,PushPop,78959,78959,1,2,29151,14575.5,14575.5,8448,20703,8665.6,"void at::native::<unnamed>::CatArrayBatchedCopy_aligned16_contig<at::native::<unnamed>::OpaqueType<(unsigned int)4>, unsigned int, (int)4, (int)128, (int)1>(T1 *, at::native::<unnamed>::CatArrInputTensorMetadata<T1, T2, T4, T5>, at::native::<unnamed>::TensorSizeStride<T2, (unsigned int)4>, int, T2)"
reference_iteration::rope_gqa_decode_b32::7,PushPop,78959,78959,1,2,20800,10400.0,10400.0,6496,14304,5521.1,"void at::native::reduce_kernel<(int)512, (int)1, at::native::ReduceOp<float, at::native::MeanOps<float, float, float, float>, unsigned int, float, (int)4, (int)4>>(T3)"
reference_iteration::rope_gqa_decode_b32::7,PushPop,78959,78959,1,4,13376,3344.0,3296.0,2496,4288,965.1,"void at::native::vectorized_elementwise_kernel<(int)4, at::native::CUDAFunctor_add<float>, std::array<char *, (unsigned long)3>>(int, T2, T3)"
reference_iteration::rope_gqa_decode_b32::7,PushPop,78959,78959,1,4,13312,3328.0,3344.0,2560,4064,781.7,"void at::native::vectorized_elementwise_kernel<(int)4, at::native::float16_copy_kernel_cuda(at::TensorIteratorBase &)::[lambda(float) (instance 1)], std::array<char *, (unsigned long)2>>(int, T2, T3)"
reference_iteration::rope_gqa_decode_b32::7,PushPop,78959,78959,1,2,8832,4416.0,4416.0,2944,5888,2081.7,"void at::native::vectorized_elementwise_kernel<(int)4, void at::native::<unnamed>::pow_tensor_scalar_kernel_impl<float, float>(at::TensorIteratorBase &, T2)::[lambda(float) (instance 1)], std::array<char *, (unsigned long)2>>(int, T2, T3)"
reference_iteration::rope_gqa_decode_b32::7,PushPop,78959,78959,1,2,6304,3152.0,3152.0,2528,3776,882.5,"void at::native::vectorized_elementwise_kernel<(int)4, at::native::rsqrt_kernel_cuda(at::TensorIteratorBase &)::[lambda() (instance 2)]::operator ()() const::[lambda() (instance 2)]::operator ()() const::[lambda(float) (instance 1)], std::array<char *, (unsigned long)2>>(int, T2, T3)"
reference_iteration::rope_gqa_decode_b32::7,PushPop,78959,78959,1,2,4800,2400.0,2400.0,2176,2624,316.8,"void at::native::vectorized_elementwise_kernel<(int)4, at::native::CUDAFunctorOnSelf_add<float>, std::array<char *, (unsigned long)2>>(int, T2, T3)"
reference_iteration::rope_gqa_decode_b32::8,PushPop,78959,78959,1,12,84956,7079.7,6432.0,3648,13504,3605.4,"void at::native::elementwise_kernel<(int)128, (int)2, void at::native::gpu_kernel_impl_nocast<at::native::BinaryFunctor<float, float, float, at::native::binary_internal::MulFunctor<float>>>(at::TensorIteratorBase &, const T1 &)::[lambda(int) (instance 1)]>(int, T3)"
reference_iteration::rope_gqa_decode_b32::8,PushPop,78959,78959,1,10,79357,7935.7,2928.0,2464,24351,8611.5,"void at::native::unrolled_elementwise_kernel<at::native::direct_copy_kernel_cuda(at::TensorIteratorBase &)::[lambda() (instance 3)]::operator ()() const::[lambda() (instance 7)]::operator ()() const::[lambda(float) (instance 1)], std::array<char *, (unsigned long)2>, (int)4, TrivialOffsetCalculator<(int)1, unsigned int>, TrivialOffsetCalculator<(int)1, unsigned int>, at::native::memory::LoadWithCast<(int)1>, at::native::memory::StoreWithCast<(int)1>>(int, T1, T2, T4, T5, T6, T7)"
reference_iteration::rope_gqa_decode_b32::8,PushPop,78959,78959,1,2,29023,14511.5,14511.5,8640,20383,8303.6,"void at::native::<unnamed>::CatArrayBatchedCopy_aligned16_contig<at::native::<unnamed>::OpaqueType<(unsigned int)4>, unsigned int, (int)4, (int)128, (int)1>(T1 *, at::native::<unnamed>::CatArrInputTensorMetadata<T1, T2, T4, T5>, at::native::<unnamed>::TensorSizeStride<T2, (unsigned int)4>, int, T2)"
reference_iteration::rope_gqa_decode_b32::8,PushPop,78959,78959,1,2,21024,10512.0,10512.0,6528,14496,5634.2,"void at::native::reduce_kernel<(int)512, (int)1, at::native::ReduceOp<float, at::native::MeanOps<float, float, float, float>, unsigned int, float, (int)4, (int)4>>(T3)"
reference_iteration::rope_gqa_decode_b32::8,PushPop,78959,78959,1,4,13375,3343.8,3312.0,2495,4256,963.3,"void at::native::vectorized_elementwise_kernel<(int)4, at::native::CUDAFunctor_add<float>, std::array<char *, (unsigned long)3>>(int, T2, T3)"
reference_iteration::rope_gqa_decode_b32::8,PushPop,78959,78959,1,4,13312,3328.0,3344.0,2528,4096,818.3,"void at::native::vectorized_elementwise_kernel<(int)4, at::native::float16_copy_kernel_cuda(at::TensorIteratorBase &)::[lambda(float) (instance 1)], std::array<char *, (unsigned long)2>>(int, T2, T3)"
reference_iteration::rope_gqa_decode_b32::8,PushPop,78959,78959,1,2,8862,4431.0,4431.0,2911,5951,2149.6,"void at::native::vectorized_elementwise_kernel<(int)4, void at::native::<unnamed>::pow_tensor_scalar_kernel_impl<float, float>(at::TensorIteratorBase &, T2)::[lambda(float) (instance 1)], std::array<char *, (unsigned long)2>>(int, T2, T3)"
reference_iteration::rope_gqa_decode_b32::8,PushPop,78959,78959,1,2,6624,3312.0,3312.0,2560,4064,1063.5,"void at::native::vectorized_elementwise_kernel<(int)4, at::native::rsqrt_kernel_cuda(at::TensorIteratorBase &)::[lambda() (instance 2)]::operator ()() const::[lambda() (instance 2)]::operator ()() const::[lambda(float) (instance 1)], std::array<char *, (unsigned long)2>>(int, T2, T3)"
reference_iteration::rope_gqa_decode_b32::8,PushPop,78959,78959,1,2,5120,2560.0,2560.0,2464,2656,135.8,"void at::native::vectorized_elementwise_kernel<(int)4, at::native::CUDAFunctorOnSelf_add<float>, std::array<char *, (unsigned long)2>>(int, T2, T3)"
reference_iteration::rope_gqa_decode_b32::9,PushPop,78959,78959,1,12,85533,7127.8,6384.0,3680,13599,3645.9,"void at::native::elementwise_kernel<(int)128, (int)2, void at::native::gpu_kernel_impl_nocast<at::native::BinaryFunctor<float, float, float, at::native::binary_internal::MulFunctor<float>>>(at::TensorIteratorBase &, const T1 &)::[lambda(int) (instance 1)]>(int, T3)"
reference_iteration::rope_gqa_decode_b32::9,PushPop,78959,78959,1,10,78910,7891.0,2912.0,2464,24095,8496.6,"void at::native::unrolled_elementwise_kernel<at::native::direct_copy_kernel_cuda(at::TensorIteratorBase &)::[lambda() (instance 3)]::operator ()() const::[lambda() (instance 7)]::operator ()() const::[lambda(float) (instance 1)], std::array<char *, (unsigned long)2>, (int)4, TrivialOffsetCalculator<(int)1, unsigned int>, TrivialOffsetCalculator<(int)1, unsigned int>, at::native::memory::LoadWithCast<(int)1>, at::native::memory::StoreWithCast<(int)1>>(int, T1, T2, T4, T5, T6, T7)"
reference_iteration::rope_gqa_decode_b32::9,PushPop,78959,78959,1,2,29150,14575.0,14575.0,8735,20415,8259.0,"void at::native::<unnamed>::CatArrayBatchedCopy_aligned16_contig<at::native::<unnamed>::OpaqueType<(unsigned int)4>, unsigned int, (int)4, (int)128, (int)1>(T1 *, at::native::<unnamed>::CatArrInputTensorMetadata<T1, T2, T4, T5>, at::native::<unnamed>::TensorSizeStride<T2, (unsigned int)4>, int, T2)"
reference_iteration::rope_gqa_decode_b32::9,PushPop,78959,78959,1,2,20830,10415.0,10415.0,6399,14431,5679.5,"void at::native::reduce_kernel<(int)512, (int)1, at::native::ReduceOp<float, at::native::MeanOps<float, float, float, float>, unsigned int, float, (int)4, (int)4>>(T3)"
reference_iteration::rope_gqa_decode_b32::9,PushPop,78959,78959,1,4,13312,3328.0,3264.0,2528,4256,929.7,"void at::native::vectorized_elementwise_kernel<(int)4, at::native::CUDAFunctor_add<float>, std::array<char *, (unsigned long)3>>(int, T2, T3)"
reference_iteration::rope_gqa_decode_b32::9,PushPop,78959,78959,1,4,13312,3328.0,3360.0,2528,4064,800.6,"void at::native::vectorized_elementwise_kernel<(int)4, at::native::float16_copy_kernel_cuda(at::TensorIteratorBase &)::[lambda(float) (instance 1)], std::array<char *, (unsigned long)2>>(int, T2, T3)"
reference_iteration::rope_gqa_decode_b32::9,PushPop,78959,78959,1,2,8288,4144.0,4144.0,2912,5376,1742.3,"void at::native::vectorized_elementwise_kernel<(int)4, void at::native::<unnamed>::pow_tensor_scalar_kernel_impl<float, float>(at::TensorIteratorBase &, T2)::[lambda(float) (instance 1)], std::array<char *, (unsigned long)2>>(int, T2, T3)"
reference_iteration::rope_gqa_decode_b32::9,PushPop,78959,78959,1,2,6368,3184.0,3184.0,2528,3840,927.7,"void at::native::vectorized_elementwise_kernel<(int)4, at::native::rsqrt_kernel_cuda(at::TensorIteratorBase &)::[lambda() (instance 2)]::operator ()() const::[lambda() (instance 2)]::operator ()() const::[lambda(float) (instance 1)], std::array<char *, (unsigned long)2>>(int, T2, T3)"
reference_iteration::rope_gqa_decode_b32::9,PushPop,78959,78959,1,2,4928,2464.0,2464.0,2240,2688,316.8,"void at::native::vectorized_elementwise_kernel<(int)4, at::native::CUDAFunctorOnSelf_add<float>, std::array<char *, (unsigned long)2>>(int, T2, T3)"
reference_iteration::sampling_decode_b32::0,PushPop,78959,78959,1,4,285812,71453.0,68429.0,66462,82492,7489.0,"void at::native::mbtopk::radixFindKthValues<float, unsigned int, unsigned int, (int)2>(at::cuda::detail::TensorInfo<const T1, T2>, unsigned int, unsigned int *, unsigned int, T2, int, int, unsigned int, T3, T3 *, short *)"
reference_iteration::sampling_decode_b32::0,PushPop,78959,78959,1,1,216919,216919.0,216919.0,216919,216919,0.0,"void at::native::mbtopk::gatherTopK<float, unsigned int, (int)2>(at::cuda::detail::TensorInfo<const T1, T2>, T2, T2, bool, unsigned int, T2, at::cuda::detail::TensorInfo<T1, T2>, T2, at::cuda::detail::TensorInfo<long, T2>, T2, unsigned int, unsigned int, T1 *, unsigned int *, unsigned int *, unsigned int)"
reference_iteration::sampling_decode_b32::0,PushPop,78959,78959,1,1,151705,151705.0,151705.0,151705,151705,0.0,"void at::native::unrolled_elementwise_kernel<at::native::direct_copy_kernel_cuda(at::TensorIteratorBase &)::[lambda() (instance 3)]::operator ()() const::[lambda() (instance 7)]::operator ()() const::[lambda(float) (instance 1)], std::array<char *, (unsigned long)2>, (int)4, TrivialOffsetCalculator<(int)1, unsigned int>, TrivialOffsetCalculator<(int)1, unsigned int>, at::native::memory::LoadWithCast<(int)1>, at::native::memory::StoreWithCast<(int)1>>(int, T1, T2, T4, T5, T6, T7)"
reference_iteration::sampling_decode_b32::0,PushPop,78959,78959,1,1,85437,85437.0,85437.0,85437,85437,0.0,"void at::native::vectorized_elementwise_kernel<(int)4, at::native::BUnaryFunctor<float, float, float, at::native::binary_internal::MulFunctor<float>>, std::array<char *, (unsigned long)2>>(int, T2, T3)"
reference_iteration::sampling_decode_b32::0,PushPop,78959,78959,1,4,38590,9647.5,9695.5,9343,9856,240.7,"void at::native::mbtopk::computeBlockwiseWithinKCounts<unsigned int, float>(T1 *, short *, unsigned int *, unsigned int, int, bool, unsigned int *, T2 *, unsigned int *, T1 *, unsigned int)"
reference_iteration::sampling_decode_b32::0,PushPop,78959,78959,1,1,20671,20671.0,20671.0,20671,20671,0.0,"void at::native::radixSortKVInPlace<(int)2, (int)-1, (int)32, (int)4, float, long, unsigned int>(at::cuda::detail::TensorInfo<T5, T7>, T7, T7, T7, at::cuda::detail::TensorInfo<T6, T7>, T7, bool)"
reference_iteration::sampling_decode_b32::0,PushPop,78959,78959,1,2,13567,6783.5,6783.5,4256,9311,3574.4,"void at_cuda_detail::cub::DeviceScanByKeyKernel<at_cuda_detail::cub::DeviceScanByKeyPolicy<at_cuda_detail::cub::TransformInputIterator<unsigned int, at::native::mbtopk::BlockIdxToKey, at_cuda_detail::cub::CountingInputIterator<unsigned int, unsigned int>, long>, unsigned int *, at_cuda_detail::cub::NullType>::Policy520, at_cuda_detail::cub::TransformInputIterator<unsigned int, at::native::mbtopk::BlockIdxToKey, at_cuda_detail::cub::CountingInputIterator<unsigned int, unsigned int>, long>, unsigned int *, unsigned int *, at_cuda_detail::cub::ReduceByKeyScanTileState<unsigned int, int, (bool)1>, at_cuda_detail::cub::Equality, at_cuda_detail::cub::Sum, at_cuda_detail::cub::NullType, int>(T2, T3, T4, T5, int, T6, T7, T8, T9)"
reference_iteration::sampling_decode_b32::0,PushPop,78959,78959,1,2,9536,4768.0,4768.0,4192,5344,814.6,"void at::native::elementwise_kernel<(int)128, (int)4, void at::native::gpu_kernel_impl_nocast<at::native::<unnamed>::CompareFunctor<float>>(at::TensorIteratorBase &, const T1 &)::[lambda(int) (instance 1)]>(int, T3)"
reference_iteration::sampling_decode_b32::0,PushPop,78959,78959,1,2,9247,4623.5,4623.5,4127,5120,702.2,"void at::native::tensor_kernel_scan_innermost_dim<float, std::plus<float>>(T1 *, const T1 *, unsigned int, unsigned int, unsigned int, T1, T2)"
reference_iteration::sampling_decode_b32::0,PushPop,78959,78959,1,1,7999,7999.0,7999.0,7999,7999,0.0,"void at::native::reduce_kernel<(int)512, (int)1, at::native::ReduceOp<long, at::native::func_wrapper_t<long, at::native::sum_functor<long, long, long>::operator ()(at::TensorIterator &)::[lambda(long, long) (instance 1)]>, unsigned int, long, (int)4, (int)4>>(T3)"
reference_iteration::sampling_decode_b32::0,PushPop,78959,78959,1,1,7968,7968.0,7968.0,7968,7968,0.0,"void at::native::reduce_kernel<(int)512, (int)1, at::native::ReduceOp<float, at::native::func_wrapper_t<float, at::native::sum_functor<float, float, float>::operator ()(at::TensorIterator &)::[lambda(float, float) (instance 1)]>, unsigned int, float, (int)4, (int)4>>(T3)"
reference_iteration::sampling_decode_b32::0,PushPop,78959,78959,1,1,7936,7936.0,7936.0,7936,7936,0.0,"void at::native::unrolled_elementwise_kernel<at::native::direct_copy_kernel_cuda(at::TensorIteratorBase &)::[lambda() (instance 3)]::operator ()() const::[lambda() (instance 4)]::operator ()() const::[lambda(long) (instance 1)], std::array<char *, (unsigned long)2>, (int)4, TrivialOffsetCalculator<(int)1, unsigned int>, TrivialOffsetCalculator<(int)1, unsigned int>, at::native::memory::LoadWithCast<(int)1>, at::native::memory::StoreWithCast<(int)1>>(int, T1, T2, T4, T5, T6, T7)"
reference_iteration::sampling_decode_b32::0,PushPop,78959,78959,1,1,5184,5184.0,5184.0,5184,5184,0.0,"void at::native::elementwise_kernel<(int)128, (int)2, void at::native::gpu_kernel_impl_nocast<at::native::BinaryFunctor<float, float, float, at::native::binary_internal::DivFunctor<float>>>(at::TensorIteratorBase &, const T1 &)::[lambda(int) (instance 1)]>(int, T3)"
reference_iteration::sampling_decode_b32::0,PushPop,78959,78959,1,1,4736,4736.0,4736.0,4736,4736,0.0,"void <unnamed>::softmax_warp_forward<float, float, float, (int)6, (bool)0, (bool)0>(T2 *, const T1 *, int, int, int, const bool *, int, bool)"
reference_iteration::sampling_decode_b32::0,PushPop,78959,78959,1,1,4576,4576.0,4576.0,4576,4576,0.0,"void at::native::_scatter_gather_elementwise_kernel<(int)128, (int)8, void at::native::_cuda_scatter_gather_internal_kernel<(bool)0, at::native::OpaqueType<(int)8>>::operator ()<at::native::TensorAssign>(at::TensorIterator &, long, long, long, const T1 &)::[lambda(int) (instance 1)]>(int, T3)"
reference_iteration::sampling_decode_b32::0,PushPop,78959,78959,1,2,4064,2032.0,2032.0,1920,2144,158.4,"void at_cuda_detail::cub::DeviceScanInitKernel<at_cuda_detail::cub::ReduceByKeyScanTileState<unsigned int, int, (bool)1>>(T1, int)"
reference_iteration::sampling_decode_b32::0,PushPop,78959,78959,1,1,3872,3872.0,3872.0,3872,3872,0.0,"void at::native::vectorized_elementwise_kernel<(int)4, at::native::<unnamed>::launch_clamp_scalar(at::TensorIteratorBase &, c10::Scalar, c10::Scalar, at::native::detail::ClampLimits)::[lambda() (instance 1)]::operator ()() const::[lambda() (instance 7)]::operator ()() const::[lambda(float) (instance 1)], std::array<char *, (unsigned long)2>>(int, T2, T3)"
reference_iteration::sampling_decode_b32::0,PushPop,78959,78959,1,1,3840,3840.0,3840.0,3840,3840,0.0,"void at::native::vectorized_elementwise_kernel<(int)4, at::native::<unnamed>::masked_fill_kernel(at::TensorIterator &, const c10::Scalar &)::[lambda() (instance 1)]::operator ()() const::[lambda() (instance 7)]::operator ()() const::[lambda(float, bool) (instance 1)], std::array<char *, (unsigned long)3>>(int, T2, T3)"
reference_iteration::sampling_decode_b32::0,PushPop,78959,78959,1,1,3840,3840.0,3840.0,3840,3840,0.0,"void at::native::vectorized_elementwise_kernel<(int)4, at::native::<unnamed>::where_kernel_impl(at::TensorIterator &)::[lambda() (instance 1)]::operator ()() const::[lambda() (instance 11)]::operator ()() const::[lambda(bool, float, float) (instance 1)], std::array<char *, (unsigned long)4>>(int, T2, T3)"
reference_iteration::sampling_decode_b32::0,PushPop,78959,78959,1,1,3584,3584.0,3584.0,3584,3584,0.0,"void at::native::vectorized_elementwise_kernel<(int)2, at::native::<unnamed>::launch_clamp_scalar(at::TensorIteratorBase &, c10::Scalar, c10::Scalar, at::native::detail::ClampLimits)::[lambda() (instance 1)]::operator ()() const::[lambda() (instance 4)]::operator ()() const::[lambda(long) (instance 1)], std::array<char *, (unsigned long)2>>(int, T2, T3)"
reference_iteration::sampling_decode_b32::0,PushPop,78959,78959,1,1,3584,3584.0,3584.0,3584,3584,0.0,"void at::native::vectorized_elementwise_kernel<(int)4, void at::native::compare_scalar_kernel<float>(at::TensorIteratorBase &, at::native::<unnamed>::OpType, T1)::[lambda(float) (instance 1)], std::array<char *, (unsigned long)2>>(int, T2, T3)"
reference_iteration::sampling_decode_b32::0,PushPop,78959,78959,1,1,3424,3424.0,3424.0,3424,3424,0.0,"void at::native::vectorized_elementwise_kernel<(int)4, at::native::CUDAFunctor_add<float>, std::array<char *, (unsigned long)3>>(int, T2, T3)"
reference_iteration::sampling_decode_b32::0,PushPop,78959,78959,1,1,2976,2976.0,2976.0,2976,2976,0.0,"void at::native::mbtopk::computeBlockwiseKthCounts<unsigned int>(T1 *, short *, unsigned int, unsigned int, unsigned int *)"
reference_iteration::sampling_decode_b32::0,PushPop,78959,78959,1,1,2944,2944.0,2944.0,2944,2944,0.0,"void at::native::elementwise_kernel<(int)128, (int)2, void at::native::gpu_kernel_impl_nocast<at::native::AUnaryFunctor<float, float, float, at::native::binary_internal::MulFunctor<float>>>(at::TensorIteratorBase &, const T1 &)::[lambda(int) (instance 1)]>(int, T3)"
reference_iteration::sampling_decode_b32::0,PushPop,78959,78959,1,1,2751,2751.0,2751.0,2751,2751,0.0,"void at::native::vectorized_elementwise_kernel<(int)4, at::native::FillFunctor<float>, std::array<char *, (unsigned long)1>>(int, T2, T3)"
reference_iteration::sampling_decode_b32::0,PushPop,78959,78959,1,1,2496,2496.0,2496.0,2496,2496,0.0,"void at::native::mbtopk::fill<unsigned int, unsigned int>(T1 *, T1, T2)"
reference_iteration::sampling_decode_b32::1,PushPop,78959,78959,1,4,284437,71109.3,68029.5,66909,81469,6946.4,"void at::native::mbtopk::radixFindKthValues<float, unsigned int, unsigned int, (int)2>(at::cuda::detail::TensorInfo<const T1, T2>, unsigned int, unsigned int *, unsigned int, T2, int, int, unsigned int, T3, T3 *, short *)"
reference_iteration::sampling_decode_b32::1,PushPop,78959,78959,1,1,215799,215799.0,215799.0,215799,215799,0.0,"void at::native::mbtopk::gatherTopK<float, unsigned int, (int)2>(at::cuda::detail::TensorInfo<const T1, T2>, T2, T2, bool, unsigned int, T2, at::cuda::detail::TensorInfo<T1, T2>, T2, at::cuda::detail::TensorInfo<long, T2>, T2, unsigned int, unsigned int, T1 *, unsigned int *, unsigned int *, unsigned int)"
reference_iteration::sampling_decode_b32::1,PushPop,78959,78959,1,1,151226,151226.0,151226.0,151226,151226,0.0,"void at::native::unrolled_elementwise_kernel<at::native::direct_copy_kernel_cuda(at::TensorIteratorBase &)::[lambda() (instance 3)]::operator ()() const::[lambda() (instance 7)]::operator ()() const::[lambda(float) (instance 1)], std::array<char *, (unsigned long)2>, (int)4, TrivialOffsetCalculator<(int)1, unsigned int>, TrivialOffsetCalculator<(int)1, unsigned int>, at::native::memory::LoadWithCast<(int)1>, at::native::memory::StoreWithCast<(int)1>>(int, T1, T2, T4, T5, T6, T7)"
reference_iteration::sampling_decode_b32::1,PushPop,78959,78959,1,1,86332,86332.0,86332.0,86332,86332,0.0,"void at::native::vectorized_elementwise_kernel<(int)4, at::native::BUnaryFunctor<float, float, float, at::native::binary_internal::MulFunctor<float>>, std::array<char *, (unsigned long)2>>(int, T2, T3)"
reference_iteration::sampling_decode_b32::1,PushPop,78959,78959,1,4,38208,9552.0,9504.0,9344,9856,240.2,"void at::native::mbtopk::computeBlockwiseWithinKCounts<unsigned int, float>(T1 *, short *, unsigned int *, unsigned int, int, bool, unsigned int *, T2 *, unsigned int *, T1 *, unsigned int)"
reference_iteration::sampling_decode_b32::1,PushPop,78959,78959,1,1,19807,19807.0,19807.0,19807,19807,0.0,"void at::native::radixSortKVInPlace<(int)2, (int)-1, (int)32, (int)4, float, long, unsigned int>(at::cuda::detail::TensorInfo<T5, T7>, T7, T7, T7, at::cuda::detail::TensorInfo<T6, T7>, T7, bool)"
reference_iteration::sampling_decode_b32::1,PushPop,78959,78959,1,2,13472,6736.0,6736.0,4288,9184,3462.0,"void at_cuda_detail::cub::DeviceScanByKeyKernel<at_cuda_detail::cub::DeviceScanByKeyPolicy<at_cuda_detail::cub::TransformInputIterator<unsigned int, at::native::mbtopk::BlockIdxToKey, at_cuda_detail::cub::CountingInputIterator<unsigned int, unsigned int>, long>, unsigned int *, at_cuda_detail::cub::NullType>::Policy520, at_cuda_detail::cub::TransformInputIterator<unsigned int, at::native::mbtopk::BlockIdxToKey, at_cuda_detail::cub::CountingInputIterator<unsigned int, unsigned int>, long>, unsigned int *, unsigned int *, at_cuda_detail::cub::ReduceByKeyScanTileState<unsigned int, int, (bool)1>, at_cuda_detail::cub::Equality, at_cuda_detail::cub::Sum, at_cuda_detail::cub::NullType, int>(T2, T3, T4, T5, int, T6, T7, T8, T9)"
reference_iteration::sampling_decode_b32::1,PushPop,78959,78959,1,2,9951,4975.5,4975.5,4192,5759,1108.0,"void at::native::elementwise_kernel<(int)128, (int)4, void at::native::gpu_kernel_impl_nocast<at::native::<unnamed>::CompareFunctor<float>>(at::TensorIteratorBase &, const T1 &)::[lambda(int) (instance 1)]>(int, T3)"
reference_iteration::sampling_decode_b32::1,PushPop,78959,78959,1,2,9344,4672.0,4672.0,4160,5184,724.1,"void at::native::tensor_kernel_scan_innermost_dim<float, std::plus<float>>(T1 *, const T1 *, unsigned int, unsigned int, unsigned int, T1, T2)"
reference_iteration::sampling_decode_b32::1,PushPop,78959,78959,1,1,8096,8096.0,8096.0,8096,8096,0.0,"void at::native::reduce_kernel<(int)512, (int)1, at::native::ReduceOp<long, at::native::func_wrapper_t<long, at::native::sum_functor<long, long, long>::operator ()(at::TensorIterator &)::[lambda(long, long) (instance 1)]>, unsigned int, long, (int)4, (int)4>>(T3)"
reference_iteration::sampling_decode_b32::1,PushPop,78959,78959,1,1,7872,7872.0,7872.0,7872,7872,0.0,"void at::native::reduce_kernel<(int)512, (int)1, at::native::ReduceOp<float, at::native::func_wrapper_t<float, at::native::sum_functor<float, float, float>::operator ()(at::TensorIterator &)::[lambda(float, float) (instance 1)]>, unsigned int, float, (int)4, (int)4>>(T3)"
reference_iteration::sampling_decode_b32::1,PushPop,78959,78959,1,1,7808,7808.0,7808.0,7808,7808,0.0,"void at::native::unrolled_elementwise_kernel<at::native::direct_copy_kernel_cuda(at::TensorIteratorBase &)::[lambda() (instance 3)]::operator ()() const::[lambda() (instance 4)]::operator ()() const::[lambda(long) (instance 1)], std::array<char *, (unsigned long)2>, (int)4, TrivialOffsetCalculator<(int)1, unsigned int>, TrivialOffsetCalculator<(int)1, unsigned int>, at::native::memory::LoadWithCast<(int)1>, at::native::memory::StoreWithCast<(int)1>>(int, T1, T2, T4, T5, T6, T7)"
reference_iteration::sampling_decode_b32::1,PushPop,78959,78959,1,1,5152,5152.0,5152.0,5152,5152,0.0,"void at::native::elementwise_kernel<(int)128, (int)2, void at::native::gpu_kernel_impl_nocast<at::native::BinaryFunctor<float, float, float, at::native::binary_internal::DivFunctor<float>>>(at::TensorIteratorBase &, const T1 &)::[lambda(int) (instance 1)]>(int, T3)"
reference_iteration::sampling_decode_b32::1,PushPop,78959,78959,1,1,4672,4672.0,4672.0,4672,4672,0.0,"void <unnamed>::softmax_warp_forward<float, float, float, (int)6, (bool)0, (bool)0>(T2 *, const T1 *, int, int, int, const bool *, int, bool)"
reference_iteration::sampling_decode_b32::1,PushPop,78959,78959,1,1,4576,4576.0,4576.0,4576,4576,0.0,"void at::native::_scatter_gather_elementwise_kernel<(int)128, (int)8, void at::native::_cuda_scatter_gather_internal_kernel<(bool)0, at::native::OpaqueType<(int)8>>::operator ()<at::native::TensorAssign>(at::TensorIterator &, long, long, long, const T1 &)::[lambda(int) (instance 1)]>(int, T3)"
reference_iteration::sampling_decode_b32::1,PushPop,78959,78959,1,1,4063,4063.0,4063.0,4063,4063,0.0,"void at::native::vectorized_elementwise_kernel<(int)4, at::native::<unnamed>::launch_clamp_scalar(at::TensorIteratorBase &, c10::Scalar, c10::Scalar, at::native::detail::ClampLimits)::[lambda() (instance 1)]::operator ()() const::[lambda() (instance 7)]::operator ()() const::[lambda(float) (instance 1)], std::array<char *, (unsigned long)2>>(int, T2, T3)"
reference_iteration::sampling_decode_b32::1,PushPop,78959,78959,1,2,4063,2031.5,2031.5,1920,2143,157.7,"void at_cuda_detail::cub::DeviceScanInitKernel<at_cuda_detail::cub::ReduceByKeyScanTileState<unsigned int, int, (bool)1>>(T1, int)"
reference_iteration::sampling_decode_b32::1,PushPop,78959,78959,1,1,3872,3872.0,3872.0,3872,3872,0.0,"void at::native::vectorized_elementwise_kernel<(int)4, at::native::<unnamed>::where_kernel_impl(at::TensorIterator &)::[lambda() (instance 1)]::operator ()() const::[lambda() (instance 11)]::operator ()() const::[lambda(bool, float, float) (instance 1)], std::array<char *, (unsigned long)4>>(int, T2, T3)"
reference_iteration::sampling_decode_b32::1,PushPop,78959,78959,1,1,3744,3744.0,3744.0,3744,3744,0.0,"void at::native::vectorized_elementwise_kernel<(int)4, at::native::<unnamed>::masked_fill_kernel(at::TensorIterator &, const c10::Scalar &)::[lambda() (instance 1)]::operator ()() const::[lambda() (instance 7)]::operator ()() const::[lambda(float, bool) (instance 1)], std::array<char *, (unsigned long)3>>(int, T2, T3)"
reference_iteration::sampling_decode_b32::1,PushPop,78959,78959,1,1,3648,3648.0,3648.0,3648,3648,0.0,"void at::native::vectorized_elementwise_kernel<(int)4, void at::native::compare_scalar_kernel<float>(at::TensorIteratorBase &, at::native::<unnamed>::OpType, T1)::[lambda(float) (instance 1)], std::array<char *, (unsigned long)2>>(int, T2, T3)"
reference_iteration::sampling_decode_b32::1,PushPop,78959,78959,1,1,3488,3488.0,3488.0,3488,3488,0.0,"void at::native::vectorized_elementwise_kernel<(int)2, at::native::<unnamed>::launch_clamp_scalar(at::TensorIteratorBase &, c10::Scalar, c10::Scalar, at::native::detail::ClampLimits)::[lambda() (instance 1)]::operator ()() const::[lambda() (instance 4)]::operator ()() const::[lambda(long) (instance 1)], std::array<char *, (unsigned long)2>>(int, T2, T3)"
reference_iteration::sampling_decode_b32::1,PushPop,78959,78959,1,1,3423,3423.0,3423.0,3423,3423,0.0,"void at::native::vectorized_elementwise_kernel<(int)4, at::native::CUDAFunctor_add<float>, std::array<char *, (unsigned long)3>>(int, T2, T3)"
reference_iteration::sampling_decode_b32::1,PushPop,78959,78959,1,1,3007,3007.0,3007.0,3007,3007,0.0,"void at::native::mbtopk::computeBlockwiseKthCounts<unsigned int>(T1 *, short *, unsigned int, unsigned int, unsigned int *)"
reference_iteration::sampling_decode_b32::1,PushPop,78959,78959,1,1,2944,2944.0,2944.0,2944,2944,0.0,"void at::native::elementwise_kernel<(int)128, (int)2, void at::native::gpu_kernel_impl_nocast<at::native::AUnaryFunctor<float, float, float, at::native::binary_internal::MulFunctor<float>>>(at::TensorIteratorBase &, const T1 &)::[lambda(int) (instance 1)]>(int, T3)"
reference_iteration::sampling_decode_b32::1,PushPop,78959,78959,1,1,2688,2688.0,2688.0,2688,2688,0.0,"void at::native::vectorized_elementwise_kernel<(int)4, at::native::FillFunctor<float>, std::array<char *, (unsigned long)1>>(int, T2, T3)"
reference_iteration::sampling_decode_b32::1,PushPop,78959,78959,1,1,2592,2592.0,2592.0,2592,2592,0.0,"void at::native::mbtopk::fill<unsigned int, unsigned int>(T1 *, T1, T2)"
reference_iteration::sampling_decode_b32::10,PushPop,78959,78959,1,4,286835,71708.8,68301.0,66205,84028,8346.3,"void at::native::mbtopk::radixFindKthValues<float, unsigned int, unsigned int, (int)2>(at::cuda::detail::TensorInfo<const T1, T2>, unsigned int, unsigned int *, unsigned int, T2, int, int, unsigned int, T3, T3 *, short *)"
reference_iteration::sampling_decode_b32::10,PushPop,78959,78959,1,1,218455,218455.0,218455.0,218455,218455,0.0,"void at::native::mbtopk::gatherTopK<float, unsigned int, (int)2>(at::cuda::detail::TensorInfo<const T1, T2>, T2, T2, bool, unsigned int, T2, at::cuda::detail::TensorInfo<T1, T2>, T2, at::cuda::detail::TensorInfo<long, T2>, T2, unsigned int, unsigned int, T1 *, unsigned int *, unsigned int *, unsigned int)"
reference_iteration::sampling_decode_b32::10,PushPop,78959,78959,1,1,150586,150586.0,150586.0,150586,150586,0.0,"void at::native::unrolled_elementwise_kernel<at::native::direct_copy_kernel_cuda(at::TensorIteratorBase &)::[lambda() (instance 3)]::operator ()() const::[lambda() (instance 7)]::operator ()() const::[lambda(float) (instance 1)], std::array<char *, (unsigned long)2>, (int)4, TrivialOffsetCalculator<(int)1, unsigned int>, TrivialOffsetCalculator<(int)1, unsigned int>, at::native::memory::LoadWithCast<(int)1>, at::native::memory::StoreWithCast<(int)1>>(int, T1, T2, T4, T5, T6, T7)"
reference_iteration::sampling_decode_b32::10,PushPop,78959,78959,1,1,84828,84828.0,84828.0,84828,84828,0.0,"void at::native::vectorized_elementwise_kernel<(int)4, at::native::BUnaryFunctor<float, float, float, at::native::binary_internal::MulFunctor<float>>, std::array<char *, (unsigned long)2>>(int, T2, T3)"
reference_iteration::sampling_decode_b32::10,PushPop,78959,78959,1,4,38429,9607.3,9487.0,9440,10015,273.0,"void at::native::mbtopk::computeBlockwiseWithinKCounts<unsigned int, float>(T1 *, short *, unsigned int *, unsigned int, int, bool, unsigned int *, T2 *, unsigned int *, T1 *, unsigned int)"
reference_iteration::sampling_decode_b32::10,PushPop,78959,78959,1,1,19743,19743.0,19743.0,19743,19743,0.0,"void at::native::radixSortKVInPlace<(int)2, (int)-1, (int)32, (int)4, float, long, unsigned int>(at::cuda::detail::TensorInfo<T5, T7>, T7, T7, T7, at::cuda::detail::TensorInfo<T6, T7>, T7, bool)"
reference_iteration::sampling_decode_b32::10,PushPop,78959,78959,1,2,13439,6719.5,6719.5,4255,9184,3485.3,"void at_cuda_detail::cub::DeviceScanByKeyKernel<at_cuda_detail::cub::DeviceScanByKeyPolicy<at_cuda_detail::cub::TransformInputIterator<unsigned int, at::native::mbtopk::BlockIdxToKey, at_cuda_detail::cub::CountingInputIterator<unsigned int, unsigned int>, long>, unsigned int *, at_cuda_detail::cub::NullType>::Policy520, at_cuda_detail::cub::TransformInputIterator<unsigned int, at::native::mbtopk::BlockIdxToKey, at_cuda_detail::cub::CountingInputIterator<unsigned int, unsigned int>, long>, unsigned int *, unsigned int *, at_cuda_detail::cub::ReduceByKeyScanTileState<unsigned int, int, (bool)1>, at_cuda_detail::cub::Equality, at_cuda_detail::cub::Sum, at_cuda_detail::cub::NullType, int>(T2, T3, T4, T5, int, T6, T7, T8, T9)"
reference_iteration::sampling_decode_b32::10,PushPop,78959,78959,1,2,9855,4927.5,4927.5,4255,5600,951.1,"void at::native::elementwise_kernel<(int)128, (int)4, void at::native::gpu_kernel_impl_nocast<at::native::<unnamed>::CompareFunctor<float>>(at::TensorIteratorBase &, const T1 &)::[lambda(int) (instance 1)]>(int, T3)"
reference_iteration::sampling_decode_b32::10,PushPop,78959,78959,1,2,9280,4640.0,4640.0,4160,5120,678.8,"void at::native::tensor_kernel_scan_innermost_dim<float, std::plus<float>>(T1 *, const T1 *, unsigned int, unsigned int, unsigned int, T1, T2)"
reference_iteration::sampling_decode_b32::10,PushPop,78959,78959,1,1,8255,8255.0,8255.0,8255,8255,0.0,"void at::native::reduce_kernel<(int)512, (int)1, at::native::ReduceOp<float, at::native::func_wrapper_t<float, at::native::sum_functor<float, float, float>::operator ()(at::TensorIterator &)::[lambda(float, float) (instance 1)]>, unsigned int, float, (int)4, (int)4>>(T3)"
reference_iteration::sampling_decode_b32::10,PushPop,78959,78959,1,1,8160,8160.0,8160.0,8160,8160,0.0,"void at::native::reduce_kernel<(int)512, (int)1, at::native::ReduceOp<long, at::native::func_wrapper_t<long, at::native::sum_functor<long, long, long>::operator ()(at::TensorIterator &)::[lambda(long, long) (instance 1)]>, unsigned int, long, (int)4, (int)4>>(T3)"
reference_iteration::sampling_decode_b32::10,PushPop,78959,78959,1,1,8032,8032.0,8032.0,8032,8032,0.0,"void at::native::unrolled_elementwise_kernel<at::native::direct_copy_kernel_cuda(at::TensorIteratorBase &)::[lambda() (instance 3)]::operator ()() const::[lambda() (instance 4)]::operator ()() const::[lambda(long) (instance 1)], std::array<char *, (unsigned long)2>, (int)4, TrivialOffsetCalculator<(int)1, unsigned int>, TrivialOffsetCalculator<(int)1, unsigned int>, at::native::memory::LoadWithCast<(int)1>, at::native::memory::StoreWithCast<(int)1>>(int, T1, T2, T4, T5, T6, T7)"
reference_iteration::sampling_decode_b32::10,PushPop,78959,78959,1,1,5120,5120.0,5120.0,5120,5120,0.0,"void at::native::elementwise_kernel<(int)128, (int)2, void at::native::gpu_kernel_impl_nocast<at::native::BinaryFunctor<float, float, float, at::native::binary_internal::DivFunctor<float>>>(at::TensorIteratorBase &, const T1 &)::[lambda(int) (instance 1)]>(int, T3)"
reference_iteration::sampling_decode_b32::10,PushPop,78959,78959,1,1,4607,4607.0,4607.0,4607,4607,0.0,"void at::native::_scatter_gather_elementwise_kernel<(int)128, (int)8, void at::native::_cuda_scatter_gather_internal_kernel<(bool)0, at::native::OpaqueType<(int)8>>::operator ()<at::native::TensorAssign>(at::TensorIterator &, long, long, long, const T1 &)::[lambda(int) (instance 1)]>(int, T3)"
reference_iteration::sampling_decode_b32::10,PushPop,78959,78959,1,1,4544,4544.0,4544.0,4544,4544,0.0,"void <unnamed>::softmax_warp_forward<float, float, float, (int)6, (bool)0, (bool)0>(T2 *, const T1 *, int, int, int, const bool *, int, bool)"
reference_iteration::sampling_decode_b32::10,PushPop,78959,78959,1,2,4224,2112.0,2112.0,2112,2112,0.0,"void at_cuda_detail::cub::DeviceScanInitKernel<at_cuda_detail::cub::ReduceByKeyScanTileState<unsigned int, int, (bool)1>>(T1, int)"
reference_iteration::sampling_decode_b32::10,PushPop,78959,78959,1,1,3872,3872.0,3872.0,3872,3872,0.0,"void at::native::vectorized_elementwise_kernel<(int)4, at::native::<unnamed>::launch_clamp_scalar(at::TensorIteratorBase &, c10::Scalar, c10::Scalar, at::native::detail::ClampLimits)::[lambda() (instance 1)]::operator ()() const::[lambda() (instance 7)]::operator ()() const::[lambda(float) (instance 1)], std::array<char *, (unsigned long)2>>(int, T2, T3)"
reference_iteration::sampling_decode_b32::10,PushPop,78959,78959,1,1,3839,3839.0,3839.0,3839,3839,0.0,"void at::native::vectorized_elementwise_kernel<(int)4, at::native::<unnamed>::where_kernel_impl(at::TensorIterator &)::[lambda() (instance 1)]::operator ()() const::[lambda() (instance 11)]::operator ()() const::[lambda(bool, float, float) (instance 1)], std::array<char *, (unsigned long)4>>(int, T2, T3)"
reference_iteration::sampling_decode_b32::10,PushPop,78959,78959,1,1,3776,3776.0,3776.0,3776,3776,0.0,"void at::native::vectorized_elementwise_kernel<(int)4, at::native::<unnamed>::masked_fill_kernel(at::TensorIterator &, const c10::Scalar &)::[lambda() (instance 1)]::operator ()() const::[lambda() (instance 7)]::operator ()() const::[lambda(float, bool) (instance 1)], std::array<char *, (unsigned long)3>>(int, T2, T3)"
reference_iteration::sampling_decode_b32::10,PushPop,78959,78959,1,1,3776,3776.0,3776.0,3776,3776,0.0,"void at::native::vectorized_elementwise_kernel<(int)4, void at::native::compare_scalar_kernel<float>(at::TensorIteratorBase &, at::native::<unnamed>::OpType, T1)::[lambda(float) (instance 1)], std::array<char *, (unsigned long)2>>(int, T2, T3)"
reference_iteration::sampling_decode_b32::10,PushPop,78959,78959,1,1,3488,3488.0,3488.0,3488,3488,0.0,"void at::native::vectorized_elementwise_kernel<(int)2, at::native::<unnamed>::launch_clamp_scalar(at::TensorIteratorBase &, c10::Scalar, c10::Scalar, at::native::detail::ClampLimits)::[lambda() (instance 1)]::operator ()() const::[lambda() (instance 4)]::operator ()() const::[lambda(long) (instance 1)], std::array<char *, (unsigned long)2>>(int, T2, T3)"
reference_iteration::sampling_decode_b32::10,PushPop,78959,78959,1,1,3424,3424.0,3424.0,3424,3424,0.0,"void at::native::vectorized_elementwise_kernel<(int)4, at::native::CUDAFunctor_add<float>, std::array<char *, (unsigned long)3>>(int, T2, T3)"
reference_iteration::sampling_decode_b32::10,PushPop,78959,78959,1,1,3008,3008.0,3008.0,3008,3008,0.0,"void at::native::mbtopk::computeBlockwiseKthCounts<unsigned int>(T1 *, short *, unsigned int, unsigned int, unsigned int *)"
reference_iteration::sampling_decode_b32::10,PushPop,78959,78959,1,1,2944,2944.0,2944.0,2944,2944,0.0,"void at::native::elementwise_kernel<(int)128, (int)2, void at::native::gpu_kernel_impl_nocast<at::native::AUnaryFunctor<float, float, float, at::native::binary_internal::MulFunctor<float>>>(at::TensorIteratorBase &, const T1 &)::[lambda(int) (instance 1)]>(int, T3)"
reference_iteration::sampling_decode_b32::10,PushPop,78959,78959,1,1,2720,2720.0,2720.0,2720,2720,0.0,"void at::native::mbtopk::fill<unsigned int, unsigned int>(T1 *, T1, T2)"
reference_iteration::sampling_decode_b32::10,PushPop,78959,78959,1,1,2624,2624.0,2624.0,2624,2624,0.0,"void at::native::vectorized_elementwise_kernel<(int)4, at::native::FillFunctor<float>, std::array<char *, (unsigned long)1>>(int, T2, T3)"
reference_iteration::sampling_decode_b32::11,PushPop,78959,78959,1,4,286932,71733.0,68301.0,67133,83197,7669.4,"void at::native::mbtopk::radixFindKthValues<float, unsigned int, unsigned int, (int)2>(at::cuda::detail::TensorInfo<const T1, T2>, unsigned int, unsigned int *, unsigned int, T2, int, int, unsigned int, T3, T3 *, short *)"
reference_iteration::sampling_decode_b32::11,PushPop,78959,78959,1,1,215511,215511.0,215511.0,215511,215511,0.0,"void at::native::mbtopk::gatherTopK<float, unsigned int, (int)2>(at::cuda::detail::TensorInfo<const T1, T2>, T2, T2, bool, unsigned int, T2, at::cuda::detail::TensorInfo<T1, T2>, T2, at::cuda::detail::TensorInfo<long, T2>, T2, unsigned int, unsigned int, T1 *, unsigned int *, unsigned int *, unsigned int)"
reference_iteration::sampling_decode_b32::11,PushPop,78959,78959,1,1,150778,150778.0,150778.0,150778,150778,0.0,"void at::native::unrolled_elementwise_kernel<at::native::direct_copy_kernel_cuda(at::TensorIteratorBase &)::[lambda() (instance 3)]::operator ()() const::[lambda() (instance 7)]::operator ()() const::[lambda(float) (instance 1)], std::array<char *, (unsigned long)2>, (int)4, TrivialOffsetCalculator<(int)1, unsigned int>, TrivialOffsetCalculator<(int)1, unsigned int>, at::native::memory::LoadWithCast<(int)1>, at::native::memory::StoreWithCast<(int)1>>(int, T1, T2, T4, T5, T6, T7)"
reference_iteration::sampling_decode_b32::11,PushPop,78959,78959,1,1,84797,84797.0,84797.0,84797,84797,0.0,"void at::native::vectorized_elementwise_kernel<(int)4, at::native::BUnaryFunctor<float, float, float, at::native::binary_internal::MulFunctor<float>>, std::array<char *, (unsigned long)2>>(int, T2, T3)"
reference_iteration::sampling_decode_b32::11,PushPop,78959,78959,1,4,38335,9583.8,9456.0,9407,10016,291.7,"void at::native::mbtopk::computeBlockwiseWithinKCounts<unsigned int, float>(T1 *, short *, unsigned int *, unsigned int, int, bool, unsigned int *, T2 *, unsigned int *, T1 *, unsigned int)"
reference_iteration::sampling_decode_b32::11,PushPop,78959,78959,1,1,20639,20639.0,20639.0,20639,20639,0.0,"void at::native::radixSortKVInPlace<(int)2, (int)-1, (int)32, (int)4, float, long, unsigned int>(at::cuda::detail::TensorInfo<T5, T7>, T7, T7, T7, at::cuda::detail::TensorInfo<T6, T7>, T7, bool)"
reference_iteration::sampling_decode_b32::11,PushPop,78959,78959,1,2,13439,6719.5,6719.5,4224,9215,3529.2,"void at_cuda_detail::cub::DeviceScanByKeyKernel<at_cuda_detail::cub::DeviceScanByKeyPolicy<at_cuda_detail::cub::TransformInputIterator<unsigned int, at::native::mbtopk::BlockIdxToKey, at_cuda_detail::cub::CountingInputIterator<unsigned int, unsigned int>, long>, unsigned int *, at_cuda_detail::cub::NullType>::Policy520, at_cuda_detail::cub::TransformInputIterator<unsigned int, at::native::mbtopk::BlockIdxToKey, at_cuda_detail::cub::CountingInputIterator<unsigned int, unsigned int>, long>, unsigned int *, unsigned int *, at_cuda_detail::cub::ReduceByKeyScanTileState<unsigned int, int, (bool)1>, at_cuda_detail::cub::Equality, at_cuda_detail::cub::Sum, at_cuda_detail::cub::NullType, int>(T2, T3, T4, T5, int, T6, T7, T8, T9)"
reference_iteration::sampling_decode_b32::11,PushPop,78959,78959,1,2,9855,4927.5,4927.5,4320,5535,859.1,"void at::native::elementwise_kernel<(int)128, (int)4, void at::native::gpu_kernel_impl_nocast<at::native::<unnamed>::CompareFunctor<float>>(at::TensorIteratorBase &, const T1 &)::[lambda(int) (instance 1)]>(int, T3)"
reference_iteration::sampling_decode_b32::11,PushPop,78959,78959,1,2,9248,4624.0,4624.0,4128,5120,701.4,"void at::native::tensor_kernel_scan_innermost_dim<float, std::plus<float>>(T1 *, const T1 *, unsigned int, unsigned int, unsigned int, T1, T2)"
reference_iteration::sampling_decode_b32::11,PushPop,78959,78959,1,1,7999,7999.0,7999.0,7999,7999,0.0,"void at::native::reduce_kernel<(int)512, (int)1, at::native::ReduceOp<long, at::native::func_wrapper_t<long, at::native::sum_functor<long, long, long>::operator ()(at::TensorIterator &)::[lambda(long, long) (instance 1)]>, unsigned int, long, (int)4, (int)4>>(T3)"
reference_iteration::sampling_decode_b32::11,PushPop,78959,78959,1,1,7840,7840.0,7840.0,7840,7840,0.0,"void at::native::reduce_kernel<(int)512, (int)1, at::native::ReduceOp<float, at::native::func_wrapper_t<float, at::native::sum_functor<float, float, float>::operator ()(at::TensorIterator &)::[lambda(float, float) (instance 1)]>, unsigned int, float, (int)4, (int)4>>(T3)"
reference_iteration::sampling_decode_b32::11,PushPop,78959,78959,1,1,7776,7776.0,7776.0,7776,7776,0.0,"void at::native::unrolled_elementwise_kernel<at::native::direct_copy_kernel_cuda(at::TensorIteratorBase &)::[lambda() (instance 3)]::operator ()() const::[lambda() (instance 4)]::operator ()() const::[lambda(long) (instance 1)], std::array<char *, (unsigned long)2>, (int)4, TrivialOffsetCalculator<(int)1, unsigned int>, TrivialOffsetCalculator<(int)1, unsigned int>, at::native::memory::LoadWithCast<(int)1>, at::native::memory::StoreWithCast<(int)1>>(int, T1, T2, T4, T5, T6, T7)"
reference_iteration::sampling_decode_b32::11,PushPop,78959,78959,1,1,5087,5087.0,5087.0,5087,5087,0.0,"void at::native::elementwise_kernel<(int)128, (int)2, void at::native::gpu_kernel_impl_nocast<at::native::BinaryFunctor<float, float, float, at::native::binary_internal::DivFunctor<float>>>(at::TensorIteratorBase &, const T1 &)::[lambda(int) (instance 1)]>(int, T3)"
reference_iteration::sampling_decode_b32::11,PushPop,78959,78959,1,1,4768,4768.0,4768.0,4768,4768,0.0,"void <unnamed>::softmax_warp_forward<float, float, float, (int)6, (bool)0, (bool)0>(T2 *, const T1 *, int, int, int, const bool *, int, bool)"
reference_iteration::sampling_decode_b32::11,PushPop,78959,78959,1,1,4608,4608.0,4608.0,4608,4608,0.0,"void at::native::_scatter_gather_elementwise_kernel<(int)128, (int)8, void at::native::_cuda_scatter_gather_internal_kernel<(bool)0, at::native::OpaqueType<(int)8>>::operator ()<at::native::TensorAssign>(at::TensorIterator &, long, long, long, const T1 &)::[lambda(int) (instance 1)]>(int, T3)"
reference_iteration::sampling_decode_b32::11,PushPop,78959,78959,1,2,4128,2064.0,2064.0,1952,2176,158.4,"void at_cuda_detail::cub::DeviceScanInitKernel<at_cuda_detail::cub::ReduceByKeyScanTileState<unsigned int, int, (bool)1>>(T1, int)"
reference_iteration::sampling_decode_b32::11,PushPop,78959,78959,1,1,3872,3872.0,3872.0,3872,3872,0.0,"void at::native::vectorized_elementwise_kernel<(int)4, at::native::<unnamed>::where_kernel_impl(at::TensorIterator &)::[lambda() (instance 1)]::operator ()() const::[lambda() (instance 11)]::operator ()() const::[lambda(bool, float, float) (instance 1)], std::array<char *, (unsigned long)4>>(int, T2, T3)"
reference_iteration::sampling_decode_b32::11,PushPop,78959,78959,1,1,3840,3840.0,3840.0,3840,3840,0.0,"void at::native::vectorized_elementwise_kernel<(int)4, at::native::<unnamed>::launch_clamp_scalar(at::TensorIteratorBase &, c10::Scalar, c10::Scalar, at::native::detail::ClampLimits)::[lambda() (instance 1)]::operator ()() const::[lambda() (instance 7)]::operator ()() const::[lambda(float) (instance 1)], std::array<char *, (unsigned long)2>>(int, T2, T3)"
reference_iteration::sampling_decode_b32::11,PushPop,78959,78959,1,1,3776,3776.0,3776.0,3776,3776,0.0,"void at::native::vectorized_elementwise_kernel<(int)4, at::native::<unnamed>::masked_fill_kernel(at::TensorIterator &, const c10::Scalar &)::[lambda() (instance 1)]::operator ()() const::[lambda() (instance 7)]::operator ()() const::[lambda(float, bool) (instance 1)], std::array<char *, (unsigned long)3>>(int, T2, T3)"
reference_iteration::sampling_decode_b32::11,PushPop,78959,78959,1,1,3776,3776.0,3776.0,3776,3776,0.0,"void at::native::vectorized_elementwise_kernel<(int)4, void at::native::compare_scalar_kernel<float>(at::TensorIteratorBase &, at::native::<unnamed>::OpType, T1)::[lambda(float) (instance 1)], std::array<char *, (unsigned long)2>>(int, T2, T3)"
reference_iteration::sampling_decode_b32::11,PushPop,78959,78959,1,1,3488,3488.0,3488.0,3488,3488,0.0,"void at::native::vectorized_elementwise_kernel<(int)2, at::native::<unnamed>::launch_clamp_scalar(at::TensorIteratorBase &, c10::Scalar, c10::Scalar, at::native::detail::ClampLimits)::[lambda() (instance 1)]::operator ()() const::[lambda() (instance 4)]::operator ()() const::[lambda(long) (instance 1)], std::array<char *, (unsigned long)2>>(int, T2, T3)"
reference_iteration::sampling_decode_b32::11,PushPop,78959,78959,1,1,3424,3424.0,3424.0,3424,3424,0.0,"void at::native::vectorized_elementwise_kernel<(int)4, at::native::CUDAFunctor_add<float>, std::array<char *, (unsigned long)3>>(int, T2, T3)"
reference_iteration::sampling_decode_b32::11,PushPop,78959,78959,1,1,3072,3072.0,3072.0,3072,3072,0.0,"void at::native::elementwise_kernel<(int)128, (int)2, void at::native::gpu_kernel_impl_nocast<at::native::AUnaryFunctor<float, float, float, at::native::binary_internal::MulFunctor<float>>>(at::TensorIteratorBase &, const T1 &)::[lambda(int) (instance 1)]>(int, T3)"
reference_iteration::sampling_decode_b32::11,PushPop,78959,78959,1,1,2944,2944.0,2944.0,2944,2944,0.0,"void at::native::mbtopk::computeBlockwiseKthCounts<unsigned int>(T1 *, short *, unsigned int, unsigned int, unsigned int *)"
reference_iteration::sampling_decode_b32::11,PushPop,78959,78959,1,1,2688,2688.0,2688.0,2688,2688,0.0,"void at::native::vectorized_elementwise_kernel<(int)4, at::native::FillFunctor<float>, std::array<char *, (unsigned long)1>>(int, T2, T3)"
reference_iteration::sampling_decode_b32::11,PushPop,78959,78959,1,1,2528,2528.0,2528.0,2528,2528,0.0,"void at::native::mbtopk::fill<unsigned int, unsigned int>(T1 *, T1, T2)"
reference_iteration::sampling_decode_b32::2,PushPop,78959,78959,1,4,283731,70932.8,68109.0,66589,80924,6743.5,"void at::native::mbtopk::radixFindKthValues<float, unsigned int, unsigned int, (int)2>(at::cuda::detail::TensorInfo<const T1, T2>, unsigned int, unsigned int *, unsigned int, T2, int, int, unsigned int, T3, T3 *, short *)"
reference_iteration::sampling_decode_b32::2,PushPop,78959,78959,1,1,216951,216951.0,216951.0,216951,216951,0.0,"void at::native::mbtopk::gatherTopK<float, unsigned int, (int)2>(at::cuda::detail::TensorInfo<const T1, T2>, T2, T2, bool, unsigned int, T2, at::cuda::detail::TensorInfo<T1, T2>, T2, at::cuda::detail::TensorInfo<long, T2>, T2, unsigned int, unsigned int, T1 *, unsigned int *, unsigned int *, unsigned int)"
reference_iteration::sampling_decode_b32::2,PushPop,78959,78959,1,1,150745,150745.0,150745.0,150745,150745,0.0,"void at::native::unrolled_elementwise_kernel<at::native::direct_copy_kernel_cuda(at::TensorIteratorBase &)::[lambda() (instance 3)]::operator ()() const::[lambda() (instance 7)]::operator ()() const::[lambda(float) (instance 1)], std::array<char *, (unsigned long)2>, (int)4, TrivialOffsetCalculator<(int)1, unsigned int>, TrivialOffsetCalculator<(int)1, unsigned int>, at::native::memory::LoadWithCast<(int)1>, at::native::memory::StoreWithCast<(int)1>>(int, T1, T2, T4, T5, T6, T7)"
reference_iteration::sampling_decode_b32::2,PushPop,78959,78959,1,1,85276,85276.0,85276.0,85276,85276,0.0,"void at::native::vectorized_elementwise_kernel<(int)4, at::native::BUnaryFunctor<float, float, float, at::native::binary_internal::MulFunctor<float>>, std::array<char *, (unsigned long)2>>(int, T2, T3)"
reference_iteration::sampling_decode_b32::2,PushPop,78959,78959,1,4,38079,9519.8,9376.0,9311,10016,333.3,"void at::native::mbtopk::computeBlockwiseWithinKCounts<unsigned int, float>(T1 *, short *, unsigned int *, unsigned int, int, bool, unsigned int *, T2 *, unsigned int *, T1 *, unsigned int)"
reference_iteration::sampling_decode_b32::2,PushPop,78959,78959,1,1,20735,20735.0,20735.0,20735,20735,0.0,"void at::native::radixSortKVInPlace<(int)2, (int)-1, (int)32, (int)4, float, long, unsigned int>(at::cuda::detail::TensorInfo<T5, T7>, T7, T7, T7, at::cuda::detail::TensorInfo<T6, T7>, T7, bool)"
reference_iteration::sampling_decode_b32::2,PushPop,78959,78959,1,2,13503,6751.5,6751.5,4223,9280,3575.8,"void at_cuda_detail::cub::DeviceScanByKeyKernel<at_cuda_detail::cub::DeviceScanByKeyPolicy<at_cuda_detail::cub::TransformInputIterator<unsigned int, at::native::mbtopk::BlockIdxToKey, at_cuda_detail::cub::CountingInputIterator<unsigned int, unsigned int>, long>, unsigned int *, at_cuda_detail::cub::NullType>::Policy520, at_cuda_detail::cub::TransformInputIterator<unsigned int, at::native::mbtopk::BlockIdxToKey, at_cuda_detail::cub::CountingInputIterator<unsigned int, unsigned int>, long>, unsigned int *, unsigned int *, at_cuda_detail::cub::ReduceByKeyScanTileState<unsigned int, int, (bool)1>, at_cuda_detail::cub::Equality, at_cuda_detail::cub::Sum, at_cuda_detail::cub::NullType, int>(T2, T3, T4, T5, int, T6, T7, T8, T9)"
reference_iteration::sampling_decode_b32::2,PushPop,78959,78959,1,2,9888,4944.0,4944.0,4160,5728,1108.7,"void at::native::elementwise_kernel<(int)128, (int)4, void at::native::gpu_kernel_impl_nocast<at::native::<unnamed>::CompareFunctor<float>>(at::TensorIteratorBase &, const T1 &)::[lambda(int) (instance 1)]>(int, T3)"
reference_iteration::sampling_decode_b32::2,PushPop,78959,78959,1,2,9248,4624.0,4624.0,4128,5120,701.4,"void at::native::tensor_kernel_scan_innermost_dim<float, std::plus<float>>(T1 *, const T1 *, unsigned int, unsigned int, unsigned int, T1, T2)"
reference_iteration::sampling_decode_b32::2,PushPop,78959,78959,1,1,8000,8000.0,8000.0,8000,8000,0.0,"void at::native::reduce_kernel<(int)512, (int)1, at::native::ReduceOp<long, at::native::func_wrapper_t<long, at::native::sum_functor<long, long, long>::operator ()(at::TensorIterator &)::[lambda(long, long) (instance 1)]>, unsigned int, long, (int)4, (int)4>>(T3)"
reference_iteration::sampling_decode_b32::2,PushPop,78959,78959,1,1,7967,7967.0,7967.0,7967,7967,0.0,"void at::native::unrolled_elementwise_kernel<at::native::direct_copy_kernel_cuda(at::TensorIteratorBase &)::[lambda() (instance 3)]::operator ()() const::[lambda() (instance 4)]::operator ()() const::[lambda(long) (instance 1)], std::array<char *, (unsigned long)2>, (int)4, TrivialOffsetCalculator<(int)1, unsigned int>, TrivialOffsetCalculator<(int)1, unsigned int>, at::native::memory::LoadWithCast<(int)1>, at::native::memory::StoreWithCast<(int)1>>(int, T1, T2, T4, T5, T6, T7)"
reference_iteration::sampling_decode_b32::2,PushPop,78959,78959,1,1,7647,7647.0,7647.0,7647,7647,0.0,"void at::native::reduce_kernel<(int)512, (int)1, at::native::ReduceOp<float, at::native::func_wrapper_t<float, at::native::sum_functor<float, float, float>::operator ()(at::TensorIterator &)::[lambda(float, float) (instance 1)]>, unsigned int, float, (int)4, (int)4>>(T3)"
reference_iteration::sampling_decode_b32::2,PushPop,78959,78959,1,1,5216,5216.0,5216.0,5216,5216,0.0,"void at::native::elementwise_kernel<(int)128, (int)2, void at::native::gpu_kernel_impl_nocast<at::native::BinaryFunctor<float, float, float, at::native::binary_internal::DivFunctor<float>>>(at::TensorIteratorBase &, const T1 &)::[lambda(int) (instance 1)]>(int, T3)"
reference_iteration::sampling_decode_b32::2,PushPop,78959,78959,1,1,4607,4607.0,4607.0,4607,4607,0.0,"void <unnamed>::softmax_warp_forward<float, float, float, (int)6, (bool)0, (bool)0>(T2 *, const T1 *, int, int, int, const bool *, int, bool)"
reference_iteration::sampling_decode_b32::2,PushPop,78959,78959,1,1,4607,4607.0,4607.0,4607,4607,0.0,"void at::native::_scatter_gather_elementwise_kernel<(int)128, (int)8, void at::native::_cuda_scatter_gather_internal_kernel<(bool)0, at::native::OpaqueType<(int)8>>::operator ()<at::native::TensorAssign>(at::TensorIterator &, long, long, long, const T1 &)::[lambda(int) (instance 1)]>(int, T3)"
reference_iteration::sampling_decode_b32::2,PushPop,78959,78959,1,2,4096,2048.0,2048.0,1952,2144,135.8,"void at_cuda_detail::cub::DeviceScanInitKernel<at_cuda_detail::cub::ReduceByKeyScanTileState<unsigned int, int, (bool)1>>(T1, int)"
reference_iteration::sampling_decode_b32::2,PushPop,78959,78959,1,1,3936,3936.0,3936.0,3936,3936,0.0,"void at::native::vectorized_elementwise_kernel<(int)4, at::native::<unnamed>::launch_clamp_scalar(at::TensorIteratorBase &, c10::Scalar, c10::Scalar, at::native::detail::ClampLimits)::[lambda() (instance 1)]::operator ()() const::[lambda() (instance 7)]::operator ()() const::[lambda(float) (instance 1)], std::array<char *, (unsigned long)2>>(int, T2, T3)"
reference_iteration::sampling_decode_b32::2,PushPop,78959,78959,1,1,3808,3808.0,3808.0,3808,3808,0.0,"void at::native::vectorized_elementwise_kernel<(int)4, at::native::<unnamed>::where_kernel_impl(at::TensorIterator &)::[lambda() (instance 1)]::operator ()() const::[lambda() (instance 11)]::operator ()() const::[lambda(bool, float, float) (instance 1)], std::array<char *, (unsigned long)4>>(int, T2, T3)"
reference_iteration::sampling_decode_b32::2,PushPop,78959,78959,1,1,3744,3744.0,3744.0,3744,3744,0.0,"void at::native::vectorized_elementwise_kernel<(int)4, at::native::<unnamed>::masked_fill_kernel(at::TensorIterator &, const c10::Scalar &)::[lambda() (instance 1)]::operator ()() const::[lambda() (instance 7)]::operator ()() const::[lambda(float, bool) (instance 1)], std::array<char *, (unsigned long)3>>(int, T2, T3)"
reference_iteration::sampling_decode_b32::2,PushPop,78959,78959,1,1,3648,3648.0,3648.0,3648,3648,0.0,"void at::native::vectorized_elementwise_kernel<(int)4, void at::native::compare_scalar_kernel<float>(at::TensorIteratorBase &, at::native::<unnamed>::OpType, T1)::[lambda(float) (instance 1)], std::array<char *, (unsigned long)2>>(int, T2, T3)"
reference_iteration::sampling_decode_b32::2,PushPop,78959,78959,1,1,3456,3456.0,3456.0,3456,3456,0.0,"void at::native::vectorized_elementwise_kernel<(int)2, at::native::<unnamed>::launch_clamp_scalar(at::TensorIteratorBase &, c10::Scalar, c10::Scalar, at::native::detail::ClampLimits)::[lambda() (instance 1)]::operator ()() const::[lambda() (instance 4)]::operator ()() const::[lambda(long) (instance 1)], std::array<char *, (unsigned long)2>>(int, T2, T3)"
reference_iteration::sampling_decode_b32::2,PushPop,78959,78959,1,1,3424,3424.0,3424.0,3424,3424,0.0,"void at::native::vectorized_elementwise_kernel<(int)4, at::native::CUDAFunctor_add<float>, std::array<char *, (unsigned long)3>>(int, T2, T3)"
reference_iteration::sampling_decode_b32::2,PushPop,78959,78959,1,1,3040,3040.0,3040.0,3040,3040,0.0,"void at::native::mbtopk::computeBlockwiseKthCounts<unsigned int>(T1 *, short *, unsigned int, unsigned int, unsigned int *)"
reference_iteration::sampling_decode_b32::2,PushPop,78959,78959,1,1,2944,2944.0,2944.0,2944,2944,0.0,"void at::native::elementwise_kernel<(int)128, (int)2, void at::native::gpu_kernel_impl_nocast<at::native::AUnaryFunctor<float, float, float, at::native::binary_internal::MulFunctor<float>>>(at::TensorIteratorBase &, const T1 &)::[lambda(int) (instance 1)]>(int, T3)"
reference_iteration::sampling_decode_b32::2,PushPop,78959,78959,1,1,2688,2688.0,2688.0,2688,2688,0.0,"void at::native::vectorized_elementwise_kernel<(int)4, at::native::FillFunctor<float>, std::array<char *, (unsigned long)1>>(int, T2, T3)"
reference_iteration::sampling_decode_b32::2,PushPop,78959,78959,1,1,2496,2496.0,2496.0,2496,2496,0.0,"void at::native::mbtopk::fill<unsigned int, unsigned int>(T1 *, T1, T2)"
reference_iteration::sampling_decode_b32::3,PushPop,78959,78959,1,4,286740,71685.0,68509.0,66910,82812,7565.3,"void at::native::mbtopk::radixFindKthValues<float, unsigned int, unsigned int, (int)2>(at::cuda::detail::TensorInfo<const T1, T2>, unsigned int, unsigned int *, unsigned int, T2, int, int, unsigned int, T3, T3 *, short *)"
reference_iteration::sampling_decode_b32::3,PushPop,78959,78959,1,1,213527,213527.0,213527.0,213527,213527,0.0,"void at::native::mbtopk::gatherTopK<float, unsigned int, (int)2>(at::cuda::detail::TensorInfo<const T1, T2>, T2, T2, bool, unsigned int, T2, at::cuda::detail::TensorInfo<T1, T2>, T2, at::cuda::detail::TensorInfo<long, T2>, T2, unsigned int, unsigned int, T1 *, unsigned int *, unsigned int *, unsigned int)"
reference_iteration::sampling_decode_b32::3,PushPop,78959,78959,1,1,151258,151258.0,151258.0,151258,151258,0.0,"void at::native::unrolled_elementwise_kernel<at::native::direct_copy_kernel_cuda(at::TensorIteratorBase &)::[lambda() (instance 3)]::operator ()() const::[lambda() (instance 7)]::operator ()() const::[lambda(float) (instance 1)], std::array<char *, (unsigned long)2>, (int)4, TrivialOffsetCalculator<(int)1, unsigned int>, TrivialOffsetCalculator<(int)1, unsigned int>, at::native::memory::LoadWithCast<(int)1>, at::native::memory::StoreWithCast<(int)1>>(int, T1, T2, T4, T5, T6, T7)"
reference_iteration::sampling_decode_b32::3,PushPop,78959,78959,1,1,85661,85661.0,85661.0,85661,85661,0.0,"void at::native::vectorized_elementwise_kernel<(int)4, at::native::BUnaryFunctor<float, float, float, at::native::binary_internal::MulFunctor<float>>, std::array<char *, (unsigned long)2>>(int, T2, T3)"
reference_iteration::sampling_decode_b32::3,PushPop,78959,78959,1,4,38206,9551.5,9503.0,9344,9856,218.0,"void at::native::mbtopk::computeBlockwiseWithinKCounts<unsigned int, float>(T1 *, short *, unsigned int *, unsigned int, int, bool, unsigned int *, T2 *, unsigned int *, T1 *, unsigned int)"
reference_iteration::sampling_decode_b32::3,PushPop,78959,78959,1,1,20607,20607.0,20607.0,20607,20607,0.0,"void at::native::radixSortKVInPlace<(int)2, (int)-1, (int)32, (int)4, float, long, unsigned int>(at::cuda::detail::TensorInfo<T5, T7>, T7, T7, T7, at::cuda::detail::TensorInfo<T6, T7>, T7, bool)"
reference_iteration::sampling_decode_b32::3,PushPop,78959,78959,1,2,13632,6816.0,6816.0,4224,9408,3665.6,"void at_cuda_detail::cub::DeviceScanByKeyKernel<at_cuda_detail::cub::DeviceScanByKeyPolicy<at_cuda_detail::cub::TransformInputIterator<unsigned int, at::native::mbtopk::BlockIdxToKey, at_cuda_detail::cub::CountingInputIterator<unsigned int, unsigned int>, long>, unsigned int *, at_cuda_detail::cub::NullType>::Policy520, at_cuda_detail::cub::TransformInputIterator<unsigned int, at::native::mbtopk::BlockIdxToKey, at_cuda_detail::cub::CountingInputIterator<unsigned int, unsigned int>, long>, unsigned int *, unsigned int *, at_cuda_detail::cub::ReduceByKeyScanTileState<unsigned int, int, (bool)1>, at_cuda_detail::cub::Equality, at_cuda_detail::cub::Sum, at_cuda_detail::cub::NullType, int>(T2, T3, T4, T5, int, T6, T7, T8, T9)"
reference_iteration::sampling_decode_b32::3,PushPop,78959,78959,1,2,9792,4896.0,4896.0,4256,5536,905.1,"void at::native::elementwise_kernel<(int)128, (int)4, void at::native::gpu_kernel_impl_nocast<at::native::<unnamed>::CompareFunctor<float>>(at::TensorIteratorBase &, const T1 &)::[lambda(int) (instance 1)]>(int, T3)"
reference_iteration::sampling_decode_b32::3,PushPop,78959,78959,1,2,9248,4624.0,4624.0,4128,5120,701.4,"void at::native::tensor_kernel_scan_innermost_dim<float, std::plus<float>>(T1 *, const T1 *, unsigned int, unsigned int, unsigned int, T1, T2)"
reference_iteration::sampling_decode_b32::3,PushPop,78959,78959,1,1,8096,8096.0,8096.0,8096,8096,0.0,"void at::native::reduce_kernel<(int)512, (int)1, at::native::ReduceOp<long, at::native::func_wrapper_t<long, at::native::sum_functor<long, long, long>::operator ()(at::TensorIterator &)::[lambda(long, long) (instance 1)]>, unsigned int, long, (int)4, (int)4>>(T3)"
reference_iteration::sampling_decode_b32::3,PushPop,78959,78959,1,1,7744,7744.0,7744.0,7744,7744,0.0,"void at::native::reduce_kernel<(int)512, (int)1, at::native::ReduceOp<float, at::native::func_wrapper_t<float, at::native::sum_functor<float, float, float>::operator ()(at::TensorIterator &)::[lambda(float, float) (instance 1)]>, unsigned int, float, (int)4, (int)4>>(T3)"
reference_iteration::sampling_decode_b32::3,PushPop,78959,78959,1,1,7712,7712.0,7712.0,7712,7712,0.0,"void at::native::unrolled_elementwise_kernel<at::native::direct_copy_kernel_cuda(at::TensorIteratorBase &)::[lambda() (instance 3)]::operator ()() const::[lambda() (instance 4)]::operator ()() const::[lambda(long) (instance 1)], std::array<char *, (unsigned long)2>, (int)4, TrivialOffsetCalculator<(int)1, unsigned int>, TrivialOffsetCalculator<(int)1, unsigned int>, at::native::memory::LoadWithCast<(int)1>, at::native::memory::StoreWithCast<(int)1>>(int, T1, T2, T4, T5, T6, T7)"
reference_iteration::sampling_decode_b32::3,PushPop,78959,78959,1,1,5376,5376.0,5376.0,5376,5376,0.0,"void at::native::elementwise_kernel<(int)128, (int)2, void at::native::gpu_kernel_impl_nocast<at::native::BinaryFunctor<float, float, float, at::native::binary_internal::DivFunctor<float>>>(at::TensorIteratorBase &, const T1 &)::[lambda(int) (instance 1)]>(int, T3)"
reference_iteration::sampling_decode_b32::3,PushPop,78959,78959,1,1,4608,4608.0,4608.0,4608,4608,0.0,"void <unnamed>::softmax_warp_forward<float, float, float, (int)6, (bool)0, (bool)0>(T2 *, const T1 *, int, int, int, const bool *, int, bool)"
reference_iteration::sampling_decode_b32::3,PushPop,78959,78959,1,1,4575,4575.0,4575.0,4575,4575,0.0,"void at::native::_scatter_gather_elementwise_kernel<(int)128, (int)8, void at::native::_cuda_scatter_gather_internal_kernel<(bool)0, at::native::OpaqueType<(int)8>>::operator ()<at::native::TensorAssign>(at::TensorIterator &, long, long, long, const T1 &)::[lambda(int) (instance 1)]>(int, T3)"
reference_iteration::sampling_decode_b32::3,PushPop,78959,78959,1,2,4096,2048.0,2048.0,1952,2144,135.8,"void at_cuda_detail::cub::DeviceScanInitKernel<at_cuda_detail::cub::ReduceByKeyScanTileState<unsigned int, int, (bool)1>>(T1, int)"
reference_iteration::sampling_decode_b32::3,PushPop,78959,78959,1,1,3904,3904.0,3904.0,3904,3904,0.0,"void at::native::vectorized_elementwise_kernel<(int)4, at::native::<unnamed>::launch_clamp_scalar(at::TensorIteratorBase &, c10::Scalar, c10::Scalar, at::native::detail::ClampLimits)::[lambda() (instance 1)]::operator ()() const::[lambda() (instance 7)]::operator ()() const::[lambda(float) (instance 1)], std::array<char *, (unsigned long)2>>(int, T2, T3)"
reference_iteration::sampling_decode_b32::3,PushPop,78959,78959,1,1,3807,3807.0,3807.0,3807,3807,0.0,"void at::native::vectorized_elementwise_kernel<(int)4, at::native::<unnamed>::where_kernel_impl(at::TensorIterator &)::[lambda() (instance 1)]::operator ()() const::[lambda() (instance 11)]::operator ()() const::[lambda(bool, float, float) (instance 1)], std::array<char *, (unsigned long)4>>(int, T2, T3)"
reference_iteration::sampling_decode_b32::3,PushPop,78959,78959,1,1,3776,3776.0,3776.0,3776,3776,0.0,"void at::native::vectorized_elementwise_kernel<(int)4, at::native::<unnamed>::masked_fill_kernel(at::TensorIterator &, const c10::Scalar &)::[lambda() (instance 1)]::operator ()() const::[lambda() (instance 7)]::operator ()() const::[lambda(float, bool) (instance 1)], std::array<char *, (unsigned long)3>>(int, T2, T3)"
reference_iteration::sampling_decode_b32::3,PushPop,78959,78959,1,1,3584,3584.0,3584.0,3584,3584,0.0,"void at::native::vectorized_elementwise_kernel<(int)4, void at::native::compare_scalar_kernel<float>(at::TensorIteratorBase &, at::native::<unnamed>::OpType, T1)::[lambda(float) (instance 1)], std::array<char *, (unsigned long)2>>(int, T2, T3)"
reference_iteration::sampling_decode_b32::3,PushPop,78959,78959,1,1,3488,3488.0,3488.0,3488,3488,0.0,"void at::native::vectorized_elementwise_kernel<(int)2, at::native::<unnamed>::launch_clamp_scalar(at::TensorIteratorBase &, c10::Scalar, c10::Scalar, at::native::detail::ClampLimits)::[lambda() (instance 1)]::operator ()() const::[lambda() (instance 4)]::operator ()() const::[lambda(long) (instance 1)], std::array<char *, (unsigned long)2>>(int, T2, T3)"
reference_iteration::sampling_decode_b32::3,PushPop,78959,78959,1,1,3424,3424.0,3424.0,3424,3424,0.0,"void at::native::vectorized_elementwise_kernel<(int)4, at::native::CUDAFunctor_add<float>, std::array<char *, (unsigned long)3>>(int, T2, T3)"
reference_iteration::sampling_decode_b32::3,PushPop,78959,78959,1,1,3008,3008.0,3008.0,3008,3008,0.0,"void at::native::mbtopk::computeBlockwiseKthCounts<unsigned int>(T1 *, short *, unsigned int, unsigned int, unsigned int *)"
reference_iteration::sampling_decode_b32::3,PushPop,78959,78959,1,1,2944,2944.0,2944.0,2944,2944,0.0,"void at::native::elementwise_kernel<(int)128, (int)2, void at::native::gpu_kernel_impl_nocast<at::native::AUnaryFunctor<float, float, float, at::native::binary_internal::MulFunctor<float>>>(at::TensorIteratorBase &, const T1 &)::[lambda(int) (instance 1)]>(int, T3)"
reference_iteration::sampling_decode_b32::3,PushPop,78959,78959,1,1,2591,2591.0,2591.0,2591,2591,0.0,"void at::native::vectorized_elementwise_kernel<(int)4, at::native::FillFunctor<float>, std::array<char *, (unsigned long)1>>(int, T2, T3)"
reference_iteration::sampling_decode_b32::3,PushPop,78959,78959,1,1,2464,2464.0,2464.0,2464,2464,0.0,"void at::native::mbtopk::fill<unsigned int, unsigned int>(T1 *, T1, T2)"
reference_iteration::sampling_decode_b32::4,PushPop,78959,78959,1,4,283700,70925.0,68221.0,66237,81021,6883.4,"void at::native::mbtopk::radixFindKthValues<float, unsigned int, unsigned int, (int)2>(at::cuda::detail::TensorInfo<const T1, T2>, unsigned int, unsigned int *, unsigned int, T2, int, int, unsigned int, T3, T3 *, short *)"
reference_iteration::sampling_decode_b32::4,PushPop,78959,78959,1,1,216887,216887.0,216887.0,216887,216887,0.0,"void at::native::mbtopk::gatherTopK<float, unsigned int, (int)2>(at::cuda::detail::TensorInfo<const T1, T2>, T2, T2, bool, unsigned int, T2, at::cuda::detail::TensorInfo<T1, T2>, T2, at::cuda::detail::TensorInfo<long, T2>, T2, unsigned int, unsigned int, T1 *, unsigned int *, unsigned int *, unsigned int)"
reference_iteration::sampling_decode_b32::4,PushPop,78959,78959,1,1,151226,151226.0,151226.0,151226,151226,0.0,"void at::native::unrolled_elementwise_kernel<at::native::direct_copy_kernel_cuda(at::TensorIteratorBase &)::[lambda() (instance 3)]::operator ()() const::[lambda() (instance 7)]::operator ()() const::[lambda(float) (instance 1)], std::array<char *, (unsigned long)2>, (int)4, TrivialOffsetCalculator<(int)1, unsigned int>, TrivialOffsetCalculator<(int)1, unsigned int>, at::native::memory::LoadWithCast<(int)1>, at::native::memory::StoreWithCast<(int)1>>(int, T1, T2, T4, T5, T6, T7)"
reference_iteration::sampling_decode_b32::4,PushPop,78959,78959,1,1,85564,85564.0,85564.0,85564,85564,0.0,"void at::native::vectorized_elementwise_kernel<(int)4, at::native::BUnaryFunctor<float, float, float, at::native::binary_internal::MulFunctor<float>>, std::array<char *, (unsigned long)2>>(int, T2, T3)"
reference_iteration::sampling_decode_b32::4,PushPop,78959,78959,1,4,37856,9464.0,9408.0,9376,9664,134.2,"void at::native::mbtopk::computeBlockwiseWithinKCounts<unsigned int, float>(T1 *, short *, unsigned int *, unsigned int, int, bool, unsigned int *, T2 *, unsigned int *, T1 *, unsigned int)"
reference_iteration::sampling_decode_b32::4,PushPop,78959,78959,1,1,20735,20735.0,20735.0,20735,20735,0.0,"void at::native::radixSortKVInPlace<(int)2, (int)-1, (int)32, (int)4, float, long, unsigned int>(at::cuda::detail::TensorInfo<T5, T7>, T7, T7, T7, at::cuda::detail::TensorInfo<T6, T7>, T7, bool)"
reference_iteration::sampling_decode_b32::4,PushPop,78959,78959,1,2,13631,6815.5,6815.5,4288,9343,3574.4,"void at_cuda_detail::cub::DeviceScanByKeyKernel<at_cuda_detail::cub::DeviceScanByKeyPolicy<at_cuda_detail::cub::TransformInputIterator<unsigned int, at::native::mbtopk::BlockIdxToKey, at_cuda_detail::cub::CountingInputIterator<unsigned int, unsigned int>, long>, unsigned int *, at_cuda_detail::cub::NullType>::Policy520, at_cuda_detail::cub::TransformInputIterator<unsigned int, at::native::mbtopk::BlockIdxToKey, at_cuda_detail::cub::CountingInputIterator<unsigned int, unsigned int>, long>, unsigned int *, unsigned int *, at_cuda_detail::cub::ReduceByKeyScanTileState<unsigned int, int, (bool)1>, at_cuda_detail::cub::Equality, at_cuda_detail::cub::Sum, at_cuda_detail::cub::NullType, int>(T2, T3, T4, T5, int, T6, T7, T8, T9)"
reference_iteration::sampling_decode_b32::4,PushPop,78959,78959,1,2,9759,4879.5,4879.5,4192,5567,972.3,"void at::native::elementwise_kernel<(int)128, (int)4, void at::native::gpu_kernel_impl_nocast<at::native::<unnamed>::CompareFunctor<float>>(at::TensorIteratorBase &, const T1 &)::[lambda(int) (instance 1)]>(int, T3)"
reference_iteration::sampling_decode_b32::4,PushPop,78959,78959,1,2,9280,4640.0,4640.0,4160,5120,678.8,"void at::native::tensor_kernel_scan_innermost_dim<float, std::plus<float>>(T1 *, const T1 *, unsigned int, unsigned int, unsigned int, T1, T2)"
reference_iteration::sampling_decode_b32::4,PushPop,78959,78959,1,1,8064,8064.0,8064.0,8064,8064,0.0,"void at::native::unrolled_elementwise_kernel<at::native::direct_copy_kernel_cuda(at::TensorIteratorBase &)::[lambda() (instance 3)]::operator ()() const::[lambda() (instance 4)]::operator ()() const::[lambda(long) (instance 1)], std::array<char *, (unsigned long)2>, (int)4, TrivialOffsetCalculator<(int)1, unsigned int>, TrivialOffsetCalculator<(int)1, unsigned int>, at::native::memory::LoadWithCast<(int)1>, at::native::memory::StoreWithCast<(int)1>>(int, T1, T2, T4, T5, T6, T7)"
reference_iteration::sampling_decode_b32::4,PushPop,78959,78959,1,1,8063,8063.0,8063.0,8063,8063,0.0,"void at::native::reduce_kernel<(int)512, (int)1, at::native::ReduceOp<long, at::native::func_wrapper_t<long, at::native::sum_functor<long, long, long>::operator ()(at::TensorIterator &)::[lambda(long, long) (instance 1)]>, unsigned int, long, (int)4, (int)4>>(T3)"
reference_iteration::sampling_decode_b32::4,PushPop,78959,78959,1,1,8000,8000.0,8000.0,8000,8000,0.0,"void at::native::reduce_kernel<(int)512, (int)1, at::native::ReduceOp<float, at::native::func_wrapper_t<float, at::native::sum_functor<float, float, float>::operator ()(at::TensorIterator &)::[lambda(float, float) (instance 1)]>, unsigned int, float, (int)4, (int)4>>(T3)"
reference_iteration::sampling_decode_b32::4,PushPop,78959,78959,1,1,5151,5151.0,5151.0,5151,5151,0.0,"void at::native::elementwise_kernel<(int)128, (int)2, void at::native::gpu_kernel_impl_nocast<at::native::BinaryFunctor<float, float, float, at::native::binary_internal::DivFunctor<float>>>(at::TensorIteratorBase &, const T1 &)::[lambda(int) (instance 1)]>(int, T3)"
reference_iteration::sampling_decode_b32::4,PushPop,78959,78959,1,1,4576,4576.0,4576.0,4576,4576,0.0,"void <unnamed>::softmax_warp_forward<float, float, float, (int)6, (bool)0, (bool)0>(T2 *, const T1 *, int, int, int, const bool *, int, bool)"
reference_iteration::sampling_decode_b32::4,PushPop,78959,78959,1,1,4576,4576.0,4576.0,4576,4576,0.0,"void at::native::_scatter_gather_elementwise_kernel<(int)128, (int)8, void at::native::_cuda_scatter_gather_internal_kernel<(bool)0, at::native::OpaqueType<(int)8>>::operator ()<at::native::TensorAssign>(at::TensorIterator &, long, long, long, const T1 &)::[lambda(int) (instance 1)]>(int, T3)"
reference_iteration::sampling_decode_b32::4,PushPop,78959,78959,1,2,4064,2032.0,2032.0,1920,2144,158.4,"void at_cuda_detail::cub::DeviceScanInitKernel<at_cuda_detail::cub::ReduceByKeyScanTileState<unsigned int, int, (bool)1>>(T1, int)"
reference_iteration::sampling_decode_b32::4,PushPop,78959,78959,1,1,3968,3968.0,3968.0,3968,3968,0.0,"void at::native::vectorized_elementwise_kernel<(int)4, at::native::<unnamed>::where_kernel_impl(at::TensorIterator &)::[lambda() (instance 1)]::operator ()() const::[lambda() (instance 11)]::operator ()() const::[lambda(bool, float, float) (instance 1)], std::array<char *, (unsigned long)4>>(int, T2, T3)"
reference_iteration::sampling_decode_b32::4,PushPop,78959,78959,1,1,3872,3872.0,3872.0,3872,3872,0.0,"void at::native::vectorized_elementwise_kernel<(int)4, at::native::<unnamed>::launch_clamp_scalar(at::TensorIteratorBase &, c10::Scalar, c10::Scalar, at::native::detail::ClampLimits)::[lambda() (instance 1)]::operator ()() const::[lambda() (instance 7)]::operator ()() const::[lambda(float) (instance 1)], std::array<char *, (unsigned long)2>>(int, T2, T3)"
reference_iteration::sampling_decode_b32::4,PushPop,78959,78959,1,1,3776,3776.0,3776.0,3776,3776,0.0,"void at::native::vectorized_elementwise_kernel<(int)4, at::native::<unnamed>::masked_fill_kernel(at::TensorIterator &, const c10::Scalar &)::[lambda() (instance 1)]::operator ()() const::[lambda() (instance 7)]::operator ()() const::[lambda(float, bool) (instance 1)], std::array<char *, (unsigned long)3>>(int, T2, T3)"
reference_iteration::sampling_decode_b32::4,PushPop,78959,78959,1,1,3615,3615.0,3615.0,3615,3615,0.0,"void at::native::vectorized_elementwise_kernel<(int)4, void at::native::compare_scalar_kernel<float>(at::TensorIteratorBase &, at::native::<unnamed>::OpType, T1)::[lambda(float) (instance 1)], std::array<char *, (unsigned long)2>>(int, T2, T3)"
reference_iteration::sampling_decode_b32::4,PushPop,78959,78959,1,1,3520,3520.0,3520.0,3520,3520,0.0,"void at::native::vectorized_elementwise_kernel<(int)2, at::native::<unnamed>::launch_clamp_scalar(at::TensorIteratorBase &, c10::Scalar, c10::Scalar, at::native::detail::ClampLimits)::[lambda() (instance 1)]::operator ()() const::[lambda() (instance 4)]::operator ()() const::[lambda(long) (instance 1)], std::array<char *, (unsigned long)2>>(int, T2, T3)"
reference_iteration::sampling_decode_b32::4,PushPop,78959,78959,1,1,3424,3424.0,3424.0,3424,3424,0.0,"void at::native::vectorized_elementwise_kernel<(int)4, at::native::CUDAFunctor_add<float>, std::array<char *, (unsigned long)3>>(int, T2, T3)"
reference_iteration::sampling_decode_b32::4,PushPop,78959,78959,1,1,3008,3008.0,3008.0,3008,3008,0.0,"void at::native::mbtopk::computeBlockwiseKthCounts<unsigned int>(T1 *, short *, unsigned int, unsigned int, unsigned int *)"
reference_iteration::sampling_decode_b32::4,PushPop,78959,78959,1,1,2944,2944.0,2944.0,2944,2944,0.0,"void at::native::vectorized_elementwise_kernel<(int)4, at::native::FillFunctor<float>, std::array<char *, (unsigned long)1>>(int, T2, T3)"
reference_iteration::sampling_decode_b32::4,PushPop,78959,78959,1,1,2943,2943.0,2943.0,2943,2943,0.0,"void at::native::elementwise_kernel<(int)128, (int)2, void at::native::gpu_kernel_impl_nocast<at::native::AUnaryFunctor<float, float, float, at::native::binary_internal::MulFunctor<float>>>(at::TensorIteratorBase &, const T1 &)::[lambda(int) (instance 1)]>(int, T3)"
reference_iteration::sampling_decode_b32::4,PushPop,78959,78959,1,1,2496,2496.0,2496.0,2496,2496,0.0,"void at::native::mbtopk::fill<unsigned int, unsigned int>(T1 *, T1, T2)"
reference_iteration::sampling_decode_b32::5,PushPop,78959,78959,1,4,283476,70869.0,68397.0,65341,81341,7162.0,"void at::native::mbtopk::radixFindKthValues<float, unsigned int, unsigned int, (int)2>(at::cuda::detail::TensorInfo<const T1, T2>, unsigned int, unsigned int *, unsigned int, T2, int, int, unsigned int, T3, T3 *, short *)"
reference_iteration::sampling_decode_b32::5,PushPop,78959,78959,1,1,215735,215735.0,215735.0,215735,215735,0.0,"void at::native::mbtopk::gatherTopK<float, unsigned int, (int)2>(at::cuda::detail::TensorInfo<const T1, T2>, T2, T2, bool, unsigned int, T2, at::cuda::detail::TensorInfo<T1, T2>, T2, at::cuda::detail::TensorInfo<long, T2>, T2, unsigned int, unsigned int, T1 *, unsigned int *, unsigned int *, unsigned int)"
reference_iteration::sampling_decode_b32::5,PushPop,78959,78959,1,1,150809,150809.0,150809.0,150809,150809,0.0,"void at::native::unrolled_elementwise_kernel<at::native::direct_copy_kernel_cuda(at::TensorIteratorBase &)::[lambda() (instance 3)]::operator ()() const::[lambda() (instance 7)]::operator ()() const::[lambda(float) (instance 1)], std::array<char *, (unsigned long)2>, (int)4, TrivialOffsetCalculator<(int)1, unsigned int>, TrivialOffsetCalculator<(int)1, unsigned int>, at::native::memory::LoadWithCast<(int)1>, at::native::memory::StoreWithCast<(int)1>>(int, T1, T2, T4, T5, T6, T7)"
reference_iteration::sampling_decode_b32::5,PushPop,78959,78959,1,1,87164,87164.0,87164.0,87164,87164,0.0,"void at::native::vectorized_elementwise_kernel<(int)4, at::native::BUnaryFunctor<float, float, float, at::native::binary_internal::MulFunctor<float>>, std::array<char *, (unsigned long)2>>(int, T2, T3)"
reference_iteration::sampling_decode_b32::5,PushPop,78959,78959,1,4,38143,9535.8,9456.0,9280,9951,312.0,"void at::native::mbtopk::computeBlockwiseWithinKCounts<unsigned int, float>(T1 *, short *, unsigned int *, unsigned int, int, bool, unsigned int *, T2 *, unsigned int *, T1 *, unsigned int)"
reference_iteration::sampling_decode_b32::5,PushPop,78959,78959,1,1,20479,20479.0,20479.0,20479,20479,0.0,"void at::native::radixSortKVInPlace<(int)2, (int)-1, (int)32, (int)4, float, long, unsigned int>(at::cuda::detail::TensorInfo<T5, T7>, T7, T7, T7, at::cuda::detail::TensorInfo<T6, T7>, T7, bool)"
reference_iteration::sampling_decode_b32::5,PushPop,78959,78959,1,2,13408,6704.0,6704.0,4288,9120,3416.7,"void at_cuda_detail::cub::DeviceScanByKeyKernel<at_cuda_detail::cub::DeviceScanByKeyPolicy<at_cuda_detail::cub::TransformInputIterator<unsigned int, at::native::mbtopk::BlockIdxToKey, at_cuda_detail::cub::CountingInputIterator<unsigned int, unsigned int>, long>, unsigned int *, at_cuda_detail::cub::NullType>::Policy520, at_cuda_detail::cub::TransformInputIterator<unsigned int, at::native::mbtopk::BlockIdxToKey, at_cuda_detail::cub::CountingInputIterator<unsigned int, unsigned int>, long>, unsigned int *, unsigned int *, at_cuda_detail::cub::ReduceByKeyScanTileState<unsigned int, int, (bool)1>, at_cuda_detail::cub::Equality, at_cuda_detail::cub::Sum, at_cuda_detail::cub::NullType, int>(T2, T3, T4, T5, int, T6, T7, T8, T9)"
reference_iteration::sampling_decode_b32::5,PushPop,78959,78959,1,2,9888,4944.0,4944.0,4160,5728,1108.7,"void at::native::elementwise_kernel<(int)128, (int)4, void at::native::gpu_kernel_impl_nocast<at::native::<unnamed>::CompareFunctor<float>>(at::TensorIteratorBase &, const T1 &)::[lambda(int) (instance 1)]>(int, T3)"
reference_iteration::sampling_decode_b32::5,PushPop,78959,78959,1,2,9440,4720.0,4720.0,4128,5312,837.2,"void at::native::tensor_kernel_scan_innermost_dim<float, std::plus<float>>(T1 *, const T1 *, unsigned int, unsigned int, unsigned int, T1, T2)"
reference_iteration::sampling_decode_b32::5,PushPop,78959,78959,1,1,8064,8064.0,8064.0,8064,8064,0.0,"void at::native::reduce_kernel<(int)512, (int)1, at::native::ReduceOp<float, at::native::func_wrapper_t<float, at::native::sum_functor<float, float, float>::operator ()(at::TensorIterator &)::[lambda(float, float) (instance 1)]>, unsigned int, float, (int)4, (int)4>>(T3)"
reference_iteration::sampling_decode_b32::5,PushPop,78959,78959,1,1,8032,8032.0,8032.0,8032,8032,0.0,"void at::native::reduce_kernel<(int)512, (int)1, at::native::ReduceOp<long, at::native::func_wrapper_t<long, at::native::sum_functor<long, long, long>::operator ()(at::TensorIterator &)::[lambda(long, long) (instance 1)]>, unsigned int, long, (int)4, (int)4>>(T3)"
reference_iteration::sampling_decode_b32::5,PushPop,78959,78959,1,1,7647,7647.0,7647.0,7647,7647,0.0,"void at::native::unrolled_elementwise_kernel<at::native::direct_copy_kernel_cuda(at::TensorIteratorBase &)::[lambda() (instance 3)]::operator ()() const::[lambda() (instance 4)]::operator ()() const::[lambda(long) (instance 1)], std::array<char *, (unsigned long)2>, (int)4, TrivialOffsetCalculator<(int)1, unsigned int>, TrivialOffsetCalculator<(int)1, unsigned int>, at::native::memory::LoadWithCast<(int)1>, at::native::memory::StoreWithCast<(int)1>>(int, T1, T2, T4, T5, T6, T7)"
reference_iteration::sampling_decode_b32::5,PushPop,78959,78959,1,1,5216,5216.0,5216.0,5216,5216,0.0,"void at::native::elementwise_kernel<(int)128, (int)2, void at::native::gpu_kernel_impl_nocast<at::native::BinaryFunctor<float, float, float, at::native::binary_internal::DivFunctor<float>>>(at::TensorIteratorBase &, const T1 &)::[lambda(int) (instance 1)]>(int, T3)"
reference_iteration::sampling_decode_b32::5,PushPop,78959,78959,1,1,4576,4576.0,4576.0,4576,4576,0.0,"void at::native::_scatter_gather_elementwise_kernel<(int)128, (int)8, void at::native::_cuda_scatter_gather_internal_kernel<(bool)0, at::native::OpaqueType<(int)8>>::operator ()<at::native::TensorAssign>(at::TensorIterator &, long, long, long, const T1 &)::[lambda(int) (instance 1)]>(int, T3)"
reference_iteration::sampling_decode_b32::5,PushPop,78959,78959,1,1,4575,4575.0,4575.0,4575,4575,0.0,"void <unnamed>::softmax_warp_forward<float, float, float, (int)6, (bool)0, (bool)0>(T2 *, const T1 *, int, int, int, const bool *, int, bool)"
reference_iteration::sampling_decode_b32::5,PushPop,78959,78959,1,2,4064,2032.0,2032.0,1920,2144,158.4,"void at_cuda_detail::cub::DeviceScanInitKernel<at_cuda_detail::cub::ReduceByKeyScanTileState<unsigned int, int, (bool)1>>(T1, int)"
reference_iteration::sampling_decode_b32::5,PushPop,78959,78959,1,1,4032,4032.0,4032.0,4032,4032,0.0,"void at::native::vectorized_elementwise_kernel<(int)4, at::native::<unnamed>::where_kernel_impl(at::TensorIterator &)::[lambda() (instance 1)]::operator ()() const::[lambda() (instance 11)]::operator ()() const::[lambda(bool, float, float) (instance 1)], std::array<char *, (unsigned long)4>>(int, T2, T3)"
reference_iteration::sampling_decode_b32::5,PushPop,78959,78959,1,1,3935,3935.0,3935.0,3935,3935,0.0,"void at::native::vectorized_elementwise_kernel<(int)4, at::native::<unnamed>::launch_clamp_scalar(at::TensorIteratorBase &, c10::Scalar, c10::Scalar, at::native::detail::ClampLimits)::[lambda() (instance 1)]::operator ()() const::[lambda() (instance 7)]::operator ()() const::[lambda(float) (instance 1)], std::array<char *, (unsigned long)2>>(int, T2, T3)"
reference_iteration::sampling_decode_b32::5,PushPop,78959,78959,1,1,3776,3776.0,3776.0,3776,3776,0.0,"void at::native::vectorized_elementwise_kernel<(int)4, at::native::<unnamed>::masked_fill_kernel(at::TensorIterator &, const c10::Scalar &)::[lambda() (instance 1)]::operator ()() const::[lambda() (instance 7)]::operator ()() const::[lambda(float, bool) (instance 1)], std::array<char *, (unsigned long)3>>(int, T2, T3)"
reference_iteration::sampling_decode_b32::5,PushPop,78959,78959,1,1,3584,3584.0,3584.0,3584,3584,0.0,"void at::native::vectorized_elementwise_kernel<(int)4, void at::native::compare_scalar_kernel<float>(at::TensorIteratorBase &, at::native::<unnamed>::OpType, T1)::[lambda(float) (instance 1)], std::array<char *, (unsigned long)2>>(int, T2, T3)"
reference_iteration::sampling_decode_b32::5,PushPop,78959,78959,1,1,3456,3456.0,3456.0,3456,3456,0.0,"void at::native::vectorized_elementwise_kernel<(int)2, at::native::<unnamed>::launch_clamp_scalar(at::TensorIteratorBase &, c10::Scalar, c10::Scalar, at::native::detail::ClampLimits)::[lambda() (instance 1)]::operator ()() const::[lambda() (instance 4)]::operator ()() const::[lambda(long) (instance 1)], std::array<char *, (unsigned long)2>>(int, T2, T3)"
reference_iteration::sampling_decode_b32::5,PushPop,78959,78959,1,1,3391,3391.0,3391.0,3391,3391,0.0,"void at::native::vectorized_elementwise_kernel<(int)4, at::native::CUDAFunctor_add<float>, std::array<char *, (unsigned long)3>>(int, T2, T3)"
reference_iteration::sampling_decode_b32::5,PushPop,78959,78959,1,1,2975,2975.0,2975.0,2975,2975,0.0,"void at::native::elementwise_kernel<(int)128, (int)2, void at::native::gpu_kernel_impl_nocast<at::native::AUnaryFunctor<float, float, float, at::native::binary_internal::MulFunctor<float>>>(at::TensorIteratorBase &, const T1 &)::[lambda(int) (instance 1)]>(int, T3)"
reference_iteration::sampling_decode_b32::5,PushPop,78959,78959,1,1,2975,2975.0,2975.0,2975,2975,0.0,"void at::native::mbtopk::computeBlockwiseKthCounts<unsigned int>(T1 *, short *, unsigned int, unsigned int, unsigned int *)"
reference_iteration::sampling_decode_b32::5,PushPop,78959,78959,1,1,2656,2656.0,2656.0,2656,2656,0.0,"void at::native::mbtopk::fill<unsigned int, unsigned int>(T1 *, T1, T2)"
reference_iteration::sampling_decode_b32::5,PushPop,78959,78959,1,1,2592,2592.0,2592.0,2592,2592,0.0,"void at::native::vectorized_elementwise_kernel<(int)4, at::native::FillFunctor<float>, std::array<char *, (unsigned long)1>>(int, T2, T3)"
reference_iteration::sampling_decode_b32::6,PushPop,78959,78959,1,4,286611,71652.8,68461.0,66173,83516,7989.8,"void at::native::mbtopk::radixFindKthValues<float, unsigned int, unsigned int, (int)2>(at::cuda::detail::TensorInfo<const T1, T2>, unsigned int, unsigned int *, unsigned int, T2, int, int, unsigned int, T3, T3 *, short *)"
reference_iteration::sampling_decode_b32::6,PushPop,78959,78959,1,1,217911,217911.0,217911.0,217911,217911,0.0,"void at::native::mbtopk::gatherTopK<float, unsigned int, (int)2>(at::cuda::detail::TensorInfo<const T1, T2>, T2, T2, bool, unsigned int, T2, at::cuda::detail::TensorInfo<T1, T2>, T2, at::cuda::detail::TensorInfo<long, T2>, T2, unsigned int, unsigned int, T1 *, unsigned int *, unsigned int *, unsigned int)"
reference_iteration::sampling_decode_b32::6,PushPop,78959,78959,1,1,150169,150169.0,150169.0,150169,150169,0.0,"void at::native::unrolled_elementwise_kernel<at::native::direct_copy_kernel_cuda(at::TensorIteratorBase &)::[lambda() (instance 3)]::operator ()() const::[lambda() (instance 7)]::operator ()() const::[lambda(float) (instance 1)], std::array<char *, (unsigned long)2>, (int)4, TrivialOffsetCalculator<(int)1, unsigned int>, TrivialOffsetCalculator<(int)1, unsigned int>, at::native::memory::LoadWithCast<(int)1>, at::native::memory::StoreWithCast<(int)1>>(int, T1, T2, T4, T5, T6, T7)"
reference_iteration::sampling_decode_b32::6,PushPop,78959,78959,1,1,84893,84893.0,84893.0,84893,84893,0.0,"void at::native::vectorized_elementwise_kernel<(int)4, at::native::BUnaryFunctor<float, float, float, at::native::binary_internal::MulFunctor<float>>, std::array<char *, (unsigned long)2>>(int, T2, T3)"
reference_iteration::sampling_decode_b32::6,PushPop,78959,78959,1,4,38430,9607.5,9455.5,9279,10240,445.5,"void at::native::mbtopk::computeBlockwiseWithinKCounts<unsigned int, float>(T1 *, short *, unsigned int *, unsigned int, int, bool, unsigned int *, T2 *, unsigned int *, T1 *, unsigned int)"
reference_iteration::sampling_decode_b32::6,PushPop,78959,78959,1,1,19647,19647.0,19647.0,19647,19647,0.0,"void at::native::radixSortKVInPlace<(int)2, (int)-1, (int)32, (int)4, float, long, unsigned int>(at::cuda::detail::TensorInfo<T5, T7>, T7, T7, T7, at::cuda::detail::TensorInfo<T6, T7>, T7, bool)"
reference_iteration::sampling_decode_b32::6,PushPop,78959,78959,1,2,13343,6671.5,6671.5,4224,9119,3461.3,"void at_cuda_detail::cub::DeviceScanByKeyKernel<at_cuda_detail::cub::DeviceScanByKeyPolicy<at_cuda_detail::cub::TransformInputIterator<unsigned int, at::native::mbtopk::BlockIdxToKey, at_cuda_detail::cub::CountingInputIterator<unsigned int, unsigned int>, long>, unsigned int *, at_cuda_detail::cub::NullType>::Policy520, at_cuda_detail::cub::TransformInputIterator<unsigned int, at::native::mbtopk::BlockIdxToKey, at_cuda_detail::cub::CountingInputIterator<unsigned int, unsigned int>, long>, unsigned int *, unsigned int *, at_cuda_detail::cub::ReduceByKeyScanTileState<unsigned int, int, (bool)1>, at_cuda_detail::cub::Equality, at_cuda_detail::cub::Sum, at_cuda_detail::cub::NullType, int>(T2, T3, T4, T5, int, T6, T7, T8, T9)"
reference_iteration::sampling_decode_b32::6,PushPop,78959,78959,1,2,9823,4911.5,4911.5,4192,5631,1017.5,"void at::native::elementwise_kernel<(int)128, (int)4, void at::native::gpu_kernel_impl_nocast<at::native::<unnamed>::CompareFunctor<float>>(at::TensorIteratorBase &, const T1 &)::[lambda(int) (instance 1)]>(int, T3)"
reference_iteration::sampling_decode_b32::6,PushPop,78959,78959,1,2,9567,4783.5,4783.5,4159,5408,883.2,"void at::native::tensor_kernel_scan_innermost_dim<float, std::plus<float>>(T1 *, const T1 *, unsigned int, unsigned int, unsigned int, T1, T2)"
reference_iteration::sampling_decode_b32::6,PushPop,78959,78959,1,1,8128,8128.0,8128.0,8128,8128,0.0,"void at::native::reduce_kernel<(int)512, (int)1, at::native::ReduceOp<float, at::native::func_wrapper_t<float, at::native::sum_functor<float, float, float>::operator ()(at::TensorIterator &)::[lambda(float, float) (instance 1)]>, unsigned int, float, (int)4, (int)4>>(T3)"
reference_iteration::sampling_decode_b32::6,PushPop,78959,78959,1,1,8096,8096.0,8096.0,8096,8096,0.0,"void at::native::unrolled_elementwise_kernel<at::native::direct_copy_kernel_cuda(at::TensorIteratorBase &)::[lambda() (instance 3)]::operator ()() const::[lambda() (instance 4)]::operator ()() const::[lambda(long) (instance 1)], std::array<char *, (unsigned long)2>, (int)4, TrivialOffsetCalculator<(int)1, unsigned int>, TrivialOffsetCalculator<(int)1, unsigned int>, at::native::memory::LoadWithCast<(int)1>, at::native::memory::StoreWithCast<(int)1>>(int, T1, T2, T4, T5, T6, T7)"
reference_iteration::sampling_decode_b32::6,PushPop,78959,78959,1,1,8064,8064.0,8064.0,8064,8064,0.0,"void at::native::reduce_kernel<(int)512, (int)1, at::native::ReduceOp<long, at::native::func_wrapper_t<long, at::native::sum_functor<long, long, long>::operator ()(at::TensorIterator &)::[lambda(long, long) (instance 1)]>, unsigned int, long, (int)4, (int)4>>(T3)"
reference_iteration::sampling_decode_b32::6,PushPop,78959,78959,1,1,5184,5184.0,5184.0,5184,5184,0.0,"void at::native::elementwise_kernel<(int)128, (int)2, void at::native::gpu_kernel_impl_nocast<at::native::BinaryFunctor<float, float, float, at::native::binary_internal::DivFunctor<float>>>(at::TensorIteratorBase &, const T1 &)::[lambda(int) (instance 1)]>(int, T3)"
reference_iteration::sampling_decode_b32::6,PushPop,78959,78959,1,1,4608,4608.0,4608.0,4608,4608,0.0,"void <unnamed>::softmax_warp_forward<float, float, float, (int)6, (bool)0, (bool)0>(T2 *, const T1 *, int, int, int, const bool *, int, bool)"
reference_iteration::sampling_decode_b32::6,PushPop,78959,78959,1,1,4576,4576.0,4576.0,4576,4576,0.0,"void at::native::_scatter_gather_elementwise_kernel<(int)128, (int)8, void at::native::_cuda_scatter_gather_internal_kernel<(bool)0, at::native::OpaqueType<(int)8>>::operator ()<at::native::TensorAssign>(at::TensorIterator &, long, long, long, const T1 &)::[lambda(int) (instance 1)]>(int, T3)"
reference_iteration::sampling_decode_b32::6,PushPop,78959,78959,1,2,4064,2032.0,2032.0,1920,2144,158.4,"void at_cuda_detail::cub::DeviceScanInitKernel<at_cuda_detail::cub::ReduceByKeyScanTileState<unsigned int, int, (bool)1>>(T1, int)"
reference_iteration::sampling_decode_b32::6,PushPop,78959,78959,1,1,3936,3936.0,3936.0,3936,3936,0.0,"void at::native::vectorized_elementwise_kernel<(int)4, at::native::<unnamed>::launch_clamp_scalar(at::TensorIteratorBase &, c10::Scalar, c10::Scalar, at::native::detail::ClampLimits)::[lambda() (instance 1)]::operator ()() const::[lambda() (instance 7)]::operator ()() const::[lambda(float) (instance 1)], std::array<char *, (unsigned long)2>>(int, T2, T3)"
reference_iteration::sampling_decode_b32::6,PushPop,78959,78959,1,1,3903,3903.0,3903.0,3903,3903,0.0,"void at::native::vectorized_elementwise_kernel<(int)4, at::native::<unnamed>::masked_fill_kernel(at::TensorIterator &, const c10::Scalar &)::[lambda() (instance 1)]::operator ()() const::[lambda() (instance 7)]::operator ()() const::[lambda(float, bool) (instance 1)], std::array<char *, (unsigned long)3>>(int, T2, T3)"
reference_iteration::sampling_decode_b32::6,PushPop,78959,78959,1,1,3840,3840.0,3840.0,3840,3840,0.0,"void at::native::vectorized_elementwise_kernel<(int)4, at::native::<unnamed>::where_kernel_impl(at::TensorIterator &)::[lambda() (instance 1)]::operator ()() const::[lambda() (instance 11)]::operator ()() const::[lambda(bool, float, float) (instance 1)], std::array<char *, (unsigned long)4>>(int, T2, T3)"
reference_iteration::sampling_decode_b32::6,PushPop,78959,78959,1,1,3744,3744.0,3744.0,3744,3744,0.0,"void at::native::vectorized_elementwise_kernel<(int)4, void at::native::compare_scalar_kernel<float>(at::TensorIteratorBase &, at::native::<unnamed>::OpType, T1)::[lambda(float) (instance 1)], std::array<char *, (unsigned long)2>>(int, T2, T3)"
reference_iteration::sampling_decode_b32::6,PushPop,78959,78959,1,1,3456,3456.0,3456.0,3456,3456,0.0,"void at::native::vectorized_elementwise_kernel<(int)4, at::native::CUDAFunctor_add<float>, std::array<char *, (unsigned long)3>>(int, T2, T3)"
reference_iteration::sampling_decode_b32::6,PushPop,78959,78959,1,1,3455,3455.0,3455.0,3455,3455,0.0,"void at::native::vectorized_elementwise_kernel<(int)2, at::native::<unnamed>::launch_clamp_scalar(at::TensorIteratorBase &, c10::Scalar, c10::Scalar, at::native::detail::ClampLimits)::[lambda() (instance 1)]::operator ()() const::[lambda() (instance 4)]::operator ()() const::[lambda(long) (instance 1)], std::array<char *, (unsigned long)2>>(int, T2, T3)"
reference_iteration::sampling_decode_b32::6,PushPop,78959,78959,1,1,3040,3040.0,3040.0,3040,3040,0.0,"void at::native::mbtopk::computeBlockwiseKthCounts<unsigned int>(T1 *, short *, unsigned int, unsigned int, unsigned int *)"
reference_iteration::sampling_decode_b32::6,PushPop,78959,78959,1,1,2912,2912.0,2912.0,2912,2912,0.0,"void at::native::elementwise_kernel<(int)128, (int)2, void at::native::gpu_kernel_impl_nocast<at::native::AUnaryFunctor<float, float, float, at::native::binary_internal::MulFunctor<float>>>(at::TensorIteratorBase &, const T1 &)::[lambda(int) (instance 1)]>(int, T3)"
reference_iteration::sampling_decode_b32::6,PushPop,78959,78959,1,1,2592,2592.0,2592.0,2592,2592,0.0,"void at::native::vectorized_elementwise_kernel<(int)4, at::native::FillFunctor<float>, std::array<char *, (unsigned long)1>>(int, T2, T3)"
reference_iteration::sampling_decode_b32::6,PushPop,78959,78959,1,1,2528,2528.0,2528.0,2528,2528,0.0,"void at::native::mbtopk::fill<unsigned int, unsigned int>(T1 *, T1, T2)"
reference_iteration::sampling_decode_b32::7,PushPop,78959,78959,1,4,283411,70852.8,67805.0,66397,81404,7105.9,"void at::native::mbtopk::radixFindKthValues<float, unsigned int, unsigned int, (int)2>(at::cuda::detail::TensorInfo<const T1, T2>, unsigned int, unsigned int *, unsigned int, T2, int, int, unsigned int, T3, T3 *, short *)"
reference_iteration::sampling_decode_b32::7,PushPop,78959,78959,1,1,215384,215384.0,215384.0,215384,215384,0.0,"void at::native::mbtopk::gatherTopK<float, unsigned int, (int)2>(at::cuda::detail::TensorInfo<const T1, T2>, T2, T2, bool, unsigned int, T2, at::cuda::detail::TensorInfo<T1, T2>, T2, at::cuda::detail::TensorInfo<long, T2>, T2, unsigned int, unsigned int, T1 *, unsigned int *, unsigned int *, unsigned int)"
reference_iteration::sampling_decode_b32::7,PushPop,78959,78959,1,1,151002,151002.0,151002.0,151002,151002,0.0,"void at::native::unrolled_elementwise_kernel<at::native::direct_copy_kernel_cuda(at::TensorIteratorBase &)::[lambda() (instance 3)]::operator ()() const::[lambda() (instance 7)]::operator ()() const::[lambda(float) (instance 1)], std::array<char *, (unsigned long)2>, (int)4, TrivialOffsetCalculator<(int)1, unsigned int>, TrivialOffsetCalculator<(int)1, unsigned int>, at::native::memory::LoadWithCast<(int)1>, at::native::memory::StoreWithCast<(int)1>>(int, T1, T2, T4, T5, T6, T7)"
reference_iteration::sampling_decode_b32::7,PushPop,78959,78959,1,1,84668,84668.0,84668.0,84668,84668,0.0,"void at::native::vectorized_elementwise_kernel<(int)4, at::native::BUnaryFunctor<float, float, float, at::native::binary_internal::MulFunctor<float>>, std::array<char *, (unsigned long)2>>(int, T2, T3)"
reference_iteration::sampling_decode_b32::7,PushPop,78959,78959,1,4,38047,9511.8,9519.5,9216,9792,244.1,"void at::native::mbtopk::computeBlockwiseWithinKCounts<unsigned int, float>(T1 *, short *, unsigned int *, unsigned int, int, bool, unsigned int *, T2 *, unsigned int *, T1 *, unsigned int)"
reference_iteration::sampling_decode_b32::7,PushPop,78959,78959,1,1,19743,19743.0,19743.0,19743,19743,0.0,"void at::native::radixSortKVInPlace<(int)2, (int)-1, (int)32, (int)4, float, long, unsigned int>(at::cuda::detail::TensorInfo<T5, T7>, T7, T7, T7, at::cuda::detail::TensorInfo<T6, T7>, T7, bool)"
reference_iteration::sampling_decode_b32::7,PushPop,78959,78959,1,2,13471,6735.5,6735.5,4287,9184,3462.7,"void at_cuda_detail::cub::DeviceScanByKeyKernel<at_cuda_detail::cub::DeviceScanByKeyPolicy<at_cuda_detail::cub::TransformInputIterator<unsigned int, at::native::mbtopk::BlockIdxToKey, at_cuda_detail::cub::CountingInputIterator<unsigned int, unsigned int>, long>, unsigned int *, at_cuda_detail::cub::NullType>::Policy520, at_cuda_detail::cub::TransformInputIterator<unsigned int, at::native::mbtopk::BlockIdxToKey, at_cuda_detail::cub::CountingInputIterator<unsigned int, unsigned int>, long>, unsigned int *, unsigned int *, at_cuda_detail::cub::ReduceByKeyScanTileState<unsigned int, int, (bool)1>, at_cuda_detail::cub::Equality, at_cuda_detail::cub::Sum, at_cuda_detail::cub::NullType, int>(T2, T3, T4, T5, int, T6, T7, T8, T9)"
reference_iteration::sampling_decode_b32::7,PushPop,78959,78959,1,2,9888,4944.0,4944.0,4160,5728,1108.7,"void at::native::elementwise_kernel<(int)128, (int)4, void at::native::gpu_kernel_impl_nocast<at::native::<unnamed>::CompareFunctor<float>>(at::TensorIteratorBase &, const T1 &)::[lambda(int) (instance 1)]>(int, T3)"
reference_iteration::sampling_decode_b32::7,PushPop,78959,78959,1,2,9279,4639.5,4639.5,4160,5119,678.1,"void at::native::tensor_kernel_scan_innermost_dim<float, std::plus<float>>(T1 *, const T1 *, unsigned int, unsigned int, unsigned int, T1, T2)"
reference_iteration::sampling_decode_b32::7,PushPop,78959,78959,1,1,8095,8095.0,8095.0,8095,8095,0.0,"void at::native::reduce_kernel<(int)512, (int)1, at::native::ReduceOp<float, at::native::func_wrapper_t<float, at::native::sum_functor<float, float, float>::operator ()(at::TensorIterator &)::[lambda(float, float) (instance 1)]>, unsigned int, float, (int)4, (int)4>>(T3)"
reference_iteration::sampling_decode_b32::7,PushPop,78959,78959,1,1,8064,8064.0,8064.0,8064,8064,0.0,"void at::native::reduce_kernel<(int)512, (int)1, at::native::ReduceOp<long, at::native::func_wrapper_t<long, at::native::sum_functor<long, long, long>::operator ()(at::TensorIterator &)::[lambda(long, long) (instance 1)]>, unsigned int, long, (int)4, (int)4>>(T3)"
reference_iteration::sampling_decode_b32::7,PushPop,78959,78959,1,1,7839,7839.0,7839.0,7839,7839,0.0,"void at::native::unrolled_elementwise_kernel<at::native::direct_copy_kernel_cuda(at::TensorIteratorBase &)::[lambda() (instance 3)]::operator ()() const::[lambda() (instance 4)]::operator ()() const::[lambda(long) (instance 1)], std::array<char *, (unsigned long)2>, (int)4, TrivialOffsetCalculator<(int)1, unsigned int>, TrivialOffsetCalculator<(int)1, unsigned int>, at::native::memory::LoadWithCast<(int)1>, at::native::memory::StoreWithCast<(int)1>>(int, T1, T2, T4, T5, T6, T7)"
reference_iteration::sampling_decode_b32::7,PushPop,78959,78959,1,1,5120,5120.0,5120.0,5120,5120,0.0,"void at::native::elementwise_kernel<(int)128, (int)2, void at::native::gpu_kernel_impl_nocast<at::native::BinaryFunctor<float, float, float, at::native::binary_internal::DivFunctor<float>>>(at::TensorIteratorBase &, const T1 &)::[lambda(int) (instance 1)]>(int, T3)"
reference_iteration::sampling_decode_b32::7,PushPop,78959,78959,1,1,4575,4575.0,4575.0,4575,4575,0.0,"void <unnamed>::softmax_warp_forward<float, float, float, (int)6, (bool)0, (bool)0>(T2 *, const T1 *, int, int, int, const bool *, int, bool)"
reference_iteration::sampling_decode_b32::7,PushPop,78959,78959,1,1,4544,4544.0,4544.0,4544,4544,0.0,"void at::native::_scatter_gather_elementwise_kernel<(int)128, (int)8, void at::native::_cuda_scatter_gather_internal_kernel<(bool)0, at::native::OpaqueType<(int)8>>::operator ()<at::native::TensorAssign>(at::TensorIterator &, long, long, long, const T1 &)::[lambda(int) (instance 1)]>(int, T3)"
reference_iteration::sampling_decode_b32::7,PushPop,78959,78959,1,2,4096,2048.0,2048.0,1952,2144,135.8,"void at_cuda_detail::cub::DeviceScanInitKernel<at_cuda_detail::cub::ReduceByKeyScanTileState<unsigned int, int, (bool)1>>(T1, int)"
reference_iteration::sampling_decode_b32::7,PushPop,78959,78959,1,1,3903,3903.0,3903.0,3903,3903,0.0,"void at::native::vectorized_elementwise_kernel<(int)4, at::native::<unnamed>::launch_clamp_scalar(at::TensorIteratorBase &, c10::Scalar, c10::Scalar, at::native::detail::ClampLimits)::[lambda() (instance 1)]::operator ()() const::[lambda() (instance 7)]::operator ()() const::[lambda(float) (instance 1)], std::array<char *, (unsigned long)2>>(int, T2, T3)"
reference_iteration::sampling_decode_b32::7,PushPop,78959,78959,1,1,3840,3840.0,3840.0,3840,3840,0.0,"void at::native::vectorized_elementwise_kernel<(int)4, at::native::<unnamed>::where_kernel_impl(at::TensorIterator &)::[lambda() (instance 1)]::operator ()() const::[lambda() (instance 11)]::operator ()() const::[lambda(bool, float, float) (instance 1)], std::array<char *, (unsigned long)4>>(int, T2, T3)"
reference_iteration::sampling_decode_b32::7,PushPop,78959,78959,1,1,3744,3744.0,3744.0,3744,3744,0.0,"void at::native::vectorized_elementwise_kernel<(int)4, at::native::<unnamed>::masked_fill_kernel(at::TensorIterator &, const c10::Scalar &)::[lambda() (instance 1)]::operator ()() const::[lambda() (instance 7)]::operator ()() const::[lambda(float, bool) (instance 1)], std::array<char *, (unsigned long)3>>(int, T2, T3)"
reference_iteration::sampling_decode_b32::7,PushPop,78959,78959,1,1,3584,3584.0,3584.0,3584,3584,0.0,"void at::native::vectorized_elementwise_kernel<(int)4, void at::native::compare_scalar_kernel<float>(at::TensorIteratorBase &, at::native::<unnamed>::OpType, T1)::[lambda(float) (instance 1)], std::array<char *, (unsigned long)2>>(int, T2, T3)"
reference_iteration::sampling_decode_b32::7,PushPop,78959,78959,1,1,3488,3488.0,3488.0,3488,3488,0.0,"void at::native::vectorized_elementwise_kernel<(int)2, at::native::<unnamed>::launch_clamp_scalar(at::TensorIteratorBase &, c10::Scalar, c10::Scalar, at::native::detail::ClampLimits)::[lambda() (instance 1)]::operator ()() const::[lambda() (instance 4)]::operator ()() const::[lambda(long) (instance 1)], std::array<char *, (unsigned long)2>>(int, T2, T3)"
reference_iteration::sampling_decode_b32::7,PushPop,78959,78959,1,1,3391,3391.0,3391.0,3391,3391,0.0,"void at::native::vectorized_elementwise_kernel<(int)4, at::native::CUDAFunctor_add<float>, std::array<char *, (unsigned long)3>>(int, T2, T3)"
reference_iteration::sampling_decode_b32::7,PushPop,78959,78959,1,1,2976,2976.0,2976.0,2976,2976,0.0,"void at::native::mbtopk::computeBlockwiseKthCounts<unsigned int>(T1 *, short *, unsigned int, unsigned int, unsigned int *)"
reference_iteration::sampling_decode_b32::7,PushPop,78959,78959,1,1,2944,2944.0,2944.0,2944,2944,0.0,"void at::native::elementwise_kernel<(int)128, (int)2, void at::native::gpu_kernel_impl_nocast<at::native::AUnaryFunctor<float, float, float, at::native::binary_internal::MulFunctor<float>>>(at::TensorIteratorBase &, const T1 &)::[lambda(int) (instance 1)]>(int, T3)"
reference_iteration::sampling_decode_b32::7,PushPop,78959,78959,1,1,2688,2688.0,2688.0,2688,2688,0.0,"void at::native::vectorized_elementwise_kernel<(int)4, at::native::FillFunctor<float>, std::array<char *, (unsigned long)1>>(int, T2, T3)"
reference_iteration::sampling_decode_b32::7,PushPop,78959,78959,1,1,2591,2591.0,2591.0,2591,2591,0.0,"void at::native::mbtopk::fill<unsigned int, unsigned int>(T1 *, T1, T2)"
reference_iteration::sampling_decode_b32::8,PushPop,78959,78959,1,4,285909,71477.3,68461.5,67038,81948,7080.7,"void at::native::mbtopk::radixFindKthValues<float, unsigned int, unsigned int, (int)2>(at::cuda::detail::TensorInfo<const T1, T2>, unsigned int, unsigned int *, unsigned int, T2, int, int, unsigned int, T3, T3 *, short *)"
reference_iteration::sampling_decode_b32::8,PushPop,78959,78959,1,1,214711,214711.0,214711.0,214711,214711,0.0,"void at::native::mbtopk::gatherTopK<float, unsigned int, (int)2>(at::cuda::detail::TensorInfo<const T1, T2>, T2, T2, bool, unsigned int, T2, at::cuda::detail::TensorInfo<T1, T2>, T2, at::cuda::detail::TensorInfo<long, T2>, T2, unsigned int, unsigned int, T1 *, unsigned int *, unsigned int *, unsigned int)"
reference_iteration::sampling_decode_b32::8,PushPop,78959,78959,1,1,150969,150969.0,150969.0,150969,150969,0.0,"void at::native::unrolled_elementwise_kernel<at::native::direct_copy_kernel_cuda(at::TensorIteratorBase &)::[lambda() (instance 3)]::operator ()() const::[lambda() (instance 7)]::operator ()() const::[lambda(float) (instance 1)], std::array<char *, (unsigned long)2>, (int)4, TrivialOffsetCalculator<(int)1, unsigned int>, TrivialOffsetCalculator<(int)1, unsigned int>, at::native::memory::LoadWithCast<(int)1>, at::native::memory::StoreWithCast<(int)1>>(int, T1, T2, T4, T5, T6, T7)"
reference_iteration::sampling_decode_b32::8,PushPop,78959,78959,1,1,85309,85309.0,85309.0,85309,85309,0.0,"void at::native::vectorized_elementwise_kernel<(int)4, at::native::BUnaryFunctor<float, float, float, at::native::binary_internal::MulFunctor<float>>, std::array<char *, (unsigned long)2>>(int, T2, T3)"
reference_iteration::sampling_decode_b32::8,PushPop,78959,78959,1,4,38462,9615.5,9471.5,9471,10048,288.3,"void at::native::mbtopk::computeBlockwiseWithinKCounts<unsigned int, float>(T1 *, short *, unsigned int *, unsigned int, int, bool, unsigned int *, T2 *, unsigned int *, T1 *, unsigned int)"
reference_iteration::sampling_decode_b32::8,PushPop,78959,78959,1,1,20703,20703.0,20703.0,20703,20703,0.0,"void at::native::radixSortKVInPlace<(int)2, (int)-1, (int)32, (int)4, float, long, unsigned int>(at::cuda::detail::TensorInfo<T5, T7>, T7, T7, T7, at::cuda::detail::TensorInfo<T6, T7>, T7, bool)"
reference_iteration::sampling_decode_b32::8,PushPop,78959,78959,1,2,13631,6815.5,6815.5,4448,9183,3348.2,"void at_cuda_detail::cub::DeviceScanByKeyKernel<at_cuda_detail::cub::DeviceScanByKeyPolicy<at_cuda_detail::cub::TransformInputIterator<unsigned int, at::native::mbtopk::BlockIdxToKey, at_cuda_detail::cub::CountingInputIterator<unsigned int, unsigned int>, long>, unsigned int *, at_cuda_detail::cub::NullType>::Policy520, at_cuda_detail::cub::TransformInputIterator<unsigned int, at::native::mbtopk::BlockIdxToKey, at_cuda_detail::cub::CountingInputIterator<unsigned int, unsigned int>, long>, unsigned int *, unsigned int *, at_cuda_detail::cub::ReduceByKeyScanTileState<unsigned int, int, (bool)1>, at_cuda_detail::cub::Equality, at_cuda_detail::cub::Sum, at_cuda_detail::cub::NullType, int>(T2, T3, T4, T5, int, T6, T7, T8, T9)"
reference_iteration::sampling_decode_b32::8,PushPop,78959,78959,1,2,9824,4912.0,4912.0,4160,5664,1063.5,"void at::native::elementwise_kernel<(int)128, (int)4, void at::native::gpu_kernel_impl_nocast<at::native::<unnamed>::CompareFunctor<float>>(at::TensorIteratorBase &, const T1 &)::[lambda(int) (instance 1)]>(int, T3)"
reference_iteration::sampling_decode_b32::8,PushPop,78959,78959,1,2,9377,4688.5,4688.5,4161,5216,746.0,"void at::native::tensor_kernel_scan_innermost_dim<float, std::plus<float>>(T1 *, const T1 *, unsigned int, unsigned int, unsigned int, T1, T2)"
reference_iteration::sampling_decode_b32::8,PushPop,78959,78959,1,1,8096,8096.0,8096.0,8096,8096,0.0,"void at::native::reduce_kernel<(int)512, (int)1, at::native::ReduceOp<long, at::native::func_wrapper_t<long, at::native::sum_functor<long, long, long>::operator ()(at::TensorIterator &)::[lambda(long, long) (instance 1)]>, unsigned int, long, (int)4, (int)4>>(T3)"
reference_iteration::sampling_decode_b32::8,PushPop,78959,78959,1,1,7968,7968.0,7968.0,7968,7968,0.0,"void at::native::reduce_kernel<(int)512, (int)1, at::native::ReduceOp<float, at::native::func_wrapper_t<float, at::native::sum_functor<float, float, float>::operator ()(at::TensorIterator &)::[lambda(float, float) (instance 1)]>, unsigned int, float, (int)4, (int)4>>(T3)"
reference_iteration::sampling_decode_b32::8,PushPop,78959,78959,1,1,7584,7584.0,7584.0,7584,7584,0.0,"void at::native::unrolled_elementwise_kernel<at::native::direct_copy_kernel_cuda(at::TensorIteratorBase &)::[lambda() (instance 3)]::operator ()() const::[lambda() (instance 4)]::operator ()() const::[lambda(long) (instance 1)], std::array<char *, (unsigned long)2>, (int)4, TrivialOffsetCalculator<(int)1, unsigned int>, TrivialOffsetCalculator<(int)1, unsigned int>, at::native::memory::LoadWithCast<(int)1>, at::native::memory::StoreWithCast<(int)1>>(int, T1, T2, T4, T5, T6, T7)"
reference_iteration::sampling_decode_b32::8,PushPop,78959,78959,1,1,5088,5088.0,5088.0,5088,5088,0.0,"void at::native::elementwise_kernel<(int)128, (int)2, void at::native::gpu_kernel_impl_nocast<at::native::BinaryFunctor<float, float, float, at::native::binary_internal::DivFunctor<float>>>(at::TensorIteratorBase &, const T1 &)::[lambda(int) (instance 1)]>(int, T3)"
reference_iteration::sampling_decode_b32::8,PushPop,78959,78959,1,1,4672,4672.0,4672.0,4672,4672,0.0,"void <unnamed>::softmax_warp_forward<float, float, float, (int)6, (bool)0, (bool)0>(T2 *, const T1 *, int, int, int, const bool *, int, bool)"
reference_iteration::sampling_decode_b32::8,PushPop,78959,78959,1,1,4672,4672.0,4672.0,4672,4672,0.0,"void at::native::_scatter_gather_elementwise_kernel<(int)128, (int)8, void at::native::_cuda_scatter_gather_internal_kernel<(bool)0, at::native::OpaqueType<(int)8>>::operator ()<at::native::TensorAssign>(at::TensorIterator &, long, long, long, const T1 &)::[lambda(int) (instance 1)]>(int, T3)"
reference_iteration::sampling_decode_b32::8,PushPop,78959,78959,1,2,4096,2048.0,2048.0,1920,2176,181.0,"void at_cuda_detail::cub::DeviceScanInitKernel<at_cuda_detail::cub::ReduceByKeyScanTileState<unsigned int, int, (bool)1>>(T1, int)"
reference_iteration::sampling_decode_b32::8,PushPop,78959,78959,1,1,3936,3936.0,3936.0,3936,3936,0.0,"void at::native::vectorized_elementwise_kernel<(int)4, at::native::<unnamed>::where_kernel_impl(at::TensorIterator &)::[lambda() (instance 1)]::operator ()() const::[lambda() (instance 11)]::operator ()() const::[lambda(bool, float, float) (instance 1)], std::array<char *, (unsigned long)4>>(int, T2, T3)"
reference_iteration::sampling_decode_b32::8,PushPop,78959,78959,1,1,3872,3872.0,3872.0,3872,3872,0.0,"void at::native::vectorized_elementwise_kernel<(int)4, at::native::<unnamed>::launch_clamp_scalar(at::TensorIteratorBase &, c10::Scalar, c10::Scalar, at::native::detail::ClampLimits)::[lambda() (instance 1)]::operator ()() const::[lambda() (instance 7)]::operator ()() const::[lambda(float) (instance 1)], std::array<char *, (unsigned long)2>>(int, T2, T3)"
reference_iteration::sampling_decode_b32::8,PushPop,78959,78959,1,1,3775,3775.0,3775.0,3775,3775,0.0,"void at::native::vectorized_elementwise_kernel<(int)4, at::native::<unnamed>::masked_fill_kernel(at::TensorIterator &, const c10::Scalar &)::[lambda() (instance 1)]::operator ()() const::[lambda() (instance 7)]::operator ()() const::[lambda(float, bool) (instance 1)], std::array<char *, (unsigned long)3>>(int, T2, T3)"
reference_iteration::sampling_decode_b32::8,PushPop,78959,78959,1,1,3680,3680.0,3680.0,3680,3680,0.0,"void at::native::vectorized_elementwise_kernel<(int)4, void at::native::compare_scalar_kernel<float>(at::TensorIteratorBase &, at::native::<unnamed>::OpType, T1)::[lambda(float) (instance 1)], std::array<char *, (unsigned long)2>>(int, T2, T3)"
reference_iteration::sampling_decode_b32::8,PushPop,78959,78959,1,1,3455,3455.0,3455.0,3455,3455,0.0,"void at::native::vectorized_elementwise_kernel<(int)2, at::native::<unnamed>::launch_clamp_scalar(at::TensorIteratorBase &, c10::Scalar, c10::Scalar, at::native::detail::ClampLimits)::[lambda() (instance 1)]::operator ()() const::[lambda() (instance 4)]::operator ()() const::[lambda(long) (instance 1)], std::array<char *, (unsigned long)2>>(int, T2, T3)"
reference_iteration::sampling_decode_b32::8,PushPop,78959,78959,1,1,3424,3424.0,3424.0,3424,3424,0.0,"void at::native::vectorized_elementwise_kernel<(int)4, at::native::CUDAFunctor_add<float>, std::array<char *, (unsigned long)3>>(int, T2, T3)"
reference_iteration::sampling_decode_b32::8,PushPop,78959,78959,1,1,3040,3040.0,3040.0,3040,3040,0.0,"void at::native::mbtopk::computeBlockwiseKthCounts<unsigned int>(T1 *, short *, unsigned int, unsigned int, unsigned int *)"
reference_iteration::sampling_decode_b32::8,PushPop,78959,78959,1,1,2976,2976.0,2976.0,2976,2976,0.0,"void at::native::elementwise_kernel<(int)128, (int)2, void at::native::gpu_kernel_impl_nocast<at::native::AUnaryFunctor<float, float, float, at::native::binary_internal::MulFunctor<float>>>(at::TensorIteratorBase &, const T1 &)::[lambda(int) (instance 1)]>(int, T3)"
reference_iteration::sampling_decode_b32::8,PushPop,78959,78959,1,1,2591,2591.0,2591.0,2591,2591,0.0,"void at::native::vectorized_elementwise_kernel<(int)4, at::native::FillFunctor<float>, std::array<char *, (unsigned long)1>>(int, T2, T3)"
reference_iteration::sampling_decode_b32::8,PushPop,78959,78959,1,1,2496,2496.0,2496.0,2496,2496,0.0,"void at::native::mbtopk::fill<unsigned int, unsigned int>(T1 *, T1, T2)"
reference_iteration::sampling_decode_b32::9,PushPop,78959,78959,1,4,284948,71237.0,68621.0,66782,80924,6578.0,"void at::native::mbtopk::radixFindKthValues<float, unsigned int, unsigned int, (int)2>(at::cuda::detail::TensorInfo<const T1, T2>, unsigned int, unsigned int *, unsigned int, T2, int, int, unsigned int, T3, T3 *, short *)"
reference_iteration::sampling_decode_b32::9,PushPop,78959,78959,1,1,217719,217719.0,217719.0,217719,217719,0.0,"void at::native::mbtopk::gatherTopK<float, unsigned int, (int)2>(at::cuda::detail::TensorInfo<const T1, T2>, T2, T2, bool, unsigned int, T2, at::cuda::detail::TensorInfo<T1, T2>, T2, at::cuda::detail::TensorInfo<long, T2>, T2, unsigned int, unsigned int, T1 *, unsigned int *, unsigned int *, unsigned int)"
reference_iteration::sampling_decode_b32::9,PushPop,78959,78959,1,1,202423,202423.0,202423.0,202423,202423,0.0,"void at::native::vectorized_elementwise_kernel<(int)4, at::native::BUnaryFunctor<float, float, float, at::native::binary_internal::MulFunctor<float>>, std::array<char *, (unsigned long)2>>(int, T2, T3)"
reference_iteration::sampling_decode_b32::9,PushPop,78959,78959,1,1,151738,151738.0,151738.0,151738,151738,0.0,"void at::native::unrolled_elementwise_kernel<at::native::direct_copy_kernel_cuda(at::TensorIteratorBase &)::[lambda() (instance 3)]::operator ()() const::[lambda() (instance 7)]::operator ()() const::[lambda(float) (instance 1)], std::array<char *, (unsigned long)2>, (int)4, TrivialOffsetCalculator<(int)1, unsigned int>, TrivialOffsetCalculator<(int)1, unsigned int>, at::native::memory::LoadWithCast<(int)1>, at::native::memory::StoreWithCast<(int)1>>(int, T1, T2, T4, T5, T6, T7)"
reference_iteration::sampling_decode_b32::9,PushPop,78959,78959,1,4,38589,9647.3,9631.0,9471,9856,176.6,"void at::native::mbtopk::computeBlockwiseWithinKCounts<unsigned int, float>(T1 *, short *, unsigned int *, unsigned int, int, bool, unsigned int *, T2 *, unsigned int *, T1 *, unsigned int)"
reference_iteration::sampling_decode_b32::9,PushPop,78959,78959,1,1,20927,20927.0,20927.0,20927,20927,0.0,"void at::native::radixSortKVInPlace<(int)2, (int)-1, (int)32, (int)4, float, long, unsigned int>(at::cuda::detail::TensorInfo<T5, T7>, T7, T7, T7, at::cuda::detail::TensorInfo<T6, T7>, T7, bool)"
reference_iteration::sampling_decode_b32::9,PushPop,78959,78959,1,2,13407,6703.5,6703.5,4256,9151,3461.3,"void at_cuda_detail::cub::DeviceScanByKeyKernel<at_cuda_detail::cub::DeviceScanByKeyPolicy<at_cuda_detail::cub::TransformInputIterator<unsigned int, at::native::mbtopk::BlockIdxToKey, at_cuda_detail::cub::CountingInputIterator<unsigned int, unsigned int>, long>, unsigned int *, at_cuda_detail::cub::NullType>::Policy520, at_cuda_detail::cub::TransformInputIterator<unsigned int, at::native::mbtopk::BlockIdxToKey, at_cuda_detail::cub::CountingInputIterator<unsigned int, unsigned int>, long>, unsigned int *, unsigned int *, at_cuda_detail::cub::ReduceByKeyScanTileState<unsigned int, int, (bool)1>, at_cuda_detail::cub::Equality, at_cuda_detail::cub::Sum, at_cuda_detail::cub::NullType, int>(T2, T3, T4, T5, int, T6, T7, T8, T9)"
reference_iteration::sampling_decode_b32::9,PushPop,78959,78959,1,2,9823,4911.5,4911.5,4192,5631,1017.5,"void at::native::elementwise_kernel<(int)128, (int)4, void at::native::gpu_kernel_impl_nocast<at::native::<unnamed>::CompareFunctor<float>>(at::TensorIteratorBase &, const T1 &)::[lambda(int) (instance 1)]>(int, T3)"
reference_iteration::sampling_decode_b32::9,PushPop,78959,78959,1,2,9408,4704.0,4704.0,4128,5280,814.6,"void at::native::tensor_kernel_scan_innermost_dim<float, std::plus<float>>(T1 *, const T1 *, unsigned int, unsigned int, unsigned int, T1, T2)"
reference_iteration::sampling_decode_b32::9,PushPop,78959,78959,1,1,8128,8128.0,8128.0,8128,8128,0.0,"void at::native::reduce_kernel<(int)512, (int)1, at::native::ReduceOp<float, at::native::func_wrapper_t<float, at::native::sum_functor<float, float, float>::operator ()(at::TensorIterator &)::[lambda(float, float) (instance 1)]>, unsigned int, float, (int)4, (int)4>>(T3)"
reference_iteration::sampling_decode_b32::9,PushPop,78959,78959,1,1,8063,8063.0,8063.0,8063,8063,0.0,"void at::native::reduce_kernel<(int)512, (int)1, at::native::ReduceOp<long, at::native::func_wrapper_t<long, at::native::sum_functor<long, long, long>::operator ()(at::TensorIterator &)::[lambda(long, long) (instance 1)]>, unsigned int, long, (int)4, (int)4>>(T3)"
reference_iteration::sampling_decode_b32::9,PushPop,78959,78959,1,1,7776,7776.0,7776.0,7776,7776,0.0,"void at::native::unrolled_elementwise_kernel<at::native::direct_copy_kernel_cuda(at::TensorIteratorBase &)::[lambda() (instance 3)]::operator ()() const::[lambda() (instance 4)]::operator ()() const::[lambda(long) (instance 1)], std::array<char *, (unsigned long)2>, (int)4, TrivialOffsetCalculator<(int)1, unsigned int>, TrivialOffsetCalculator<(int)1, unsigned int>, at::native::memory::LoadWithCast<(int)1>, at::native::memory::StoreWithCast<(int)1>>(int, T1, T2, T4, T5, T6, T7)"
reference_iteration::sampling_decode_b32::9,PushPop,78959,78959,1,1,5471,5471.0,5471.0,5471,5471,0.0,"void at::native::elementwise_kernel<(int)128, (int)2, void at::native::gpu_kernel_impl_nocast<at::native::BinaryFunctor<float, float, float, at::native::binary_internal::DivFunctor<float>>>(at::TensorIteratorBase &, const T1 &)::[lambda(int) (instance 1)]>(int, T3)"
reference_iteration::sampling_decode_b32::9,PushPop,78959,78959,1,1,4960,4960.0,4960.0,4960,4960,0.0,"void <unnamed>::softmax_warp_forward<float, float, float, (int)6, (bool)0, (bool)0>(T2 *, const T1 *, int, int, int, const bool *, int, bool)"
reference_iteration::sampling_decode_b32::9,PushPop,78959,78959,1,1,4576,4576.0,4576.0,4576,4576,0.0,"void at::native::_scatter_gather_elementwise_kernel<(int)128, (int)8, void at::native::_cuda_scatter_gather_internal_kernel<(bool)0, at::native::OpaqueType<(int)8>>::operator ()<at::native::TensorAssign>(at::TensorIterator &, long, long, long, const T1 &)::[lambda(int) (instance 1)]>(int, T3)"
reference_iteration::sampling_decode_b32::9,PushPop,78959,78959,1,2,4096,2048.0,2048.0,1952,2144,135.8,"void at_cuda_detail::cub::DeviceScanInitKernel<at_cuda_detail::cub::ReduceByKeyScanTileState<unsigned int, int, (bool)1>>(T1, int)"
reference_iteration::sampling_decode_b32::9,PushPop,78959,78959,1,1,3904,3904.0,3904.0,3904,3904,0.0,"void at::native::vectorized_elementwise_kernel<(int)4, at::native::<unnamed>::launch_clamp_scalar(at::TensorIteratorBase &, c10::Scalar, c10::Scalar, at::native::detail::ClampLimits)::[lambda() (instance 1)]::operator ()() const::[lambda() (instance 7)]::operator ()() const::[lambda(float) (instance 1)], std::array<char *, (unsigned long)2>>(int, T2, T3)"
reference_iteration::sampling_decode_b32::9,PushPop,78959,78959,1,1,3904,3904.0,3904.0,3904,3904,0.0,"void at::native::vectorized_elementwise_kernel<(int)4, at::native::<unnamed>::where_kernel_impl(at::TensorIterator &)::[lambda() (instance 1)]::operator ()() const::[lambda() (instance 11)]::operator ()() const::[lambda(bool, float, float) (instance 1)], std::array<char *, (unsigned long)4>>(int, T2, T3)"
reference_iteration::sampling_decode_b32::9,PushPop,78959,78959,1,1,3872,3872.0,3872.0,3872,3872,0.0,"void at::native::vectorized_elementwise_kernel<(int)4, void at::native::compare_scalar_kernel<float>(at::TensorIteratorBase &, at::native::<unnamed>::OpType, T1)::[lambda(float) (instance 1)], std::array<char *, (unsigned long)2>>(int, T2, T3)"
reference_iteration::sampling_decode_b32::9,PushPop,78959,78959,1,1,3840,3840.0,3840.0,3840,3840,0.0,"void at::native::vectorized_elementwise_kernel<(int)4, at::native::<unnamed>::masked_fill_kernel(at::TensorIterator &, const c10::Scalar &)::[lambda() (instance 1)]::operator ()() const::[lambda() (instance 7)]::operator ()() const::[lambda(float, bool) (instance 1)], std::array<char *, (unsigned long)3>>(int, T2, T3)"
reference_iteration::sampling_decode_b32::9,PushPop,78959,78959,1,1,3616,3616.0,3616.0,3616,3616,0.0,"void at::native::vectorized_elementwise_kernel<(int)4, at::native::CUDAFunctor_add<float>, std::array<char *, (unsigned long)3>>(int, T2, T3)"
reference_iteration::sampling_decode_b32::9,PushPop,78959,78959,1,1,3456,3456.0,3456.0,3456,3456,0.0,"void at::native::vectorized_elementwise_kernel<(int)2, at::native::<unnamed>::launch_clamp_scalar(at::TensorIteratorBase &, c10::Scalar, c10::Scalar, at::native::detail::ClampLimits)::[lambda() (instance 1)]::operator ()() const::[lambda() (instance 4)]::operator ()() const::[lambda(long) (instance 1)], std::array<char *, (unsigned long)2>>(int, T2, T3)"
reference_iteration::sampling_decode_b32::9,PushPop,78959,78959,1,1,2976,2976.0,2976.0,2976,2976,0.0,"void at::native::mbtopk::computeBlockwiseKthCounts<unsigned int>(T1 *, short *, unsigned int, unsigned int, unsigned int *)"
reference_iteration::sampling_decode_b32::9,PushPop,78959,78959,1,1,2944,2944.0,2944.0,2944,2944,0.0,"void at::native::elementwise_kernel<(int)128, (int)2, void at::native::gpu_kernel_impl_nocast<at::native::AUnaryFunctor<float, float, float, at::native::binary_internal::MulFunctor<float>>>(at::TensorIteratorBase &, const T1 &)::[lambda(int) (instance 1)]>(int, T3)"
reference_iteration::sampling_decode_b32::9,PushPop,78959,78959,1,1,2688,2688.0,2688.0,2688,2688,0.0,"void at::native::vectorized_elementwise_kernel<(int)4, at::native::FillFunctor<float>, std::array<char *, (unsigned long)1>>(int, T2, T3)"
reference_iteration::sampling_decode_b32::9,PushPop,78959,78959,1,1,2624,2624.0,2624.0,2624,2624,0.0,"void at::native::mbtopk::fill<unsigned int, unsigned int>(T1 *, T1, T2)"
reference_iteration::small_n_linear_b1::0,PushPop,78959,78959,1,1,379056,379056.0,379056.0,379056,379056,0.0,"void gemv2T_kernel_val<int, int, __half, __half, __half, float, (int)128, (int)16, (int)2, (int)4, (bool)0, (bool)1, cublasGemvParams<cublasGemvTensorStridedBatched<const __half>, cublasGemvTensorStridedBatched<const __half>, cublasGemvTensorStridedBatched<__half>, float>>(T13, T6, T6)"
reference_iteration::small_n_linear_b1::1,PushPop,78959,78959,1,1,379088,379088.0,379088.0,379088,379088,0.0,"void gemv2T_kernel_val<int, int, __half, __half, __half, float, (int)128, (int)16, (int)2, (int)4, (bool)0, (bool)1, cublasGemvParams<cublasGemvTensorStridedBatched<const __half>, cublasGemvTensorStridedBatched<const __half>, cublasGemvTensorStridedBatched<__half>, float>>(T13, T6, T6)"
reference_iteration::small_n_linear_b1::10,PushPop,78959,78959,1,1,380369,380369.0,380369.0,380369,380369,0.0,"void gemv2T_kernel_val<int, int, __half, __half, __half, float, (int)128, (int)16, (int)2, (int)4, (bool)0, (bool)1, cublasGemvParams<cublasGemvTensorStridedBatched<const __half>, cublasGemvTensorStridedBatched<const __half>, cublasGemvTensorStridedBatched<__half>, float>>(T13, T6, T6)"
reference_iteration::small_n_linear_b1::11,PushPop,78959,78959,1,1,521386,521386.0,521386.0,521386,521386,0.0,"void gemv2T_kernel_val<int, int, __half, __half, __half, float, (int)128, (int)16, (int)2, (int)4, (bool)0, (bool)1, cublasGemvParams<cublasGemvTensorStridedBatched<const __half>, cublasGemvTensorStridedBatched<const __half>, cublasGemvTensorStridedBatched<__half>, float>>(T13, T6, T6)"
reference_iteration::small_n_linear_b1::2,PushPop,78959,78959,1,1,382288,382288.0,382288.0,382288,382288,0.0,"void gemv2T_kernel_val<int, int, __half, __half, __half, float, (int)128, (int)16, (int)2, (int)4, (bool)0, (bool)1, cublasGemvParams<cublasGemvTensorStridedBatched<const __half>, cublasGemvTensorStridedBatched<const __half>, cublasGemvTensorStridedBatched<__half>, float>>(T13, T6, T6)"
reference_iteration::small_n_linear_b1::3,PushPop,78959,78959,1,1,382448,382448.0,382448.0,382448,382448,0.0,"void gemv2T_kernel_val<int, int, __half, __half, __half, float, (int)128, (int)16, (int)2, (int)4, (bool)0, (bool)1, cublasGemvParams<cublasGemvTensorStridedBatched<const __half>, cublasGemvTensorStridedBatched<const __half>, cublasGemvTensorStridedBatched<__half>, float>>(T13, T6, T6)"
reference_iteration::small_n_linear_b1::4,PushPop,78959,78959,1,1,385168,385168.0,385168.0,385168,385168,0.0,"void gemv2T_kernel_val<int, int, __half, __half, __half, float, (int)128, (int)16, (int)2, (int)4, (bool)0, (bool)1, cublasGemvParams<cublasGemvTensorStridedBatched<const __half>, cublasGemvTensorStridedBatched<const __half>, cublasGemvTensorStridedBatched<__half>, float>>(T13, T6, T6)"
reference_iteration::small_n_linear_b1::5,PushPop,78959,78959,1,1,380273,380273.0,380273.0,380273,380273,0.0,"void gemv2T_kernel_val<int, int, __half, __half, __half, float, (int)128, (int)16, (int)2, (int)4, (bool)0, (bool)1, cublasGemvParams<cublasGemvTensorStridedBatched<const __half>, cublasGemvTensorStridedBatched<const __half>, cublasGemvTensorStridedBatched<__half>, float>>(T13, T6, T6)"
reference_iteration::small_n_linear_b1::6,PushPop,78959,78959,1,1,379696,379696.0,379696.0,379696,379696,0.0,"void gemv2T_kernel_val<int, int, __half, __half, __half, float, (int)128, (int)16, (int)2, (int)4, (bool)0, (bool)1, cublasGemvParams<cublasGemvTensorStridedBatched<const __half>, cublasGemvTensorStridedBatched<const __half>, cublasGemvTensorStridedBatched<__half>, float>>(T13, T6, T6)"
reference_iteration::small_n_linear_b1::7,PushPop,78959,78959,1,1,382192,382192.0,382192.0,382192,382192,0.0,"void gemv2T_kernel_val<int, int, __half, __half, __half, float, (int)128, (int)16, (int)2, (int)4, (bool)0, (bool)1, cublasGemvParams<cublasGemvTensorStridedBatched<const __half>, cublasGemvTensorStridedBatched<const __half>, cublasGemvTensorStridedBatched<__half>, float>>(T13, T6, T6)"
reference_iteration::small_n_linear_b1::8,PushPop,78959,78959,1,1,378352,378352.0,378352.0,378352,378352,0.0,"void gemv2T_kernel_val<int, int, __half, __half, __half, float, (int)128, (int)16, (int)2, (int)4, (bool)0, (bool)1, cublasGemvParams<cublasGemvTensorStridedBatched<const __half>, cublasGemvTensorStridedBatched<const __half>, cublasGemvTensorStridedBatched<__half>, float>>(T13, T6, T6)"
reference_iteration::small_n_linear_b1::9,PushPop,78959,78959,1,1,376752,376752.0,376752.0,376752,376752,0.0,"void gemv2T_kernel_val<int, int, __half, __half, __half, float, (int)128, (int)16, (int)2, (int)4, (bool)0, (bool)1, cublasGemvParams<cublasGemvTensorStridedBatched<const __half>, cublasGemvTensorStridedBatched<const __half>, cublasGemvTensorStridedBatched<__half>, float>>(T13, T6, T6)"
reference_iteration::swiglu_decode_b1::0,PushPop,78959,78959,1,4,19808,4952.0,4208.0,4192,7200,1498.7,"void at::native::unrolled_elementwise_kernel<at::native::direct_copy_kernel_cuda(at::TensorIteratorBase &)::[lambda() (instance 3)]::operator ()() const::[lambda() (instance 7)]::operator ()() const::[lambda(float) (instance 1)], std::array<char *, (unsigned long)2>, (int)4, TrivialOffsetCalculator<(int)1, unsigned int>, TrivialOffsetCalculator<(int)1, unsigned int>, at::native::memory::LoadWithCast<(int)1>, at::native::memory::StoreWithCast<(int)1>>(int, T1, T2, T4, T5, T6, T7)"
reference_iteration::swiglu_decode_b1::0,PushPop,78959,78959,1,2,6143,3071.5,3071.5,2528,3615,768.6,"void at::native::vectorized_elementwise_kernel<(int)4, at::native::CUDAFunctor_add<float>, std::array<char *, (unsigned long)3>>(int, T2, T3)"
reference_iteration::swiglu_decode_b1::0,PushPop,78959,78959,1,1,5792,5792.0,5792.0,5792,5792,0.0,"void at::native::vectorized_elementwise_kernel<(int)4, at::native::<unnamed>::silu_kernel(at::TensorIteratorBase &)::[lambda() (instance 1)]::operator ()() const::[lambda() (instance 2)]::operator ()() const::[lambda(float) (instance 1)], std::array<char *, (unsigned long)2>>(int, T2, T3)"
reference_iteration::swiglu_decode_b1::0,PushPop,78959,78959,1,1,3488,3488.0,3488.0,3488,3488,0.0,"void at::native::vectorized_elementwise_kernel<(int)4, at::native::BinaryFunctor<float, float, float, at::native::binary_internal::MulFunctor<float>>, std::array<char *, (unsigned long)3>>(int, T2, T3)"
reference_iteration::swiglu_decode_b1::0,PushPop,78959,78959,1,1,3072,3072.0,3072.0,3072,3072,0.0,"void at::native::vectorized_elementwise_kernel<(int)4, at::native::float16_copy_kernel_cuda(at::TensorIteratorBase &)::[lambda(float) (instance 1)], std::array<char *, (unsigned long)2>>(int, T2, T3)"
reference_iteration::swiglu_decode_b1::1,PushPop,78959,78959,1,4,17120,4280.0,4208.0,4160,4544,177.9,"void at::native::unrolled_elementwise_kernel<at::native::direct_copy_kernel_cuda(at::TensorIteratorBase &)::[lambda() (instance 3)]::operator ()() const::[lambda() (instance 7)]::operator ()() const::[lambda(float) (instance 1)], std::array<char *, (unsigned long)2>, (int)4, TrivialOffsetCalculator<(int)1, unsigned int>, TrivialOffsetCalculator<(int)1, unsigned int>, at::native::memory::LoadWithCast<(int)1>, at::native::memory::StoreWithCast<(int)1>>(int, T1, T2, T4, T5, T6, T7)"
reference_iteration::swiglu_decode_b1::1,PushPop,78959,78959,1,2,5120,2560.0,2560.0,2560,2560,0.0,"void at::native::vectorized_elementwise_kernel<(int)4, at::native::CUDAFunctor_add<float>, std::array<char *, (unsigned long)3>>(int, T2, T3)"
reference_iteration::swiglu_decode_b1::1,PushPop,78959,78959,1,1,3296,3296.0,3296.0,3296,3296,0.0,"void at::native::vectorized_elementwise_kernel<(int)4, at::native::<unnamed>::silu_kernel(at::TensorIteratorBase &)::[lambda() (instance 1)]::operator ()() const::[lambda() (instance 2)]::operator ()() const::[lambda(float) (instance 1)], std::array<char *, (unsigned long)2>>(int, T2, T3)"
reference_iteration::swiglu_decode_b1::1,PushPop,78959,78959,1,1,2592,2592.0,2592.0,2592,2592,0.0,"void at::native::vectorized_elementwise_kernel<(int)4, at::native::BinaryFunctor<float, float, float, at::native::binary_internal::MulFunctor<float>>, std::array<char *, (unsigned long)3>>(int, T2, T3)"
reference_iteration::swiglu_decode_b1::1,PushPop,78959,78959,1,1,2496,2496.0,2496.0,2496,2496,0.0,"void at::native::vectorized_elementwise_kernel<(int)4, at::native::float16_copy_kernel_cuda(at::TensorIteratorBase &)::[lambda(float) (instance 1)], std::array<char *, (unsigned long)2>>(int, T2, T3)"
reference_iteration::swiglu_decode_b1::10,PushPop,78959,78959,1,4,16863,4215.8,4223.5,4160,4256,47.7,"void at::native::unrolled_elementwise_kernel<at::native::direct_copy_kernel_cuda(at::TensorIteratorBase &)::[lambda() (instance 3)]::operator ()() const::[lambda() (instance 7)]::operator ()() const::[lambda(float) (instance 1)], std::array<char *, (unsigned long)2>, (int)4, TrivialOffsetCalculator<(int)1, unsigned int>, TrivialOffsetCalculator<(int)1, unsigned int>, at::native::memory::LoadWithCast<(int)1>, at::native::memory::StoreWithCast<(int)1>>(int, T1, T2, T4, T5, T6, T7)"
reference_iteration::swiglu_decode_b1::10,PushPop,78959,78959,1,2,5153,2576.5,2576.5,2529,2624,67.2,"void at::native::vectorized_elementwise_kernel<(int)4, at::native::CUDAFunctor_add<float>, std::array<char *, (unsigned long)3>>(int, T2, T3)"
reference_iteration::swiglu_decode_b1::10,PushPop,78959,78959,1,1,3264,3264.0,3264.0,3264,3264,0.0,"void at::native::vectorized_elementwise_kernel<(int)4, at::native::<unnamed>::silu_kernel(at::TensorIteratorBase &)::[lambda() (instance 1)]::operator ()() const::[lambda() (instance 2)]::operator ()() const::[lambda(float) (instance 1)], std::array<char *, (unsigned long)2>>(int, T2, T3)"
reference_iteration::swiglu_decode_b1::10,PushPop,78959,78959,1,1,2752,2752.0,2752.0,2752,2752,0.0,"void at::native::vectorized_elementwise_kernel<(int)4, at::native::float16_copy_kernel_cuda(at::TensorIteratorBase &)::[lambda(float) (instance 1)], std::array<char *, (unsigned long)2>>(int, T2, T3)"
reference_iteration::swiglu_decode_b1::10,PushPop,78959,78959,1,1,2592,2592.0,2592.0,2592,2592,0.0,"void at::native::vectorized_elementwise_kernel<(int)4, at::native::BinaryFunctor<float, float, float, at::native::binary_internal::MulFunctor<float>>, std::array<char *, (unsigned long)3>>(int, T2, T3)"
reference_iteration::swiglu_decode_b1::11,PushPop,78959,78959,1,4,16928,4232.0,4240.0,4160,4288,66.0,"void at::native::unrolled_elementwise_kernel<at::native::direct_copy_kernel_cuda(at::TensorIteratorBase &)::[lambda() (instance 3)]::operator ()() const::[lambda() (instance 7)]::operator ()() const::[lambda(float) (instance 1)], std::array<char *, (unsigned long)2>, (int)4, TrivialOffsetCalculator<(int)1, unsigned int>, TrivialOffsetCalculator<(int)1, unsigned int>, at::native::memory::LoadWithCast<(int)1>, at::native::memory::StoreWithCast<(int)1>>(int, T1, T2, T4, T5, T6, T7)"
reference_iteration::swiglu_decode_b1::11,PushPop,78959,78959,1,2,5120,2560.0,2560.0,2560,2560,0.0,"void at::native::vectorized_elementwise_kernel<(int)4, at::native::CUDAFunctor_add<float>, std::array<char *, (unsigned long)3>>(int, T2, T3)"
reference_iteration::swiglu_decode_b1::11,PushPop,78959,78959,1,1,3296,3296.0,3296.0,3296,3296,0.0,"void at::native::vectorized_elementwise_kernel<(int)4, at::native::<unnamed>::silu_kernel(at::TensorIteratorBase &)::[lambda() (instance 1)]::operator ()() const::[lambda() (instance 2)]::operator ()() const::[lambda(float) (instance 1)], std::array<char *, (unsigned long)2>>(int, T2, T3)"
reference_iteration::swiglu_decode_b1::11,PushPop,78959,78959,1,1,2560,2560.0,2560.0,2560,2560,0.0,"void at::native::vectorized_elementwise_kernel<(int)4, at::native::BinaryFunctor<float, float, float, at::native::binary_internal::MulFunctor<float>>, std::array<char *, (unsigned long)3>>(int, T2, T3)"
reference_iteration::swiglu_decode_b1::11,PushPop,78959,78959,1,1,2528,2528.0,2528.0,2528,2528,0.0,"void at::native::vectorized_elementwise_kernel<(int)4, at::native::float16_copy_kernel_cuda(at::TensorIteratorBase &)::[lambda(float) (instance 1)], std::array<char *, (unsigned long)2>>(int, T2, T3)"
reference_iteration::swiglu_decode_b1::2,PushPop,78959,78959,1,4,17024,4256.0,4192.0,4128,4512,173.3,"void at::native::unrolled_elementwise_kernel<at::native::direct_copy_kernel_cuda(at::TensorIteratorBase &)::[lambda() (instance 3)]::operator ()() const::[lambda() (instance 7)]::operator ()() const::[lambda(float) (instance 1)], std::array<char *, (unsigned long)2>, (int)4, TrivialOffsetCalculator<(int)1, unsigned int>, TrivialOffsetCalculator<(int)1, unsigned int>, at::native::memory::LoadWithCast<(int)1>, at::native::memory::StoreWithCast<(int)1>>(int, T1, T2, T4, T5, T6, T7)"
reference_iteration::swiglu_decode_b1::2,PushPop,78959,78959,1,2,5088,2544.0,2544.0,2528,2560,22.6,"void at::native::vectorized_elementwise_kernel<(int)4, at::native::CUDAFunctor_add<float>, std::array<char *, (unsigned long)3>>(int, T2, T3)"
reference_iteration::swiglu_decode_b1::2,PushPop,78959,78959,1,1,3264,3264.0,3264.0,3264,3264,0.0,"void at::native::vectorized_elementwise_kernel<(int)4, at::native::<unnamed>::silu_kernel(at::TensorIteratorBase &)::[lambda() (instance 1)]::operator ()() const::[lambda() (instance 2)]::operator ()() const::[lambda(float) (instance 1)], std::array<char *, (unsigned long)2>>(int, T2, T3)"
reference_iteration::swiglu_decode_b1::2,PushPop,78959,78959,1,1,2560,2560.0,2560.0,2560,2560,0.0,"void at::native::vectorized_elementwise_kernel<(int)4, at::native::BinaryFunctor<float, float, float, at::native::binary_internal::MulFunctor<float>>, std::array<char *, (unsigned long)3>>(int, T2, T3)"
reference_iteration::swiglu_decode_b1::2,PushPop,78959,78959,1,1,2496,2496.0,2496.0,2496,2496,0.0,"void at::native::vectorized_elementwise_kernel<(int)4, at::native::float16_copy_kernel_cuda(at::TensorIteratorBase &)::[lambda(float) (instance 1)], std::array<char *, (unsigned long)2>>(int, T2, T3)"
reference_iteration::swiglu_decode_b1::3,PushPop,78959,78959,1,4,16768,4192.0,4176.0,4160,4256,45.3,"void at::native::unrolled_elementwise_kernel<at::native::direct_copy_kernel_cuda(at::TensorIteratorBase &)::[lambda() (instance 3)]::operator ()() const::[lambda() (instance 7)]::operator ()() const::[lambda(float) (instance 1)], std::array<char *, (unsigned long)2>, (int)4, TrivialOffsetCalculator<(int)1, unsigned int>, TrivialOffsetCalculator<(int)1, unsigned int>, at::native::memory::LoadWithCast<(int)1>, at::native::memory::StoreWithCast<(int)1>>(int, T1, T2, T4, T5, T6, T7)"
reference_iteration::swiglu_decode_b1::3,PushPop,78959,78959,1,2,5120,2560.0,2560.0,2528,2592,45.3,"void at::native::vectorized_elementwise_kernel<(int)4, at::native::CUDAFunctor_add<float>, std::array<char *, (unsigned long)3>>(int, T2, T3)"
reference_iteration::swiglu_decode_b1::3,PushPop,78959,78959,1,1,3264,3264.0,3264.0,3264,3264,0.0,"void at::native::vectorized_elementwise_kernel<(int)4, at::native::<unnamed>::silu_kernel(at::TensorIteratorBase &)::[lambda() (instance 1)]::operator ()() const::[lambda() (instance 2)]::operator ()() const::[lambda(float) (instance 1)], std::array<char *, (unsigned long)2>>(int, T2, T3)"
reference_iteration::swiglu_decode_b1::3,PushPop,78959,78959,1,1,2560,2560.0,2560.0,2560,2560,0.0,"void at::native::vectorized_elementwise_kernel<(int)4, at::native::BinaryFunctor<float, float, float, at::native::binary_internal::MulFunctor<float>>, std::array<char *, (unsigned long)3>>(int, T2, T3)"
reference_iteration::swiglu_decode_b1::3,PushPop,78959,78959,1,1,2496,2496.0,2496.0,2496,2496,0.0,"void at::native::vectorized_elementwise_kernel<(int)4, at::native::float16_copy_kernel_cuda(at::TensorIteratorBase &)::[lambda(float) (instance 1)], std::array<char *, (unsigned long)2>>(int, T2, T3)"
reference_iteration::swiglu_decode_b1::4,PushPop,78959,78959,1,4,16800,4200.0,4192.0,4160,4256,40.3,"void at::native::unrolled_elementwise_kernel<at::native::direct_copy_kernel_cuda(at::TensorIteratorBase &)::[lambda() (instance 3)]::operator ()() const::[lambda() (instance 7)]::operator ()() const::[lambda(float) (instance 1)], std::array<char *, (unsigned long)2>, (int)4, TrivialOffsetCalculator<(int)1, unsigned int>, TrivialOffsetCalculator<(int)1, unsigned int>, at::native::memory::LoadWithCast<(int)1>, at::native::memory::StoreWithCast<(int)1>>(int, T1, T2, T4, T5, T6, T7)"
reference_iteration::swiglu_decode_b1::4,PushPop,78959,78959,1,2,5056,2528.0,2528.0,2496,2560,45.3,"void at::native::vectorized_elementwise_kernel<(int)4, at::native::CUDAFunctor_add<float>, std::array<char *, (unsigned long)3>>(int, T2, T3)"
reference_iteration::swiglu_decode_b1::4,PushPop,78959,78959,1,1,3296,3296.0,3296.0,3296,3296,0.0,"void at::native::vectorized_elementwise_kernel<(int)4, at::native::<unnamed>::silu_kernel(at::TensorIteratorBase &)::[lambda() (instance 1)]::operator ()() const::[lambda() (instance 2)]::operator ()() const::[lambda(float) (instance 1)], std::array<char *, (unsigned long)2>>(int, T2, T3)"
reference_iteration::swiglu_decode_b1::4,PushPop,78959,78959,1,1,2592,2592.0,2592.0,2592,2592,0.0,"void at::native::vectorized_elementwise_kernel<(int)4, at::native::float16_copy_kernel_cuda(at::TensorIteratorBase &)::[lambda(float) (instance 1)], std::array<char *, (unsigned long)2>>(int, T2, T3)"
reference_iteration::swiglu_decode_b1::4,PushPop,78959,78959,1,1,2560,2560.0,2560.0,2560,2560,0.0,"void at::native::vectorized_elementwise_kernel<(int)4, at::native::BinaryFunctor<float, float, float, at::native::binary_internal::MulFunctor<float>>, std::array<char *, (unsigned long)3>>(int, T2, T3)"
reference_iteration::swiglu_decode_b1::5,PushPop,78959,78959,1,4,16831,4207.8,4192.0,4160,4287,54.9,"void at::native::unrolled_elementwise_kernel<at::native::direct_copy_kernel_cuda(at::TensorIteratorBase &)::[lambda() (instance 3)]::operator ()() const::[lambda() (instance 7)]::operator ()() const::[lambda(float) (instance 1)], std::array<char *, (unsigned long)2>, (int)4, TrivialOffsetCalculator<(int)1, unsigned int>, TrivialOffsetCalculator<(int)1, unsigned int>, at::native::memory::LoadWithCast<(int)1>, at::native::memory::StoreWithCast<(int)1>>(int, T1, T2, T4, T5, T6, T7)"
reference_iteration::swiglu_decode_b1::5,PushPop,78959,78959,1,2,5119,2559.5,2559.5,2559,2560,0.7,"void at::native::vectorized_elementwise_kernel<(int)4, at::native::CUDAFunctor_add<float>, std::array<char *, (unsigned long)3>>(int, T2, T3)"
reference_iteration::swiglu_decode_b1::5,PushPop,78959,78959,1,1,3264,3264.0,3264.0,3264,3264,0.0,"void at::native::vectorized_elementwise_kernel<(int)4, at::native::<unnamed>::silu_kernel(at::TensorIteratorBase &)::[lambda() (instance 1)]::operator ()() const::[lambda() (instance 2)]::operator ()() const::[lambda(float) (instance 1)], std::array<char *, (unsigned long)2>>(int, T2, T3)"
reference_iteration::swiglu_decode_b1::5,PushPop,78959,78959,1,1,2560,2560.0,2560.0,2560,2560,0.0,"void at::native::vectorized_elementwise_kernel<(int)4, at::native::BinaryFunctor<float, float, float, at::native::binary_internal::MulFunctor<float>>, std::array<char *, (unsigned long)3>>(int, T2, T3)"
reference_iteration::swiglu_decode_b1::5,PushPop,78959,78959,1,1,2496,2496.0,2496.0,2496,2496,0.0,"void at::native::vectorized_elementwise_kernel<(int)4, at::native::float16_copy_kernel_cuda(at::TensorIteratorBase &)::[lambda(float) (instance 1)], std::array<char *, (unsigned long)2>>(int, T2, T3)"
reference_iteration::swiglu_decode_b1::6,PushPop,78959,78959,1,4,16862,4215.5,4207.0,4160,4288,54.8,"void at::native::unrolled_elementwise_kernel<at::native::direct_copy_kernel_cuda(at::TensorIteratorBase &)::[lambda() (instance 3)]::operator ()() const::[lambda() (instance 7)]::operator ()() const::[lambda(float) (instance 1)], std::array<char *, (unsigned long)2>, (int)4, TrivialOffsetCalculator<(int)1, unsigned int>, TrivialOffsetCalculator<(int)1, unsigned int>, at::native::memory::LoadWithCast<(int)1>, at::native::memory::StoreWithCast<(int)1>>(int, T1, T2, T4, T5, T6, T7)"
reference_iteration::swiglu_decode_b1::6,PushPop,78959,78959,1,2,5120,2560.0,2560.0,2528,2592,45.3,"void at::native::vectorized_elementwise_kernel<(int)4, at::native::CUDAFunctor_add<float>, std::array<char *, (unsigned long)3>>(int, T2, T3)"
reference_iteration::swiglu_decode_b1::6,PushPop,78959,78959,1,1,3264,3264.0,3264.0,3264,3264,0.0,"void at::native::vectorized_elementwise_kernel<(int)4, at::native::<unnamed>::silu_kernel(at::TensorIteratorBase &)::[lambda() (instance 1)]::operator ()() const::[lambda() (instance 2)]::operator ()() const::[lambda(float) (instance 1)], std::array<char *, (unsigned long)2>>(int, T2, T3)"
reference_iteration::swiglu_decode_b1::6,PushPop,78959,78959,1,1,2560,2560.0,2560.0,2560,2560,0.0,"void at::native::vectorized_elementwise_kernel<(int)4, at::native::BinaryFunctor<float, float, float, at::native::binary_internal::MulFunctor<float>>, std::array<char *, (unsigned long)3>>(int, T2, T3)"
reference_iteration::swiglu_decode_b1::6,PushPop,78959,78959,1,1,2496,2496.0,2496.0,2496,2496,0.0,"void at::native::vectorized_elementwise_kernel<(int)4, at::native::float16_copy_kernel_cuda(at::TensorIteratorBase &)::[lambda(float) (instance 1)], std::array<char *, (unsigned long)2>>(int, T2, T3)"
reference_iteration::swiglu_decode_b1::7,PushPop,78959,78959,1,4,16864,4216.0,4192.0,4192,4288,48.0,"void at::native::unrolled_elementwise_kernel<at::native::direct_copy_kernel_cuda(at::TensorIteratorBase &)::[lambda() (instance 3)]::operator ()() const::[lambda() (instance 7)]::operator ()() const::[lambda(float) (instance 1)], std::array<char *, (unsigned long)2>, (int)4, TrivialOffsetCalculator<(int)1, unsigned int>, TrivialOffsetCalculator<(int)1, unsigned int>, at::native::memory::LoadWithCast<(int)1>, at::native::memory::StoreWithCast<(int)1>>(int, T1, T2, T4, T5, T6, T7)"
reference_iteration::swiglu_decode_b1::7,PushPop,78959,78959,1,2,5088,2544.0,2544.0,2528,2560,22.6,"void at::native::vectorized_elementwise_kernel<(int)4, at::native::CUDAFunctor_add<float>, std::array<char *, (unsigned long)3>>(int, T2, T3)"
reference_iteration::swiglu_decode_b1::7,PushPop,78959,78959,1,1,3264,3264.0,3264.0,3264,3264,0.0,"void at::native::vectorized_elementwise_kernel<(int)4, at::native::<unnamed>::silu_kernel(at::TensorIteratorBase &)::[lambda() (instance 1)]::operator ()() const::[lambda() (instance 2)]::operator ()() const::[lambda(float) (instance 1)], std::array<char *, (unsigned long)2>>(int, T2, T3)"
reference_iteration::swiglu_decode_b1::7,PushPop,78959,78959,1,1,2560,2560.0,2560.0,2560,2560,0.0,"void at::native::vectorized_elementwise_kernel<(int)4, at::native::BinaryFunctor<float, float, float, at::native::binary_internal::MulFunctor<float>>, std::array<char *, (unsigned long)3>>(int, T2, T3)"
reference_iteration::swiglu_decode_b1::7,PushPop,78959,78959,1,1,2496,2496.0,2496.0,2496,2496,0.0,"void at::native::vectorized_elementwise_kernel<(int)4, at::native::float16_copy_kernel_cuda(at::TensorIteratorBase &)::[lambda(float) (instance 1)], std::array<char *, (unsigned long)2>>(int, T2, T3)"
reference_iteration::swiglu_decode_b1::8,PushPop,78959,78959,1,4,27135,6783.8,4224.0,4191,14496,5141.6,"void at::native::unrolled_elementwise_kernel<at::native::direct_copy_kernel_cuda(at::TensorIteratorBase &)::[lambda() (instance 3)]::operator ()() const::[lambda() (instance 7)]::operator ()() const::[lambda(float) (instance 1)], std::array<char *, (unsigned long)2>, (int)4, TrivialOffsetCalculator<(int)1, unsigned int>, TrivialOffsetCalculator<(int)1, unsigned int>, at::native::memory::LoadWithCast<(int)1>, at::native::memory::StoreWithCast<(int)1>>(int, T1, T2, T4, T5, T6, T7)"
reference_iteration::swiglu_decode_b1::8,PushPop,78959,78959,1,2,5152,2576.0,2576.0,2560,2592,22.6,"void at::native::vectorized_elementwise_kernel<(int)4, at::native::CUDAFunctor_add<float>, std::array<char *, (unsigned long)3>>(int, T2, T3)"
reference_iteration::swiglu_decode_b1::8,PushPop,78959,78959,1,1,3232,3232.0,3232.0,3232,3232,0.0,"void at::native::vectorized_elementwise_kernel<(int)4, at::native::<unnamed>::silu_kernel(at::TensorIteratorBase &)::[lambda() (instance 1)]::operator ()() const::[lambda() (instance 2)]::operator ()() const::[lambda(float) (instance 1)], std::array<char *, (unsigned long)2>>(int, T2, T3)"
reference_iteration::swiglu_decode_b1::8,PushPop,78959,78959,1,1,2688,2688.0,2688.0,2688,2688,0.0,"void at::native::vectorized_elementwise_kernel<(int)4, at::native::BinaryFunctor<float, float, float, at::native::binary_internal::MulFunctor<float>>, std::array<char *, (unsigned long)3>>(int, T2, T3)"
reference_iteration::swiglu_decode_b1::8,PushPop,78959,78959,1,1,2464,2464.0,2464.0,2464,2464,0.0,"void at::native::vectorized_elementwise_kernel<(int)4, at::native::float16_copy_kernel_cuda(at::TensorIteratorBase &)::[lambda(float) (instance 1)], std::array<char *, (unsigned long)2>>(int, T2, T3)"
reference_iteration::swiglu_decode_b1::9,PushPop,78959,78959,1,4,16927,4231.8,4239.5,4192,4256,30.4,"void at::native::unrolled_elementwise_kernel<at::native::direct_copy_kernel_cuda(at::TensorIteratorBase &)::[lambda() (instance 3)]::operator ()() const::[lambda() (instance 7)]::operator ()() const::[lambda(float) (instance 1)], std::array<char *, (unsigned long)2>, (int)4, TrivialOffsetCalculator<(int)1, unsigned int>, TrivialOffsetCalculator<(int)1, unsigned int>, at::native::memory::LoadWithCast<(int)1>, at::native::memory::StoreWithCast<(int)1>>(int, T1, T2, T4, T5, T6, T7)"
reference_iteration::swiglu_decode_b1::9,PushPop,78959,78959,1,2,5184,2592.0,2592.0,2528,2656,90.5,"void at::native::vectorized_elementwise_kernel<(int)4, at::native::CUDAFunctor_add<float>, std::array<char *, (unsigned long)3>>(int, T2, T3)"
reference_iteration::swiglu_decode_b1::9,PushPop,78959,78959,1,1,3264,3264.0,3264.0,3264,3264,0.0,"void at::native::vectorized_elementwise_kernel<(int)4, at::native::<unnamed>::silu_kernel(at::TensorIteratorBase &)::[lambda() (instance 1)]::operator ()() const::[lambda() (instance 2)]::operator ()() const::[lambda(float) (instance 1)], std::array<char *, (unsigned long)2>>(int, T2, T3)"
reference_iteration::swiglu_decode_b1::9,PushPop,78959,78959,1,1,2559,2559.0,2559.0,2559,2559,0.0,"void at::native::vectorized_elementwise_kernel<(int)4, at::native::BinaryFunctor<float, float, float, at::native::binary_internal::MulFunctor<float>>, std::array<char *, (unsigned long)3>>(int, T2, T3)"
reference_iteration::swiglu_decode_b1::9,PushPop,78959,78959,1,1,2496,2496.0,2496.0,2496,2496,0.0,"void at::native::vectorized_elementwise_kernel<(int)4, at::native::float16_copy_kernel_cuda(at::TensorIteratorBase &)::[lambda(float) (instance 1)], std::array<char *, (unsigned long)2>>(int, T2, T3)"
reference_iteration::swiglu_decode_b32::0,PushPop,78959,78959,1,4,122298,30574.5,30286.5,4863,56862,29637.5,"void at::native::unrolled_elementwise_kernel<at::native::direct_copy_kernel_cuda(at::TensorIteratorBase &)::[lambda() (instance 3)]::operator ()() const::[lambda() (instance 7)]::operator ()() const::[lambda(float) (instance 1)], std::array<char *, (unsigned long)2>, (int)4, TrivialOffsetCalculator<(int)1, unsigned int>, TrivialOffsetCalculator<(int)1, unsigned int>, at::native::memory::LoadWithCast<(int)1>, at::native::memory::StoreWithCast<(int)1>>(int, T1, T2, T4, T5, T6, T7)"
reference_iteration::swiglu_decode_b32::0,PushPop,78959,78959,1,2,67869,33934.5,33934.5,33502,34367,611.6,"void at::native::elementwise_kernel<(int)128, (int)2, void at::native::gpu_kernel_impl_nocast<at::native::CUDAFunctor_add<float>>(at::TensorIteratorBase &, const T1 &)::[lambda(int) (instance 1)]>(int, T3)"
reference_iteration::swiglu_decode_b32::0,PushPop,78959,78959,1,1,45566,45566.0,45566.0,45566,45566,0.0,"void at::native::vectorized_elementwise_kernel<(int)4, at::native::BinaryFunctor<float, float, float, at::native::binary_internal::MulFunctor<float>>, std::array<char *, (unsigned long)3>>(int, T2, T3)"
reference_iteration::swiglu_decode_b32::0,PushPop,78959,78959,1,1,31583,31583.0,31583.0,31583,31583,0.0,"void at::native::vectorized_elementwise_kernel<(int)4, at::native::<unnamed>::silu_kernel(at::TensorIteratorBase &)::[lambda() (instance 1)]::operator ()() const::[lambda() (instance 2)]::operator ()() const::[lambda(float) (instance 1)], std::array<char *, (unsigned long)2>>(int, T2, T3)"
reference_iteration::swiglu_decode_b32::0,PushPop,78959,78959,1,1,23039,23039.0,23039.0,23039,23039,0.0,"void at::native::vectorized_elementwise_kernel<(int)4, at::native::float16_copy_kernel_cuda(at::TensorIteratorBase &)::[lambda(float) (instance 1)], std::array<char *, (unsigned long)2>>(int, T2, T3)"
reference_iteration::swiglu_decode_b32::1,PushPop,78959,78959,1,4,122010,30502.5,30351.0,4927,56381,29495.8,"void at::native::unrolled_elementwise_kernel<at::native::direct_copy_kernel_cuda(at::TensorIteratorBase &)::[lambda() (instance 3)]::operator ()() const::[lambda() (instance 7)]::operator ()() const::[lambda(float) (instance 1)], std::array<char *, (unsigned long)2>, (int)4, TrivialOffsetCalculator<(int)1, unsigned int>, TrivialOffsetCalculator<(int)1, unsigned int>, at::native::memory::LoadWithCast<(int)1>, at::native::memory::StoreWithCast<(int)1>>(int, T1, T2, T4, T5, T6, T7)"
reference_iteration::swiglu_decode_b32::1,PushPop,78959,78959,1,2,71838,35919.0,35919.0,34015,37823,2692.7,"void at::native::elementwise_kernel<(int)128, (int)2, void at::native::gpu_kernel_impl_nocast<at::native::CUDAFunctor_add<float>>(at::TensorIteratorBase &, const T1 &)::[lambda(int) (instance 1)]>(int, T3)"
reference_iteration::swiglu_decode_b32::1,PushPop,78959,78959,1,1,53278,53278.0,53278.0,53278,53278,0.0,"void at::native::vectorized_elementwise_kernel<(int)4, at::native::BinaryFunctor<float, float, float, at::native::binary_internal::MulFunctor<float>>, std::array<char *, (unsigned long)3>>(int, T2, T3)"
reference_iteration::swiglu_decode_b32::1,PushPop,78959,78959,1,1,36478,36478.0,36478.0,36478,36478,0.0,"void at::native::vectorized_elementwise_kernel<(int)4, at::native::<unnamed>::silu_kernel(at::TensorIteratorBase &)::[lambda() (instance 1)]::operator ()() const::[lambda() (instance 2)]::operator ()() const::[lambda(float) (instance 1)], std::array<char *, (unsigned long)2>>(int, T2, T3)"
reference_iteration::swiglu_decode_b32::1,PushPop,78959,78959,1,1,24543,24543.0,24543.0,24543,24543,0.0,"void at::native::vectorized_elementwise_kernel<(int)4, at::native::float16_copy_kernel_cuda(at::TensorIteratorBase &)::[lambda(float) (instance 1)], std::array<char *, (unsigned long)2>>(int, T2, T3)"
reference_iteration::swiglu_decode_b32::10,PushPop,78959,78959,1,4,122812,30703.0,30351.0,4864,57246,29732.7,"void at::native::unrolled_elementwise_kernel<at::native::direct_copy_kernel_cuda(at::TensorIteratorBase &)::[lambda() (instance 3)]::operator ()() const::[lambda() (instance 7)]::operator ()() const::[lambda(float) (instance 1)], std::array<char *, (unsigned long)2>, (int)4, TrivialOffsetCalculator<(int)1, unsigned int>, TrivialOffsetCalculator<(int)1, unsigned int>, at::native::memory::LoadWithCast<(int)1>, at::native::memory::StoreWithCast<(int)1>>(int, T1, T2, T4, T5, T6, T7)"
reference_iteration::swiglu_decode_b32::10,PushPop,78959,78959,1,2,67613,33806.5,33806.5,33631,33982,248.2,"void at::native::elementwise_kernel<(int)128, (int)2, void at::native::gpu_kernel_impl_nocast<at::native::CUDAFunctor_add<float>>(at::TensorIteratorBase &, const T1 &)::[lambda(int) (instance 1)]>(int, T3)"
reference_iteration::swiglu_decode_b32::10,PushPop,78959,78959,1,1,45375,45375.0,45375.0,45375,45375,0.0,"void at::native::vectorized_elementwise_kernel<(int)4, at::native::BinaryFunctor<float, float, float, at::native::binary_internal::MulFunctor<float>>, std::array<char *, (unsigned long)3>>(int, T2, T3)"
reference_iteration::swiglu_decode_b32::10,PushPop,78959,78959,1,1,29918,29918.0,29918.0,29918,29918,0.0,"void at::native::vectorized_elementwise_kernel<(int)4, at::native::<unnamed>::silu_kernel(at::TensorIteratorBase &)::[lambda() (instance 1)]::operator ()() const::[lambda() (instance 2)]::operator ()() const::[lambda(float) (instance 1)], std::array<char *, (unsigned long)2>>(int, T2, T3)"
reference_iteration::swiglu_decode_b32::10,PushPop,78959,78959,1,1,22208,22208.0,22208.0,22208,22208,0.0,"void at::native::vectorized_elementwise_kernel<(int)4, at::native::float16_copy_kernel_cuda(at::TensorIteratorBase &)::[lambda(float) (instance 1)], std::array<char *, (unsigned long)2>>(int, T2, T3)"
reference_iteration::swiglu_decode_b32::11,PushPop,78959,78959,1,4,122524,30631.0,30479.0,4736,56830,29773.7,"void at::native::unrolled_elementwise_kernel<at::native::direct_copy_kernel_cuda(at::TensorIteratorBase &)::[lambda() (instance 3)]::operator ()() const::[lambda() (instance 7)]::operator ()() const::[lambda(float) (instance 1)], std::array<char *, (unsigned long)2>, (int)4, TrivialOffsetCalculator<(int)1, unsigned int>, TrivialOffsetCalculator<(int)1, unsigned int>, at::native::memory::LoadWithCast<(int)1>, at::native::memory::StoreWithCast<(int)1>>(int, T1, T2, T4, T5, T6, T7)"
reference_iteration::swiglu_decode_b32::11,PushPop,78959,78959,1,2,67581,33790.5,33790.5,33663,33918,180.3,"void at::native::elementwise_kernel<(int)128, (int)2, void at::native::gpu_kernel_impl_nocast<at::native::CUDAFunctor_add<float>>(at::TensorIteratorBase &, const T1 &)::[lambda(int) (instance 1)]>(int, T3)"
reference_iteration::swiglu_decode_b32::11,PushPop,78959,78959,1,1,45374,45374.0,45374.0,45374,45374,0.0,"void at::native::vectorized_elementwise_kernel<(int)4, at::native::BinaryFunctor<float, float, float, at::native::binary_internal::MulFunctor<float>>, std::array<char *, (unsigned long)3>>(int, T2, T3)"
reference_iteration::swiglu_decode_b32::11,PushPop,78959,78959,1,1,29406,29406.0,29406.0,29406,29406,0.0,"void at::native::vectorized_elementwise_kernel<(int)4, at::native::<unnamed>::silu_kernel(at::TensorIteratorBase &)::[lambda() (instance 1)]::operator ()() const::[lambda() (instance 2)]::operator ()() const::[lambda(float) (instance 1)], std::array<char *, (unsigned long)2>>(int, T2, T3)"
reference_iteration::swiglu_decode_b32::11,PushPop,78959,78959,1,1,22431,22431.0,22431.0,22431,22431,0.0,"void at::native::vectorized_elementwise_kernel<(int)4, at::native::float16_copy_kernel_cuda(at::TensorIteratorBase &)::[lambda(float) (instance 1)], std::array<char *, (unsigned long)2>>(int, T2, T3)"
reference_iteration::swiglu_decode_b32::2,PushPop,78959,78959,1,4,127035,31758.8,30910.5,4864,60350,31050.5,"void at::native::unrolled_elementwise_kernel<at::native::direct_copy_kernel_cuda(at::TensorIteratorBase &)::[lambda() (instance 3)]::operator ()() const::[lambda() (instance 7)]::operator ()() const::[lambda(float) (instance 1)], std::array<char *, (unsigned long)2>, (int)4, TrivialOffsetCalculator<(int)1, unsigned int>, TrivialOffsetCalculator<(int)1, unsigned int>, at::native::memory::LoadWithCast<(int)1>, at::native::memory::StoreWithCast<(int)1>>(int, T1, T2, T4, T5, T6, T7)"
reference_iteration::swiglu_decode_b32::2,PushPop,78959,78959,1,2,67678,33839.0,33839.0,33599,34079,339.4,"void at::native::elementwise_kernel<(int)128, (int)2, void at::native::gpu_kernel_impl_nocast<at::native::CUDAFunctor_add<float>>(at::TensorIteratorBase &, const T1 &)::[lambda(int) (instance 1)]>(int, T3)"
reference_iteration::swiglu_decode_b32::2,PushPop,78959,78959,1,1,45598,45598.0,45598.0,45598,45598,0.0,"void at::native::vectorized_elementwise_kernel<(int)4, at::native::BinaryFunctor<float, float, float, at::native::binary_internal::MulFunctor<float>>, std::array<char *, (unsigned long)3>>(int, T2, T3)"
reference_iteration::swiglu_decode_b32::2,PushPop,78959,78959,1,1,29599,29599.0,29599.0,29599,29599,0.0,"void at::native::vectorized_elementwise_kernel<(int)4, at::native::<unnamed>::silu_kernel(at::TensorIteratorBase &)::[lambda() (instance 1)]::operator ()() const::[lambda() (instance 2)]::operator ()() const::[lambda(float) (instance 1)], std::array<char *, (unsigned long)2>>(int, T2, T3)"
reference_iteration::swiglu_decode_b32::2,PushPop,78959,78959,1,1,22975,22975.0,22975.0,22975,22975,0.0,"void at::native::vectorized_elementwise_kernel<(int)4, at::native::float16_copy_kernel_cuda(at::TensorIteratorBase &)::[lambda(float) (instance 1)], std::array<char *, (unsigned long)2>>(int, T2, T3)"
reference_iteration::swiglu_decode_b32::3,PushPop,78959,78959,1,4,123259,30814.8,30590.5,4960,57118,29838.4,"void at::native::unrolled_elementwise_kernel<at::native::direct_copy_kernel_cuda(at::TensorIteratorBase &)::[lambda() (instance 3)]::operator ()() const::[lambda() (instance 7)]::operator ()() const::[lambda(float) (instance 1)], std::array<char *, (unsigned long)2>, (int)4, TrivialOffsetCalculator<(int)1, unsigned int>, TrivialOffsetCalculator<(int)1, unsigned int>, at::native::memory::LoadWithCast<(int)1>, at::native::memory::StoreWithCast<(int)1>>(int, T1, T2, T4, T5, T6, T7)"
reference_iteration::swiglu_decode_b32::3,PushPop,78959,78959,1,2,67613,33806.5,33806.5,33695,33918,157.7,"void at::native::elementwise_kernel<(int)128, (int)2, void at::native::gpu_kernel_impl_nocast<at::native::CUDAFunctor_add<float>>(at::TensorIteratorBase &, const T1 &)::[lambda(int) (instance 1)]>(int, T3)"
reference_iteration::swiglu_decode_b32::3,PushPop,78959,78959,1,1,45630,45630.0,45630.0,45630,45630,0.0,"void at::native::vectorized_elementwise_kernel<(int)4, at::native::BinaryFunctor<float, float, float, at::native::binary_internal::MulFunctor<float>>, std::array<char *, (unsigned long)3>>(int, T2, T3)"
reference_iteration::swiglu_decode_b32::3,PushPop,78959,78959,1,1,29662,29662.0,29662.0,29662,29662,0.0,"void at::native::vectorized_elementwise_kernel<(int)4, at::native::<unnamed>::silu_kernel(at::TensorIteratorBase &)::[lambda() (instance 1)]::operator ()() const::[lambda() (instance 2)]::operator ()() const::[lambda(float) (instance 1)], std::array<char *, (unsigned long)2>>(int, T2, T3)"
reference_iteration::swiglu_decode_b32::3,PushPop,78959,78959,1,1,23263,23263.0,23263.0,23263,23263,0.0,"void at::native::vectorized_elementwise_kernel<(int)4, at::native::float16_copy_kernel_cuda(at::TensorIteratorBase &)::[lambda(float) (instance 1)], std::array<char *, (unsigned long)2>>(int, T2, T3)"
reference_iteration::swiglu_decode_b32::4,PushPop,78959,78959,1,4,123004,30751.0,30703.0,4800,56798,29818.6,"void at::native::unrolled_elementwise_kernel<at::native::direct_copy_kernel_cuda(at::TensorIteratorBase &)::[lambda() (instance 3)]::operator ()() const::[lambda() (instance 7)]::operator ()() const::[lambda(float) (instance 1)], std::array<char *, (unsigned long)2>, (int)4, TrivialOffsetCalculator<(int)1, unsigned int>, TrivialOffsetCalculator<(int)1, unsigned int>, at::native::memory::LoadWithCast<(int)1>, at::native::memory::StoreWithCast<(int)1>>(int, T1, T2, T4, T5, T6, T7)"
reference_iteration::swiglu_decode_b32::4,PushPop,78959,78959,1,2,67260,33630.0,33630.0,33438,33822,271.5,"void at::native::elementwise_kernel<(int)128, (int)2, void at::native::gpu_kernel_impl_nocast<at::native::CUDAFunctor_add<float>>(at::TensorIteratorBase &, const T1 &)::[lambda(int) (instance 1)]>(int, T3)"
reference_iteration::swiglu_decode_b32::4,PushPop,78959,78959,1,1,45502,45502.0,45502.0,45502,45502,0.0,"void at::native::vectorized_elementwise_kernel<(int)4, at::native::BinaryFunctor<float, float, float, at::native::binary_internal::MulFunctor<float>>, std::array<char *, (unsigned long)3>>(int, T2, T3)"
reference_iteration::swiglu_decode_b32::4,PushPop,78959,78959,1,1,29023,29023.0,29023.0,29023,29023,0.0,"void at::native::vectorized_elementwise_kernel<(int)4, at::native::<unnamed>::silu_kernel(at::TensorIteratorBase &)::[lambda() (instance 1)]::operator ()() const::[lambda() (instance 2)]::operator ()() const::[lambda(float) (instance 1)], std::array<char *, (unsigned long)2>>(int, T2, T3)"
reference_iteration::swiglu_decode_b32::4,PushPop,78959,78959,1,1,23039,23039.0,23039.0,23039,23039,0.0,"void at::native::vectorized_elementwise_kernel<(int)4, at::native::float16_copy_kernel_cuda(at::TensorIteratorBase &)::[lambda(float) (instance 1)], std::array<char *, (unsigned long)2>>(int, T2, T3)"
reference_iteration::swiglu_decode_b32::5,PushPop,78959,78959,1,4,123227,30806.8,30799.0,4895,56734,29809.1,"void at::native::unrolled_elementwise_kernel<at::native::direct_copy_kernel_cuda(at::TensorIteratorBase &)::[lambda() (instance 3)]::operator ()() const::[lambda() (instance 7)]::operator ()() const::[lambda(float) (instance 1)], std::array<char *, (unsigned long)2>, (int)4, TrivialOffsetCalculator<(int)1, unsigned int>, TrivialOffsetCalculator<(int)1, unsigned int>, at::native::memory::LoadWithCast<(int)1>, at::native::memory::StoreWithCast<(int)1>>(int, T1, T2, T4, T5, T6, T7)"
reference_iteration::swiglu_decode_b32::5,PushPop,78959,78959,1,2,67357,33678.5,33678.5,33662,33695,23.3,"void at::native::elementwise_kernel<(int)128, (int)2, void at::native::gpu_kernel_impl_nocast<at::native::CUDAFunctor_add<float>>(at::TensorIteratorBase &, const T1 &)::[lambda(int) (instance 1)]>(int, T3)"
reference_iteration::swiglu_decode_b32::5,PushPop,78959,78959,1,1,45150,45150.0,45150.0,45150,45150,0.0,"void at::native::vectorized_elementwise_kernel<(int)4, at::native::BinaryFunctor<float, float, float, at::native::binary_internal::MulFunctor<float>>, std::array<char *, (unsigned long)3>>(int, T2, T3)"
reference_iteration::swiglu_decode_b32::5,PushPop,78959,78959,1,1,30015,30015.0,30015.0,30015,30015,0.0,"void at::native::vectorized_elementwise_kernel<(int)4, at::native::<unnamed>::silu_kernel(at::TensorIteratorBase &)::[lambda() (instance 1)]::operator ()() const::[lambda() (instance 2)]::operator ()() const::[lambda(float) (instance 1)], std::array<char *, (unsigned long)2>>(int, T2, T3)"
reference_iteration::swiglu_decode_b32::5,PushPop,78959,78959,1,1,23327,23327.0,23327.0,23327,23327,0.0,"void at::native::vectorized_elementwise_kernel<(int)4, at::native::float16_copy_kernel_cuda(at::TensorIteratorBase &)::[lambda(float) (instance 1)], std::array<char *, (unsigned long)2>>(int, T2, T3)"
reference_iteration::swiglu_decode_b32::6,PushPop,78959,78959,1,4,1001783,250445.8,30863.0,4928,935129,457106.3,"void at::native::unrolled_elementwise_kernel<at::native::direct_copy_kernel_cuda(at::TensorIteratorBase &)::[lambda() (instance 3)]::operator ()() const::[lambda() (instance 7)]::operator ()() const::[lambda(float) (instance 1)], std::array<char *, (unsigned long)2>, (int)4, TrivialOffsetCalculator<(int)1, unsigned int>, TrivialOffsetCalculator<(int)1, unsigned int>, at::native::memory::LoadWithCast<(int)1>, at::native::memory::StoreWithCast<(int)1>>(int, T1, T2, T4, T5, T6, T7)"
reference_iteration::swiglu_decode_b32::6,PushPop,78959,78959,1,2,68477,34238.5,34238.5,33823,34654,587.6,"void at::native::elementwise_kernel<(int)128, (int)2, void at::native::gpu_kernel_impl_nocast<at::native::CUDAFunctor_add<float>>(at::TensorIteratorBase &, const T1 &)::[lambda(int) (instance 1)]>(int, T3)"
reference_iteration::swiglu_decode_b32::6,PushPop,78959,78959,1,1,45118,45118.0,45118.0,45118,45118,0.0,"void at::native::vectorized_elementwise_kernel<(int)4, at::native::BinaryFunctor<float, float, float, at::native::binary_internal::MulFunctor<float>>, std::array<char *, (unsigned long)3>>(int, T2, T3)"
reference_iteration::swiglu_decode_b32::6,PushPop,78959,78959,1,1,31103,31103.0,31103.0,31103,31103,0.0,"void at::native::vectorized_elementwise_kernel<(int)4, at::native::<unnamed>::silu_kernel(at::TensorIteratorBase &)::[lambda() (instance 1)]::operator ()() const::[lambda() (instance 2)]::operator ()() const::[lambda(float) (instance 1)], std::array<char *, (unsigned long)2>>(int, T2, T3)"
reference_iteration::swiglu_decode_b32::6,PushPop,78959,78959,1,1,23007,23007.0,23007.0,23007,23007,0.0,"void at::native::vectorized_elementwise_kernel<(int)4, at::native::float16_copy_kernel_cuda(at::TensorIteratorBase &)::[lambda(float) (instance 1)], std::array<char *, (unsigned long)2>>(int, T2, T3)"
reference_iteration::swiglu_decode_b32::7,PushPop,78959,78959,1,4,122268,30567.0,30399.0,4832,56638,29534.5,"void at::native::unrolled_elementwise_kernel<at::native::direct_copy_kernel_cuda(at::TensorIteratorBase &)::[lambda() (instance 3)]::operator ()() const::[lambda() (instance 7)]::operator ()() const::[lambda(float) (instance 1)], std::array<char *, (unsigned long)2>, (int)4, TrivialOffsetCalculator<(int)1, unsigned int>, TrivialOffsetCalculator<(int)1, unsigned int>, at::native::memory::LoadWithCast<(int)1>, at::native::memory::StoreWithCast<(int)1>>(int, T1, T2, T4, T5, T6, T7)"
reference_iteration::swiglu_decode_b32::7,PushPop,78959,78959,1,2,67709,33854.5,33854.5,33726,33983,181.7,"void at::native::elementwise_kernel<(int)128, (int)2, void at::native::gpu_kernel_impl_nocast<at::native::CUDAFunctor_add<float>>(at::TensorIteratorBase &, const T1 &)::[lambda(int) (instance 1)]>(int, T3)"
reference_iteration::swiglu_decode_b32::7,PushPop,78959,78959,1,1,44734,44734.0,44734.0,44734,44734,0.0,"void at::native::vectorized_elementwise_kernel<(int)4, at::native::BinaryFunctor<float, float, float, at::native::binary_internal::MulFunctor<float>>, std::array<char *, (unsigned long)3>>(int, T2, T3)"
reference_iteration::swiglu_decode_b32::7,PushPop,78959,78959,1,1,29951,29951.0,29951.0,29951,29951,0.0,"void at::native::vectorized_elementwise_kernel<(int)4, at::native::<unnamed>::silu_kernel(at::TensorIteratorBase &)::[lambda() (instance 1)]::operator ()() const::[lambda() (instance 2)]::operator ()() const::[lambda(float) (instance 1)], std::array<char *, (unsigned long)2>>(int, T2, T3)"
reference_iteration::swiglu_decode_b32::7,PushPop,78959,78959,1,1,22847,22847.0,22847.0,22847,22847,0.0,"void at::native::vectorized_elementwise_kernel<(int)4, at::native::float16_copy_kernel_cuda(at::TensorIteratorBase &)::[lambda(float) (instance 1)], std::array<char *, (unsigned long)2>>(int, T2, T3)"
reference_iteration::swiglu_decode_b32::8,PushPop,78959,78959,1,4,122170,30542.5,30255.0,4767,56893,29602.2,"void at::native::unrolled_elementwise_kernel<at::native::direct_copy_kernel_cuda(at::TensorIteratorBase &)::[lambda() (instance 3)]::operator ()() const::[lambda() (instance 7)]::operator ()() const::[lambda(float) (instance 1)], std::array<char *, (unsigned long)2>, (int)4, TrivialOffsetCalculator<(int)1, unsigned int>, TrivialOffsetCalculator<(int)1, unsigned int>, at::native::memory::LoadWithCast<(int)1>, at::native::memory::StoreWithCast<(int)1>>(int, T1, T2, T4, T5, T6, T7)"
reference_iteration::swiglu_decode_b32::8,PushPop,78959,78959,1,2,67965,33982.5,33982.5,33886,34079,136.5,"void at::native::elementwise_kernel<(int)128, (int)2, void at::native::gpu_kernel_impl_nocast<at::native::CUDAFunctor_add<float>>(at::TensorIteratorBase &, const T1 &)::[lambda(int) (instance 1)]>(int, T3)"
reference_iteration::swiglu_decode_b32::8,PushPop,78959,78959,1,1,45246,45246.0,45246.0,45246,45246,0.0,"void at::native::vectorized_elementwise_kernel<(int)4, at::native::BinaryFunctor<float, float, float, at::native::binary_internal::MulFunctor<float>>, std::array<char *, (unsigned long)3>>(int, T2, T3)"
reference_iteration::swiglu_decode_b32::8,PushPop,78959,78959,1,1,29759,29759.0,29759.0,29759,29759,0.0,"void at::native::vectorized_elementwise_kernel<(int)4, at::native::<unnamed>::silu_kernel(at::TensorIteratorBase &)::[lambda() (instance 1)]::operator ()() const::[lambda() (instance 2)]::operator ()() const::[lambda(float) (instance 1)], std::array<char *, (unsigned long)2>>(int, T2, T3)"
reference_iteration::swiglu_decode_b32::8,PushPop,78959,78959,1,1,22943,22943.0,22943.0,22943,22943,0.0,"void at::native::vectorized_elementwise_kernel<(int)4, at::native::float16_copy_kernel_cuda(at::TensorIteratorBase &)::[lambda(float) (instance 1)], std::array<char *, (unsigned long)2>>(int, T2, T3)"
reference_iteration::swiglu_decode_b32::9,PushPop,78959,78959,1,4,121818,30454.5,30270.0,4832,56446,29496.9,"void at::native::unrolled_elementwise_kernel<at::native::direct_copy_kernel_cuda(at::TensorIteratorBase &)::[lambda() (instance 3)]::operator ()() const::[lambda() (instance 7)]::operator ()() const::[lambda(float) (instance 1)], std::array<char *, (unsigned long)2>, (int)4, TrivialOffsetCalculator<(int)1, unsigned int>, TrivialOffsetCalculator<(int)1, unsigned int>, at::native::memory::LoadWithCast<(int)1>, at::native::memory::StoreWithCast<(int)1>>(int, T1, T2, T4, T5, T6, T7)"
reference_iteration::swiglu_decode_b32::9,PushPop,78959,78959,1,2,68126,34063.0,34063.0,34047,34079,22.6,"void at::native::elementwise_kernel<(int)128, (int)2, void at::native::gpu_kernel_impl_nocast<at::native::CUDAFunctor_add<float>>(at::TensorIteratorBase &, const T1 &)::[lambda(int) (instance 1)]>(int, T3)"
reference_iteration::swiglu_decode_b32::9,PushPop,78959,78959,1,1,47742,47742.0,47742.0,47742,47742,0.0,"void at::native::vectorized_elementwise_kernel<(int)4, at::native::BinaryFunctor<float, float, float, at::native::binary_internal::MulFunctor<float>>, std::array<char *, (unsigned long)3>>(int, T2, T3)"
reference_iteration::swiglu_decode_b32::9,PushPop,78959,78959,1,1,31359,31359.0,31359.0,31359,31359,0.0,"void at::native::vectorized_elementwise_kernel<(int)4, at::native::<unnamed>::silu_kernel(at::TensorIteratorBase &)::[lambda() (instance 1)]::operator ()() const::[lambda() (instance 2)]::operator ()() const::[lambda(float) (instance 1)], std::array<char *, (unsigned long)2>>(int, T2, T3)"
reference_iteration::swiglu_decode_b32::9,PushPop,78959,78959,1,1,22207,22207.0,22207.0,22207,22207,0.0,"void at::native::vectorized_elementwise_kernel<(int)4, at::native::float16_copy_kernel_cuda(at::TensorIteratorBase &)::[lambda(float) (instance 1)], std::array<char *, (unsigned long)2>>(int, T2, T3)"
